id,店名,備考
g-ChIJ____rIKERTURH-yySt9eGKs,北浜大島屋,港町418の対象店の公式掲載はふぐ・日本料理中心。ラーメンの具体的メニューを再確認できず。検索結果の周辺店ちゃんぽんや味噌汁は根拠にしない。 保留項目：Style・Soup・Noodle・Character（具体的記述を確認できず）。 2026-10-09調査。根拠・確認先：https://s465900.gorp.jp/ 食べログメニュー確認先：https://tabelog.com/ehime/A3803/A380302/38005309/dtlmenu/（一部ページ閲覧不可のため口コミ・公式情報で補完）。 更新前タグ：Style=ラーメン / Soup= / Noodle= / Character=。
g-ChIJ__-WNEcwUDUR_jiZx1RQhec,丸啓,【タグ保留】味のあっさり／こってり分類未確認。中華そば・豚骨・細ストレート麺・白濁スープを口コミで確認。旧あっさりは確認未了のため除外。 タグ調査：2026-10-08。出典：https://tabelog.com/ehime/A3802/A380201/38006178/dtlrvwlst/B202556430/ https://blog.livedoor.jp/hidegoforbroke/archives/10848506.html
g-ChIJ_0wGZ7-FTzURRdysqhUb1Wo,IZAKAYAにこり,内子1148-1の対象店を照合。ラーメンの自動集計キーワードはあるが、具体的な注文・メニュー品名を再確認できず。湯河原のしあわせ中華そば食堂にこりは別店。既存醤油・塩・味噌も保留。 保留項目：Style・Soup・Noodle・Character（具体的記述を確認できず）。 2026-10-09調査。根拠・確認先：https://r.gnavi.co.jp/a83xg6xr0000/ ; https://restaurantguru.jp/Nikori-Uchiko 食べログメニュー確認先：https://tabelog.com/ehime/A3803/A380303/38012686/dtlmenu/（一部ページ閲覧不可のため口コミ・公式情報で補完）。 更新前タグ：Style=ラーメン / Soup=醤油｜塩｜味噌 / Noodle= / Character=。
g-ChIJ_5cKa1nlTzURl0BnNw0wYgs,長楽,2026-10-09 タグ再調査：食べログメニュー欄・実食記載に麻婆ラーメン、店舗口コミに特製担々麺。出汁・麺太さ・具体的辛さを本文で確証できずSoup/Noodle/Character保留。台湾ラーメン風という比較から辛麺分類はしない。 根拠URL：https://tabelog.com/ehime/A3801/A380101/38001663/dtlmenu/photo/ ; https://ehime-epuri.jp/52572 ; https://retty.me/area/PRE38/ARE145/SUB14501/100000856754/
g-ChIJ_6tKqRHvTzURIF0yjZHo__o,うどん麦わら 麺処むぎ家,【タグ保留】Soup：節は移転前の和風合わせだしの説明。現店舗で同スープを継続しているかは未確認。Noodle：油そばは中太／太の記述差あり。 【タグ調査 2026-10-08】古川西2-8-1のうどん麦わらとのダブルブランド店を照合。醤油とんこつは家系、油そば、辛つけ麺もメニューに記録。家系麺は細、油そばは中太との実食。太麺とする記事もあり確定は保留。自家製うどんの記述だけで中華麺に自家製タグを付けない。 根拠：https://map.yahoo.co.jp/v3/place/tJM5TmRkC6o/menu https://www.michikusaehime.com/udonmugiwara/ https://ehimesasurai.blog.jp/archives/57187622.html https://ameblo.jp/tomeo28119/entry-12806331295.html https://matsuyama.keizai.biz/headline/2052/
g-ChIJ_THo1c_OUTUR868-lz0qdXE,らーめん亭,"【タグ調査 2026-10-09】メニュー・注文口コミに通常ラーメン・塩・味噌・ちゃんぽん。店主提供の商工会議所資料に丸ごと野菜と鶏ガラのあっさり味噌ホルモン。保留：麺の太さ（旧中太麺タグの明確な裏付け不足）、現在の出汁配合の継続。
根拠URL：https://tabelog.com/ehime/A3802/A380203/38000310/ | https://www.niicci.or.jp/wp/wp-content/uploads/2020/05/5.28shoplist.pdf | https://tabelog.com/ehime/A3802/A380203/38000310/dtlmenu/photo/ | https://tabelog.com/ehime/A3802/A380203/38000310/dtlrvwlst/"
g-ChIJ_wqFrkHPUTUR21VN6k3uktw,横浜家系ラーメン 百寅家,"【タグ調査 2026-10-09】イオン公式が醤油豚骨・塩豚骨と太ストレート麺を明記。口コミ・店舗メニューに細麺選択と屋台風中華そば。ニンニクは卓上追加時。保留：中華そばの出汁の内訳、辛味商品とつけ麺の現行提供。
根拠URL：https://tabelog.com/ehime/A3802/A380203/38014421/ | https://niihama.aeonmall.jp/gourmet/2bda5ada-21a9-4ba0-8121-72ffb90f160b | https://tabelog.com/ehime/A3802/A380203/38014421/dtlrvwlst/B482287742/ | https://tabelog.com/ehime/A3802/A380203/38014421/dtlrvwlst/B457789296/"
g-ChIJ_wVeX-7lTzURrv4GSx0zaDY,瀬戸内ラーメン あづま家 二番町店,"【タグ調査 2026-10-08】食べログ店舗PRは鶏ガラ・豚骨・いりこ・鯵節・鯖節・鰹節を明記。醤油・塩、つけ麺、台湾まぜそば、あっさり／こってり商品を確認。2025年口コミの細縮れ麺。保留：麺の太さ（細／中細の表現差と商品別仕様）、まぜそばの現在の提供。千舟町店の中太麺は転用しない。
根拠URL：https://tabelog.com/ehime/A3801/A380101/38007681/ | https://tabelog.com/ehime/A3801/A380101/38007681/dtlrvwlst/B523388985/ | https://chipnoblog.com/archives/35930 | https://tabelog.com/matome/7432/"
g-ChIJ_z3kE1bpTzURxx2cldxQ3VQ,和酔食菜ｋｅｎ,対象店口コミに中華そば・極細麺の記述。別時点の口コミではメニューに見当たらないとされ、現行提供は未確認。細麺タグは過去実食に基づく。 保留項目：Soup・Character（具体的記述を確認できず）。 2026-10-09調査。根拠・確認先：https://tabelog.com/ehime/A3801/A380103/38006827/dtlrvwlst/ 食べログメニュー確認先：https://tabelog.com/ehime/A3801/A380103/38006827/dtlmenu/（一部ページ閲覧不可のため口コミ・公式情報で補完）。 更新前タグ：Style=中華そば / Soup= / Noodle= / Character=。
g-ChIJ_ZUwexFjTzURbyXoKD1smNU,文華亭,2026-10-09 タグ再調査：当店の食べログ実食口コミにラーメン。保留：メニュー写真一覧はあるが品名・出汁・麺・特徴の裏付けとなる具体的記述を取得できず空欄。他地域の同名店メニューは使用しない。 根拠URL：https://tabelog.com/ehime/A3804/A380401/38001713/dtlmenu/photo/ ; https://tabelog.com/ehime/A3804/A380401/38001713/dtlrvwlst/
g-ChIJ-08h_TfuTzURSsnBqehGzZ8,ていきびん,中華そば・土鍋ラーメンの紹介と中細ストレート麺・あっさりの口コミを確認。鶏ガラは投稿者の推測表現のため保留。 保留項目：Soup（具体的記述を確認できず）。 2026-10-09調査。根拠・確認先：https://tabelog.com/ehime/A3801/A380103/38003857/dtlrvwlst/B525521741/ ; https://ameblo.jp/bamboo-design/entry-12539445625.html ; https://ehimesasurai.blog.jp/archives/36787775.html 食べログメニュー確認先：https://tabelog.com/ehime/A3801/A380103/38003857/dtlmenu/（一部ページ閲覧不可のため口コミ・公式情報で補完）。 更新前タグ：Style=ラーメン｜中華そば / Soup=醤油｜塩 / Noodle= / Character=。
g-ChIJ-57B58iFRTUR9jVmu74AqNQ,海乃幸 騎虎,対象店のメニュー紹介に鯛出汁ちゃんぽんを確認。鯛は具材だけでなく出汁使用が明記されている。その他の魚介・麺仕様は未確認。 保留項目：Noodle・Character（具体的記述を確認できず）。 2026-10-09調査。根拠・確認先：https://tabiiro.jp/gourmet/s/314903-yawatahama-kiko/menu/299108/ 食べログメニュー確認先：https://tabelog.com/ehime/A3803/A380302/38016118/dtlmenu/（一部ページ閲覧不可のため口コミ・公式情報で補完）。 更新前タグ：Style=ちゃんぽん / Soup=鯛・鮮魚｜魚介 / Noodle= / Character=。
g-ChIJ-7iCCzmHRTURDHqAI1FcCOo,みのり,当店訪問記事にチャンポン・やや太めの麺・魚介系醤油味・あっさりの記述を確認。緩いウエーブだけではちぢれ麺と断定しない。 2026-10-09調査。根拠・確認先：https://plaza.rakuten.co.jp/irome/diary/201707230000/ 食べログメニュー確認先：https://tabelog.com/ehime/A3804/A380402/38001213/dtlmenu/（一部ページ閲覧不可のため口コミ・公式情報で補完）。 更新前タグ：Style=ちゃんぽん / Soup= / Noodle= / Character=。
g-ChIJ-ehk38ouUDURvq-Y8siT6go,彩菜・中華ダイニング,2026-10-09 タグ再調査：店舗メニューの担々麺は胡麻スープ・辛さ選択。冷やし中華実食で中細、少しちぢれた麺と明記。他の出汁材料・自家製麺は未確認のため保留。 根拠URL：https://tabelog.com/ehime/A3802/A380202/38001731/dtlmenu/photo/ ; https://www.hotpepper.jp/strJ000545577/food/ ; https://tabelog.com/ehime/A3802/A380202/38001731/dtlrvwlst/B111745557/
g-ChIJ-UihH3DSUTUR524eZfSQ2n8,中華しん,2026-10-09 タグ再調査：当該店口コミの料理名に五目海鮮チャンポン。海鮮具材を魚介出汁の根拠にはせずSoup保留。麺太さ・Characterも不明。 根拠URL：https://tabelog.com/ehime/A3802/A380202/38010525/dtlmenu/photo/ ; https://tabelog.com/ehime/A3802/A380202/38010525/dtlrvwlst/
g-ChIJ-VI7RECUUTURgUGPn73MN34,熱烈タンタン麺一番亭 伊予三島店,当店の汁なしスーパータンタンメン記述を確認。汁なしを油そば・まぜそばと勝手に分類しない。胡麻・出汁内訳・麺は保留。 保留項目：Soup・Noodle（具体的記述を確認できず）。 2026-10-09調査。根拠・確認先：https://tabelog.com/ehime/A3802/A380204/38007267/peripheral_map/ ; https://tabelog.com/ehime/A3802/A380204/38007267/dtlrvwlst/?type=0 食べログメニュー確認先：https://tabelog.com/ehime/A3802/A380204/38007267/dtlmenu/（一部ページ閲覧不可のため口コミ・公式情報で補完）。 更新前タグ：Style=担々麺 / Soup= / Noodle= / Character=。
g-ChIJ01QG4aXpTzURIo1aukstOWI,水田商店,2026-10-09 タグ再調査：当店の黒・白ラーメンのメニューを確認。実食記事に細ストレート麺、黒はにんにくの効いた濃厚スープ。店舗左側の製麺スペースの実見記述により自家製麺を補完。保留：白・黒のその他の出汁配合は確認できず。 根拠URL：https://tabelog.com/ehime/A3801/A380103/38013897/dtlmenu/photo/ ; https://kaizoku-ehime.jp/216984/ ; https://www.ekiten.jp/shop_7069905/ ; https://www.instagram.com/mizutasho_ten/
g-ChIJ07HvhCQoUDURTMSCipOEioM,豚太郎 丹原店,当店味噌、塩の実食で確認。あっさりは塩。基礎出汁・麺は保留。 保留項目：Noodle（具体的記述を確認できず）。 2026-10-09調査。根拠・確認先：https://tabelog.com/ehime/A3802/A380202/38006088/dtlrvwlst/ ; https://tabelog.com/ehime/A3802/A380202/38006088/dtlrvwlst/B462735419/ 食べログメニュー確認先：https://tabelog.com/ehime/A3802/A380202/38006088/dtlmenu/（一部ページ閲覧不可のため口コミ・公式情報で補完）。 更新前タグ：Style=ラーメン / Soup=味噌｜塩｜醤油｜カレー / Noodle= / Character=。
g-ChIJ0c56loXuTzURTTBkFc2vqFI,フードコート｜伊予灘SA上り,上り線のちゃんぽん・ラーメン掲載と、とんこつラーメンの口コミを確認。下り線の商品を転用せず。 保留項目：Noodle・Character（具体的記述を確認できず）。 2026-10-09調査。根拠・確認先：https://japanshopping.org/ja/search/shops/detail/23187 ; https://tabelog.com/ehime/A3801/A380103/38007193/dtlrvwlst/ 食べログメニュー確認先：https://tabelog.com/ehime/A3801/A380103/38007193/dtlmenu/（一部ページ閲覧不可のため口コミ・公式情報で補完）。 更新前タグ：Style=中華そば / Soup=醤油｜魚介 / Noodle= / Character=あっさり。
g-ChIJ0fueJdNhTzURu6yU_xuMgLA,郷土料理 食のひろば,施設公式のかどや売場に宇和島ちゃんぽん・鯛だし塩ラーメン掲載。食のひろば共通住所を照合。売場ごとの提供情報で、全店共通の出汁とは扱わない。 保留項目：Noodle・Character（具体的記述を確認できず）。 2026-10-09調査。根拠・確認先：https://www.kisaiyahiroba.com/eat/kadoya/ 食べログメニュー確認先：https://tabelog.com/ehime/A3804/A380401/38005039/dtlmenu/（一部ページ閲覧不可のため口コミ・公式情報で補完）。 更新前タグ：Style=ちゃんぽん｜ラーメン / Soup=鯛・鮮魚｜塩｜醤油 / Noodle= / Character=あっさり。
g-ChIJ0R8LOsLSUTURih3zosklW7Y,ラーメン屋さん,調査2026-10-09：当店の公開メニュー説明で自家製麺、口コミで豚骨を確認。保留：既存醤油・味噌の味別メニュー、麺幅、Characterの現行裏付け。公開メニューは更新日が古く価格を転記していない。 根拠：https://tabelog.com/ehime/A3802/A380202/38002106/；https://www.hotpepper.jp/strJ000620930/food/；https://www.ekiten.jp/shop_2249699/review/
g-ChIJ0VbTJWebRTURrPyEAJAEIYM,ひろせ,同名の宮城・神奈川・福岡店舗が混在。伊方の当該住所の食堂紹介は確認したが、ちゃんぽんを含むラーメンメニューの根拠を再確認できず全項目保留。 保留項目：Style・Soup・Noodle・Character（具体的記述を確認できず）。 2026-10-09調査。根拠・確認先：https://kitonaru.com/ikata-hirose-higawari/ ; https://isci.or.jp/shop/1240 食べログメニュー確認先：https://tabelog.com/ehime/A3803/A380302/38015351/dtlmenu/（一部ページ閲覧不可のため口コミ・公式情報で補完）。 更新前タグ：Style=ちゃんぽん / Soup= / Noodle= / Character=。
g-ChIJ12E-dmiUUTURjh_zpTPd6wQ,りょう花 伊予三島店,当店料理メニュー掲載の塩・塩つけ麺・味噌・期間限定すだちを反映。丸鶏・昆布・煮干し・うるめ・さば節、自家製麺の説明あり。濃厚は味噌のコク、あっさりはすだち。平麺はタグ追加せず、麺の太さと旧鶏白湯メニューの現行提供は保留。 2026-10-09調査。根拠・確認先：https://tabelog.com/ehime/A3802/A380204/38001117/dtlmenu/ 食べログメニュー確認先：https://tabelog.com/ehime/A3802/A380204/38001117/dtlmenu/（一部ページ閲覧不可のため口コミ・公式情報で補完）。 更新前タグ：Style=ラーメン｜つけ麺｜油そば / Soup=塩｜節｜味噌｜煮干し｜魚介｜鶏｜柑橘 / Noodle= / Character=。
g-ChIJ15x2PwDPUTURs8s6eTJ-8kw,辛麺居酒屋 纏,調査2026-10-09：宮崎辛麺とカレー辛麺を確認。保留：本店の出汁原料、レギュラーの味付け、麺の太さ・製麺、その他のCharacter。支店のレギュラー醤油情報は本店へ転用していない。 根拠：https://tabelog.com/ehime/A3802/A380203/38016178/；https://www.instagram.com/matoi_0918/；https://ehime-epuri.jp/70750；https://www.ubereats.com/jp/store/%E7%BA%8F/kJWclQDFW--8wTiO8-6sFg?diningMode=DELIVERY
g-ChIJ170JLADPUTURPnGWNsOxKWs,讃岐ラーメン 浜堂（はまんど） 新居浜,"【タグ調査 2026-10-09】2026年9月メニューに細／太にぼし・極煮干・にいはま・つけ麺・辛まぜ・朝限定冷にぼ等。にいはまは鶏白湯と国産ニンニク、極煮干はセメント系の実食根拠。夏季の冷やしえびと朝冷にぼは区別。平打ちは備考のみ。保留：塩ダレ・背脂・清湯の明記、自家製麺の当店裏付け。
根拠URL：https://tabelog.com/ehime/A3802/A380203/38015508/ | https://tabelog.com/ehime/A3802/A380203/38015508/dtlrvwlst/B536081232/ | https://tabelog.com/ehime/A3802/A380203/38015508/dtlrvwlst/B519360716/ | https://niihama.mypl.net/article/lunch_niihama/97631 | https://tabelog.com/ehime/A3802/A380203/38015508/dtlrvwlst/B480225508/"
g-ChIJ1SNC9hjmTzUR6pDBKdWrxHc,寿慶,2026-10-09 タグ再調査：メニュー写真ページ取得不可。口コミに皇帝ラーメンと漢方スープの使用説明はあるが出汁材料が不明。太い麺の記述は揚げそばなので汁麺へ転用せずSoup/Noodle/Character保留。 根拠URL：https://tabelog.com/ehime/A3801/A380101/38001686/dtlmenu/photo/ ; https://tabelog.com/ehime/A3801/A380101/38001686/dtlrvwlst/B505202318/ ; https://tabelog.com/ehime/A3801/A380101/38001686/dtlrvwlst/B111759483/?type=0
g-ChIJ1XnfOHPlTzURmugxSD3FAa0,中華バル ろたす,2026-10-09 タグ再調査：食べログメニューページ取得不可、店舗料理ページに四川タンタン麺、あっさり醤油だれの特製冷やし中華。旧ラーメン・野菜/鶏出汁・辛いは汁麺固有の確証がなく保留。もちもちだけでは麺太さを判断しない。 根拠URL：https://tabelog.com/ehime/A3801/A380101/38015582/dtlmenu/photo/ ; https://akr4654244298.owst.jp/foods
g-ChIJ1Z3pYIDgTzURJHcATMKNuxg,丸味,藤野町の対象店のちゃんぽん口コミと冬季ラーメン紹介を確認。クリーミーとの表現だけでは豚骨・鶏白湯を断定しない。季節提供に留意。 保留項目：Soup・Noodle・Character（具体的記述を確認できず）。 2026-10-09調査。根拠・確認先：https://tabelog.com/ehime/A3801/A380101/38006900/ ; https://ehimesasurai.blog.jp/archives/36438188.html ; https://ehimesasurai.blog.jp/archives/44883718.html 食べログメニュー確認先：https://tabelog.com/ehime/A3801/A380101/38006900/dtlmenu/（一部ページ閲覧不可のため口コミ・公式情報で補完）。 更新前タグ：Style=ラーメン / Soup= / Noodle= / Character=。
g-ChIJ22k9W8WBTzURnLK7MvmX7fs,台湾料理 味源,2026-10-09 タグ再調査：東大洲の当該店口コミに台湾ラーメンと辛さの感想。担々麺の具体的商品名・出汁・麺太さは確証不足で保留。痺れが少ないという記述のみでは痺れを採用しない。 根拠URL：https://tabelog.com/ehime/A3803/A380301/38013043/dtlmenu/photo/ ; https://tabelog.com/ehime/A3803/A380301/38013043/dtlrvwlst/
g-ChIJ26FBQDB9RTURhPnwCCTuVqY,伊予路,2026-10-09 タグ再調査：食べログの実食口コミに醤油ラーメン、ホットペッパーに中細ストレート麺。保留：あさり出汁という紹介はあるが公式・当店メニュー・具体的な食べログ口コミで裏付けを取れず貝タグを外した。あっさりの根拠も不足。 根拠URL：https://tabelog.com/ehime/A3803/A380301/38002112/ ; https://www.hotpepper.jp/strJ000542809/ ; https://machihack.jp/oozusi-ramen-osususme/
g-ChIJ2QS5M1_vTzURvmJ8a1sNlng,ラーメン一興 立花店,【タグ調査 2026-10-08】立花5-2-4の一興松山店と照合。2026年紹介に醤油・味噌・つけ麺用の自家製麺、豚骨はストレート細麺。こく味の辛みそと濃厚さ、元味のあっさりを別商品として付与。鶏は立花店のつけ麺出汁に対応。 根拠：https://tabelog.com/ehime/A3801/A380101/38000134/ https://tabelog.com/ehime/A3801/A380101/38000134/dtlmenu/photo/ https://ehime-epuri.jp/69295 https://ehime-epuri.jp/65081
g-ChIJ2SGG_6jPUTURJAgMuKDgcOg,西蓮寺食堂,ラーメンの写真説明を確認。煮干し限定の根拠は再確認できず保留。 保留項目：Soup・Noodle・Character（確定できる記述なし）。 更新前タグ：Style=ラーメン / Soup=煮干し / Noodle= / Character=。 2026-10-09調査。食べログの料理メニューは一部閲覧不可。根拠・確認先：https://tabelog.com/ehime/A3802/A380203/38004941/dtlphotolst/smp2/ メニュー確認先：https://tabelog.com/ehime/A3802/A380203/38004941/dtlmenu/
g-ChIJ3_lsF5vlTzURRSW9-bv6gjY,生しじみラーメン『オルニ』松山本店,"【タグ調査 2026-10-08】松山本店のメニュー・口コミで生しじみらぁ麺、濃厚しじみらぁ麺、塩味、三河屋製麺の細麺・ちぢれを確認。濃厚版は牛脂。保留：汁なし商品のStyle（油そば／まぜそばの明確な呼称未確認）、通常以外のタレ。鶏油・牛脂は出汁と区別し鶏・豚骨は付与しない。
根拠URL：https://tabelog.com/ehime/A3801/A380101/38016114/dtlmenu/photo/ | https://tabelog.com/ehime/A3801/A380101/38016114/dtlrvwlst/B535929498/ | https://tabelog.com/ehime/A3801/A380101/38016114/dtlrvwlst/B524574990/?type=0 | https://ehime-epuri.jp/56076"
g-ChIJ36Ce2JjlTzUR-k8nbWATgYM,のっぴんらー麺,【タグ保留】Style：既存の担々麺は、担々麺に着想を得たオリジナル胡麻ラーメンとの店側説明しか確認できず、独立した担々麺商品のタグは外して保留。 【タグ調査 2026-10-08】食べログ店側メニューで醤油・塩・味噌、黒酢つけめん（胡麻・塩・醤油）。胡麻ペーストに鶏・豚・野菜・魚介の出汁、カツオと昆布の説明あり。自家製中太麺、超級のっぴんの濃厚さを確認。創作系は独自の胡麻ラーメンに対応。 根拠：https://tabelog.com/ehime/A3801/A380101/38000206/ https://tabelog.com/ehime/A3801/A380101/38000206/dtlmenu/ https://www.e-komachi.com/gourmet/3241_20230925/ https://ehime-epuri.jp/68630
g-ChIJ3bdhHgseUDURfb9bnjcOzMo,風早いちや,"【タグ調査 2026-10-09】当店掲載で各味のラーメン・中華そば・風早ちゃんぽん、2026年口コミの冷やし中華。中華そばのメニュー記載は鶏ガラとイリコ、他商品に豚骨とニンニクチップ。保留：Noodleの太さ（商品・投稿で中細／中太／太の表記差）。冷やしは夏の提供実績。
根拠URL：https://tabelog.com/ehime/A3801/A380101/38007387/dtlrvwlst/ | https://tabelog.com/ehime/A3801/A380101/38007387/dtlrvwlst/B533833387/ | https://plaza.rakuten.co.jp/irome/diary/201803250000/ | https://nomchan.exblog.jp/15099447/ | https://map.yahoo.co.jp/v3/place/m3Dfryrih8k/review | https://matsuyama.goguynet.jp/2024/10/13/kazehayaichiya/"
g-ChIJ3eOFHADPUTURzgorjAtZHi4,我央,"【タグ調査 2026-10-09】さんま・まぐろ・かつお・えび・ほたて・あさりの出汁と醤油・塩・味噌を選択。さんまカレーも確認。中太ストレートの特注たまご麺。保留：かつおが節か、まぐろが鮮魚かは製法未確認。自家製麺ではなく特注の記載。
根拠URL：https://tabelog.com/ehime/A3802/A380203/38016067/ | https://ehime-epuri.jp/65648 | https://ehime-epuri.jp/69242"
g-ChIJ3Toeas3oTzURk3kzjVSgrfQ,平野屋食堂,ちゃんぽんの鶏ガラ醤油・野菜の甘み・中細麺を確認。営業状況に相反する投稿があり現行提供保留。 保留項目：Character（確定できる記述なし）。 更新前タグ：Style=ラーメン｜ちゃんぽん / Soup= / Noodle= / Character=。 2026-10-09調査。食べログの料理メニューは一部閲覧不可。根拠・確認先：https://ehimesasurai.blog.jp/archives/44250393.html メニュー確認先：https://tabelog.com/ehime/A3801/A380101/38004154/dtlmenu/
g-ChIJ3TRqr687UDURBLjN4Ymued8,めん処 よそ平,【タグ保留】現行のラーメンメニューと出汁・麺の詳細を確認できず。直近口コミはうどん中心。中細という記述は肉うどんに対するものでラーメンに転用しない。旧「ラーメン・塩・魚介・細麺・あっさり」は未検証のため除外。 タグ調査：2026-10-08。出典：https://tabelog.com/ehime/A3802/A380201/38007163/dtlrvwlst/ https://map.yahoo.co.jp/v3/place/9oAL0s09OFw
g-ChIJ3U_YulfATzURintvm83Be-w,まんなか,タグ一次確認 2026-10-08：中華そば、鶏ガラ・イリコの醤油スープと澄んだ色を確認。中細との記述もあるが細麺明記の口コミあり。 出典：https://tabelog.com/ehime/A3803/A380304/38013961/dtlrvwlst/B509907955/ https://tabelog.com/ehime/A3803/A380304/38013961/dtlrvwlst/ https://map.yahoo.co.jp/v3/place/9gwjUeToE2Q/review 追記2026-10-08：追加麺タグを反映。口コミの中細・少しちぢれた形状に基づく。出典：https://tabelog.com/ehime/A3803/A380304/38013961/dtlrvwlst/B509907955/
g-ChIJ42c2KuzlTzURXlIAe6cSEbs,骨太味覚 本店,"【タグ調査 2026-10-08】本店のメニュー紹介でラーメン・味噌・赤・黒・つけ麺・まぜそば。口コミで豚骨・背脂・中太ちぢれ麺・にんにく、取材で背脂醤油豚骨と赤ラー油・黒にんにくマー油を確認。保留：現行全商品の個別配合・味噌商品の継続提供（メニュー紹介は過去の訪問）。製麺所の麺のため自家製麺は付与しない。
根拠URL：https://tabelog.com/ehime/A3801/A380101/38007614/ | https://tabelog.com/ehime/A3801/A380101/38007614/dtlrvwlst/B437562013/ | https://be-yourself-yusuke.com/ramen-honebuto/ | https://matsuyama.keizai.biz/headline/727/"
g-ChIJ43YxiAfmTzURwcII5sGJg-k,中国料理 龍花,2026-10-09 タグ再調査：食べログメニュー写真欄の料理記載にちゃんぽん麺、同店記事に天津麺。記事本文取得不可で出汁・麺太さ・Character保留。2013年冷麺は現在の提供不明につき追加しない。 根拠URL：https://tabelog.com/ehime/A3801/A380101/38001564/dtlmenu/photo/ ; https://ehimesasurai3.blogspot.com/2026/09/blog-post_22.html ; https://ehimesasurai.blog.jp/archives/32292410.html
g-ChIJ44hwAgB_RTURSrKn36QFXLE,らーめん笑福,2026-10-09 タグ再調査：大洲移転後のメニュー紹介と食べログ口コミで豚骨ラーメン・ちゃんぽん。訪問記事に細麺とクリーミーな豚骨スープ。保留：ちゃんぽん専用麺の太さ・追加出汁、自家製麺は確認できず。 根拠URL：https://tabelog.com/ehime/A3803/A380301/38017005/ ; https://yurimaman.com/archives/80257 ; https://www.instagram.com/ramen_shofuku/
g-ChIJ46MnjPnnTzURSAzwOBZPk6o,りょう花重信店,当店料理メニュー掲載の塩・塩つけ麺・味噌・期間限定すだちを反映。丸鶏・昆布・煮干し・うるめ・さば節、自家製麺の説明あり。濃厚は味噌のコク、あっさりはすだち。平麺はタグ追加せず、麺の太さと旧鶏白湯メニューの現行提供は保留。 2026-10-09調査。根拠・確認先：https://tabelog.com/ehime/A3801/A380102/38006206/dtlmenu/ 食べログメニュー確認先：https://tabelog.com/ehime/A3801/A380102/38006206/dtlmenu/（一部ページ閲覧不可のため口コミ・公式情報で補完）。 更新前タグ：Style=ラーメン｜つけ麺｜油そば / Soup=塩｜節｜味噌｜煮干し｜魚介｜鶏｜柑橘 / Noodle= / Character=。
g-ChIJ4729HtuDRTURIs-lmiiQb-8,わくわく食堂,市の紹介資料であごだし、地域店舗紹介でちゃんぽんを確認。あごを煮干しと断定しない。 保留項目：Noodle・Character（具体的記述を確認できず）。 2026-10-09調査。根拠・確認先：https://www.city.yawatahama.ehime.jp/doc/2022102600030/file_contents/2022102600030_docs_2022021500015_files_202211.pdf ; https://ehime-eica.net/eateries/656/ 更新前タグ：Style=ちゃんぽん / Soup= / Noodle= / Character=。
g-ChIJ4QuFwlaBTzUR38UM9jxVaPw,ひふみ,2026-10-09 タグ再調査：2013年の訪問口コミに店内お品書きのみそ・しょうゆラーメンと中華そばの記述。保留：食べログメニュー閲覧不可、現在の提供・麺の太さ・出汁・特徴は再確認できず。魚介は根拠を確認できず外した。麺はストレートとのみ記述、太さを推測しない。 根拠URL：https://tabelog.com/ehime/A3803/A380301/38009176/dtlmenu/photo/ ; https://www.ekiten.jp/shop_6052852/
g-ChIJ4RhZZOiJRTURvkkXj2ef3kQ,友誼苑,2026-10-09 タグ再調査：タグ全体保留。食べログは文字メニュー未登録でメニュー写真ページ取得不可。閲覧できた口コミは唐揚げ定食等のみで、中華そば・ちゃんぽんの提供と出汁・麺・特徴を確認できなかった。 根拠URL：https://tabelog.com/ehime/A3804/A380401/38001709/dtlmenu/photo/ ; https://tabelog.com/ehime/A3804/A380401/38001709/dtlrvwlst/B142866873/
g-ChIJ4ZHe-9rOUTURcuv2pYo0ct8,新居浜市役所地下食堂浜食,当該店舗の公開情報を検索したが、メニューのラーメン詳細と出汁・麺・特徴の明記を再確認できず保留。 保留項目：Style・Soup・Noodle・Character（確定できる記述なし）。 更新前タグ：Style=中華そば / Soup= / Noodle= / Character=。 2026-10-09調査。食べログの料理メニューは一部閲覧不可。根拠・確認先：https://tabelog.com/ehime/A3802/A380203/38013080/ メニュー確認先：https://tabelog.com/ehime/A3802/A380203/38013080/dtlmenu/
g-ChIJ5-KlnfTlTzURO7nq8MyPaPY,美食坊 ハルピン,2026-10-09 タグ再調査：久万ノ台の移転後店舗の記事にラーメン・担々麺と辛さ選択。旧駅前店舗の出汁や麺情報は転用せずSoup/Noodle保留。 根拠URL：https://tabelog.com/ehime/A3801/A380101/38016915/dtlmenu/photo/ ; https://www.e-komachi.com/gourmet/46720_20260502/ ; https://ameblo.jp/cafeblogehime/entry-12959782212.html
g-ChIJ51whzYTlTzURI83Q3QvjuWQ,リンガーハット フジグラン松山店,当店ちゃんぽんメニューを確認。出汁と麺は当該店舗の明記を再確認できず保留。他店舗の説明は流用しない。 保留項目：Soup・Noodle・Character（具体的記述を確認できず）。 2026-10-09調査。根拠・確認先：https://tabelog.com/ehime/A3801/A380101/38009685/ 食べログメニュー確認先：https://tabelog.com/ehime/A3801/A380101/38009685/dtlmenu/（一部ページ閲覧不可のため口コミ・公式情報で補完）。 更新前タグ：Style=ちゃんぽん / Soup= / Noodle= / Character=。
g-ChIJ580YFJstUDURUdYw5JiH16M,みなたけ,豚骨醤油の紹介、豚骨品の細麺実食記事、醤油品の鶏出汁・中細麺・清湯・あっさりの記事を確認。商品ごとの情報で、同一品がすべての特徴を兼ねるとは扱わない。 2026-10-09調査。根拠・確認先：https://ehime-epuri.jp/76939 ; https://ehimesasurai3.blogspot.com/2022/08/blog-post_9.html ; https://plaza.rakuten.co.jp/irome/diary/202310290000/ 食べログメニュー確認先：https://tabelog.com/ehime/A3802/A380202/38014076/dtlmenu/（一部ページ閲覧不可のため口コミ・公式情報で補完）。
g-ChIJ5b6GPtQrUDUR7H-zTXiaff8,ラーメン工房 がいな,調査2026-10-09：石鎚山SA上りの旧がいな掲載と現行フードコート情報を照合。保留：旧店舗名・メニューの継続性を確認できず、旧塩・細麺タグは空欄。現行天狗岳は豚骨醤油・にんにく付きだが旧がいなへの帰属を断定せず未反映。下りSAの情報は転用しない。 根拠：https://tabelog.com/ehime/A3802/A380202/38007334/；https://www.w-holdings.co.jp/sapa/23050/gourmet/；https://www.iyotetsu.co.jp/kaikan/kaikanweb/sa_ishizuchi_in/
g-ChIJ5Wh-brLlTzURLNgW-XzFix0,チャイナハウス すけろく 吉藤店,2026-10-09 タグ再調査：吉藤店のメニュー欄・料理名で屋台のとんこつ、冷麺、スープカレー鍋チャンポン。実食に醤油ラーメンの中太麺、チャンポン用太ウェーブ麺。出汁の詳細・Characterは未確認で保留。 根拠URL：https://tabelog.com/ehime/A3801/A380101/38000427/dtlmenu/photo/ ; https://tabelog.com/ehime/A3801/A380101/38000427/dtlrvwlst/B525483069/ ; https://tabelog.com/ehime/A3801/A380101/38000427/dtlphotolst/smp2/2/ ; https://map.yahoo.co.jp/v3/place/M1aUt9DYBgU/menu
g-ChIJ5WJMLZXpTzUR4j9EU9raUMc,中華料理 髙爛,2026-10-09 タグ再調査：当該店のメニュー・口コミの詳細を取得できず、中華そば等の具体的商品名を確定できないためStyle/Soup/Noodle/Character全項目保留。 根拠URL：https://tabelog.com/ehime/A3801/A380102/38012635/dtlmenu/photo/ ; https://map.yahoo.co.jp/v3/place/ZZKdWp4sMgw/menu
g-ChIJ5WL0Jmg6UDURmxHlmHDeGOs,白雅 餃子,2026-10-09 タグ再調査：食べログ登録メニューで中華そば・夏季冷麺。ホットペッパー口コミのあっさり醤油とエキテン訪問口コミの中太ストレートを採用。出汁素材・自家製麺は説明がなく保留。 根拠URL：https://tabelog.com/ehime/A3802/A380201/38000110/dtlmenu/photo/ ; https://tabelog.com/ehime/A3802/A380201/38000110/dtlmenu/ ; https://www.hotpepper.jp/strJ000544825/ ; https://www.ekiten.jp/shop_2216490/
g-ChIJ5x4vIwDlTzURhsW7UUVF6ik,松山ブラックラーメン 黒虎屋,"【タグ調査 2026-10-08】食べログ・店舗配達メニューで中華そば黒と油そば、2026年訪問メニューで冷やし中華。運営会社発表で醤油ダレ・背脂・県産小麦の自家製麺。油そばは極太麺。保留：出汁の具体的素材、通常中華そばの太さの厳密分類。冷やしは夏の提供実績。
根拠URL：https://tabelog.com/ehime/A3801/A380101/38017155/dtlrvwlst/B531180826/ | https://prtimes.jp/main/html/rd/p/000000003.000186155.html | https://www.ubereats.com/jp/store/松山ブラックラーメン-黒虎屋/FkSrL6olW6-7DTjrvFKqtA"
g-ChIJ5Zfqa4GATzURY9_MdEG_HLI,わか宮食堂,野菜の甘みの記述を確認。 保留項目：Noodle・Character（確定できる記述なし）。 更新前タグ：Style=中華そば / Soup=醤油｜野菜 / Noodle= / Character=。 2026-10-09調査。食べログの料理メニューは一部閲覧不可。根拠・確認先：https://ameblo.jp/nikuyase/entry-12808681449.html メニュー確認先：https://tabelog.com/ehime/A3803/A380301/38003561/dtlmenu/ 補完URL：https://tabelog.com/ehime/A3803/A380301/38003561/dtlrvwlst/
g-ChIJ6-6kAovBTzURfX70xK_lY-o,久万の小さな中華屋さん たんたん,2026-10-09 タグ再調査：タグ全体保留。店名・久万215で検索したが該当店舗の食べログ/公式Instagram・メニューを特定できず、Googleマップ検索も取得不可。別住所のまんなか・豚太郎とは混同しない。 根拠URL：https://www.google.com/maps/search/?api=1&query=久万の小さな中華屋さん+たんたん+久万215
g-ChIJ62EW04k7UDUR_fADOxrPfEU,中華料理福臨,2026-10-09 タグ再調査：食べログ口コミで醤油ベースの超あっさりラーメン、2025年訪問記で五目あんかけラーメンの中細ストレートを確認。出汁素材・自家製麺は未確認。口コミタイトルの中華そばだけでは正式メニュー名と確認できず追加しない。 根拠URL：https://tabelog.com/ehime/A3802/A380201/38013397/dtlmenu/photo/ ; https://tabelog.com/ehime/A3802/A380201/38013397/dtlrvwlst/B530209243/ ; https://plaza.rakuten.co.jp/irome/diary/202508110000/
g-ChIJ63LeUMPlTzUR_brlGzl4lAE,麺や 新倉,"【タグ調査 2026-10-09】当店メニューのあっさり中華そば・濃厚つけ麺を確認。中華そばは鶏醤油、つけ麺は豚骨魚介・太麺の実食を照合。保留：中華そばの麺の太さ、自家製麺の明記。別店の記事が混ざる月別ブログ一覧は出汁根拠に使わない。
根拠URL：https://tabelog.com/ehime/A3801/A380101/38011943/ | https://tabelog.com/ehime/A3801/A380101/38011943/dtlrvwlst/B442844991/ | https://www.e-komachi.com/gourmet/16790_20241104/ | https://nlab.itmedia.co.jp/research/articles/3186321/amp/ | https://ameblo.jp/hayatoshipapa/entry-12368664114.html"
g-ChIJ66YNKczOUTURvC_02O69qBk,大鵬軒,調査2026-10-09：ラーメン・ちゃんぽん、塩豚骨とあっさりの評を確認。保留：麺幅は細麺・中細麺と表記が分かれるため空欄。自家製麺、その他の出汁、夏季冷麺の現行提供。 根拠：https://tabelog.com/ehime/A3802/A380203/38004095/；https://www.hotpepper.jp/strJ000544036/；https://tabelog.com/ehime/A3802/A380203/38004095/dtlrvwlst/B107989432/
g-ChIJ78c3r4SERTURuPcomRPzbrU,どさん子 八幡浜店,2026-10-09 タグ再調査：当店メニュー掲載と実食口コミに味噌・醤油、店舗ブログにカレーラーメン。店舗口コミに若干ちぢれ麺。保留：当店の麺の太さ・出汁材料・濃さは未確認。チェーン他店の豚骨配合や太麺を当店に転記しない。 根拠URL：https://tabelog.com/ehime/A3803/A380302/38005278/ ; https://map.yahoo.co.jp/v3/place/d1qYpZZ4Gm6/review ; https://ameblo.jp/1dosanko/entry-12880987131.html
g-ChIJ7aSkvAjyTzUR2JNyBEsZ3zQ,中華料理 東龍,2026-10-09 タグ再調査：伊予市の公式麺メニューに醤油・味噌・豚骨ラーメン、チャンポン、7〜8月限定冷麺。保留：麺の太さ・製麺方法と出汁の追加材料は説明なし。公式のあっさり醤油の見出しは焼きそばの説明も含むためラーメン全体の特徴に転記しない。 根拠URL：https://toryu-iyo.jp/menu/noodles/ ; https://tabelog.com/ehime/A3801/A380103/38001168/dtlmenu/photo/
g-ChIJ7WUZGx_lTzUR9zPxDX4mKY4,古民家 中華居酒屋 中ちゃん,2026-10-09 タグ再調査：食べログメニュー欄と店舗掲載文字メニューに中華そば、中ちゃん！ぽん！、とんこつ、ピリ辛スタミナ、さっぱり塩味汁そば、醤油ラーメン。麺太さ・鶏など出汁詳細は未記載で保留。 根拠URL：https://tabelog.com/ehime/A3801/A380101/38012494/dtlmenu/photo/ ; https://www.hotpepper.jp/strJ001195889/food/
g-ChIJ7yJlegDpTzURBhNkcBeXkXY,中華そば 鯊,"【タグ調査 2026-10-08】浄瑠璃町513-2の食べログで中華そば、口コミで煮干しの風味ある醤油味・中太麺を確認。保留：Character、具体的な鮮魚出汁の素材（店名の鯊や口コミの推測だけでは鯛・鮮魚としない）、ちぢれ麺（ストレートに少しウェーブという表現）。掲載の駅名は住所と離れているが店舗住所を優先。
根拠URL：https://tabelog.com/ehime/A3801/A380101/38017017/ | https://tabelog.com/ehime/A3801/A380101/38017017/dtlrvwlst/B533389572/ | https://tabelog.com/ehime/A3801/A380101/38017017/dtlrvwlst/B527282659/"
g-ChIJ7ZNrdNA7UDURRoIir2cbg50,伯方の塩ラーメンさんわ今治北インター店,【タグ保留】中華そば・冷やしは2024年夏の支店記事で確認、現在の同商品提供は未確認。伯方の塩は当支店の実食記事で豚骨・鶏ガラ・煮干しなどの出汁、細ストレート麺を確認。貝・柑橘はレモン入り貝ラーメンの口コミに対応。本店の麺・限定品を転用しない。 タグ調査：2026-10-08。出典：https://tabelog.com/ehime/A3802/A380201/38013225/ https://tabelog.com/ehime/A3802/A380201/38013225/dtlrvwlst/B529331178/ https://menma825.com/hakatanoshiora-mensanwa/ https://miton-imabari.jp/sanwa-hiyashi2024/
g-ChIJ7zRaelqGRTURUC50DV1kgQY,ゆうぼく牧場直営レストラン / ゆうぼく民,牧場直営レストラン公式メニューは肉料理中心。対象店のラーメン提供・出汁・麺を再確認できず、既存タグは保留。 保留項目：Style・Soup・Noodle・Character（具体的記述を確認できず）。 2026-10-09調査。根拠・確認先：https://yuboku.jp/shopping-eating/yubokumin/ ; https://tabelog.com/ehime/A3804/A380402/38010777/dtlrvwlst/B512672242/ 食べログメニュー確認先：https://tabelog.com/ehime/A3804/A380402/38010777/dtlmenu/（一部ページ閲覧不可のため口コミ・公式情報で補完）。 更新前タグ：Style=ラーメン / Soup= / Noodle= / Character=。
g-ChIJ7zVgiqnlTzURvtM_81pJ-bw,番町製麺,"【タグ調査 2026-10-09】三番町8丁目の店舗を照合。汁なし・豚骨魚介つけそば、当店口コミの極太自家製縮れ麺・醤油味、店発信のニンニク注文を確認。保留：鶏出汁の具体的根拠、夏の冷やし汁なしの継続提供。汁なしはまぜそばとして記載。
根拠URL：https://tabelog.com/ehime/A3801/A380101/38013859/ | https://tabelog.com/ehime/A3801/A380101/38013859/dtlrvwlst/B447756297/ | https://map.yahoo.co.jp/v3/place/JxpKpNge2dk/menu | https://search.yahoo.co.jp/realtime/search?ei=UTF-8&p=%23%E8%87%AA%E5%AE%B6%E8%A3%BD%E9%BA%BA&rkf=1"
g-ChIJ8b0PAADlTzURdA-73DKoZO0,狼煙,"【タグ調査 2026-10-09】2025年9月の三番町移転後の取材で照合。醤油は鶏ガラ・貝出汁、2026年取材に塩・鶏白湯・ニラ山椒・豚骨魚介つけ麺。保留：つけ麺の太さ、山椒の痺れの実食根拠。旧畑寺のまぜそばは未反映。
根拠URL：https://tabelog.com/ehime/A3801/A380101/38016619/ | https://ehime-epuri.jp/65136 | https://www.e-komachi.com/gourmet/41121_20260120/"
g-ChIJ8bgwlQnmTzURcOuwb8DKgOI,らーめん工房 りょう花 束本店,当店料理メニュー掲載の塩・塩つけ麺・味噌・期間限定すだちを反映。丸鶏・昆布・煮干し・うるめ・さば節、自家製麺の説明あり。濃厚は味噌のコク、あっさりはすだち。平麺はタグ追加せず、麺の太さと旧鶏白湯メニューの現行提供は保留。 2026-10-09調査。根拠・確認先：https://tabelog.com/ehime/A3801/A380101/38005032/dtlmenu/ 食べログメニュー確認先：https://tabelog.com/ehime/A3801/A380101/38005032/dtlmenu/（一部ページ閲覧不可のため口コミ・公式情報で補完）。 更新前タグ：Style=ラーメン｜つけ麺｜油そば / Soup=塩｜節｜味噌｜煮干し｜魚介｜鶏｜柑橘 / Noodle= / Character=。
g-ChIJ8fJHP3t8RTUR5hgZ37NXhzw,あさちゃん,長浜ちゃんぽんのメニュー・口コミを確認。魚介系のあっさりスープ、中太ストレート麺の記述あり。ちぢれ麺も良いのではという提案は現行麺の根拠にしない。 2026-10-09調査。根拠・確認先：https://map.yahoo.co.jp/v3/place/5ivGJQh1Zlc ; https://tabelog.com/ehime/A3803/A380301/38011941/dtlrvwlst/B486266974/ 食べログメニュー確認先：https://tabelog.com/ehime/A3803/A380301/38011941/dtlmenu/（一部ページ閲覧不可のため口コミ・公式情報で補完）。 更新前タグ：Style=ちゃんぽん / Soup= / Noodle= / Character=。
g-ChIJ8Q-sRQCJRTURbl9WZJsOxPo,大学食堂,2026-10-09 タグ再調査：当該店の実食記録にちゃんぽん。出汁・麺太さ・Characterは確証不足で保留。製麺所の麺かもしれないという推測は麺タグに使用しない。 根拠URL：https://tabelog.com/ehime/A3804/A380401/38009998/dtlmenu/photo/ ; https://tabelog.com/ehime/A3804/A380401/38009998/dtlrvwlst/B112688032/
g-ChIJ8TeYfuL5RTUR7Wn8X4haV7A,西ドライブイン,2026-10-09 タグ再調査：ドライブインにしの同一住所のメニュー欄・口コミを確認したが麺類の個別商品名を判読・取得できず全項目保留。麺類があるという総称からラーメン・ちゃんぽんを断定しない。 根拠URL：https://tabelog.com/ehime/A3804/A380401/38001007/dtlmenu/photo/ ; https://tabelog.com/ehime/A3804/A380401/38001007/dtlrvwlst/ ; https://map.yahoo.co.jp/v3/place/850Jk8PDXGM/review
g-ChIJ8UMeCgDnTzURxoHN-otNLCA,大衆食堂スタンドそのだ 松山たかのこ店,当該店舗の中華そばを確認。他支店の出汁は流用しない。 保留項目：Soup・Noodle・Character（確定できる記述なし）。 更新前タグ：Style=中華そば / Soup=醤油｜魚介 / Noodle= / Character=。 2026-10-09調査。食べログの料理メニューは一部閲覧不可。根拠・確認先：https://machiraku.net/sonoda-takanoko-open/ メニュー確認先：https://tabelog.com/ehime/A3801/A380101/38016913/dtlmenu/
g-ChIJ8wESrzeRUTURvNt2YGmwYBE,ひさご屋,対象店の口コミにラーメンメニューを確認。出汁材料・麺仕様は未確認。 保留項目：Soup・Noodle・Character（具体的記述を確認できず）。 2026-10-09調査。根拠・確認先：https://tabelog.com/ehime/A3802/A380204/38003880/dtlrvwlst/ ; https://map.yahoo.co.jp/v3/place/ZlzN2twHWOg 食べログメニュー確認先：https://tabelog.com/ehime/A3802/A380204/38003880/dtlmenu/（一部ページ閲覧不可のため口コミ・公式情報で補完）。 更新前タグ：Style=ラーメン / Soup= / Noodle= / Character=。
g-ChIJ8xtCuGrvTzUR8290HgkWdao,醤油ラーメン専門店 醤和堂,"【タグ調査 2026-10-08】醤油ラーメン・煮干しと醤油の昆布水つけ麺・冷やし昆布水ラーメンを確認。2026年取材は豚骨ではなく豚肉100％、自家製細麺と明記。豚骨タグは付与しない。保留：Character、つけ麺の太さ（過去口コミに中太の表現あり）。昆布・豚肉は備考のみ。
根拠URL：https://tabelog.com/ehime/A3801/A380101/38014851/ | https://www.e-komachi.com/gourmet/40840_20260121/ | https://map.yahoo.co.jp/v3/place/JXHikhxSJH-/menu"
g-ChIJ96fzoRbvTzURZ7oKFRjqh8Y,チャイナパンダ,2026-10-09 タグ再調査：食べログメニュー欄、同住所の地域記事でラーメン・担々麺、ラーメンは醤油味。麺がスープを吸う説明のみで太さ不明。出汁材料とCharacterは確証不足で保留。別地域の同名チャイナパンダは除外。 根拠URL：https://tabelog.com/ehime/A3801/A380101/38001661/dtlmenu/photo/ ; https://matsuyama.goguynet.jp/2021/06/13/chinapanda/ ; https://plaza.rakuten.co.jp/irome/diary/201509060000/
g-ChIJ985RMABhTzURebL6b5udxzA,ラーメン屋 ユニコーン,【タグ保留】タグ要再確認 2026-10-08：店舗名・Instagram紹介は見つかったがメニューと麺・出汁を確認できない。既存タグは未検証のまま保持。 出典：https://www.instagram.com/reel/DdSMM3QSEwu/
g-ChIJ99x91XbyTzURgX11B7gb1WQ,朝日食堂,タグ一次確認 2026-10-08：中華そば・鶏ガラ系・中太ストレートを実食記事で確認。鶏ガラ系は口コミ由来で店舗公表ではない。具の胡麻・野菜を出汁タグに含めない。 出典：https://tabelog.com/ehime/A3801/A380103/38002343/ https://matsuyama.mypl.net/article/lunch_matsuyama/32405
g-ChIJ9c-3nHWHRTURV3KdnVJbYvg,東洋軒 宇和店,対象店の食べログ写真説明にチャンポン、地域記事のメニューにもチャンポンを確認。別府・長崎の同名東洋軒の出汁・麺情報は転用しない。 保留項目：Soup・Noodle・Character（具体的記述を確認できず）。 2026-10-09調査。根拠・確認先：https://tabelog.com/ehime/A3804/A380402/38001110/ 食べログメニュー確認先：https://tabelog.com/ehime/A3804/A380402/38001110/dtlmenu/（一部ページ閲覧不可のため口コミ・公式情報で補完）。 更新前タグ：Style=ちゃんぽん / Soup= / Noodle= / Character=。
g-ChIJ9fohv9g7UDURoxgOuuBLEfA,らーめん・喰うかい,豚肉背脂醤油ラーメンを確認。実食記事の店主説明では出汁はほぼ鶏系。豚肉・背脂のみから豚骨にはしない。中太平打ち縮れ麺。旧味噌は確認できず除外。 タグ調査：2026-10-08。出典：https://tabelog.com/ehime/A3802/A380201/38011397/dtlrvwlst/ https://plaza.rakuten.co.jp/irome/diary/202307270000/
g-ChIJ9XK-47_vTzURSPU8XJsnHlQ,ラーメン 鑫龍,【タグ保留】Style・Soup：担々つけ麺は投稿メニューの提供記録。現行販売と胡麻材料の裏付けは不足。 【タグ調査 2026-10-08】同住所の食べログ名は金龍（鑫龍）。白・紅・黒・みそ、つけ麺を確認。黒はマー油の香ばしさと豚骨・にんにく、中太縮れ麺。豚骨醤油と背脂を当店口コミで確認。二郎系は当店実食の分類に対応。 根拠：https://tabelog.com/ehime/A3801/A380101/38008374/ https://tabelog.com/ehime/A3801/A380101/38008374/dtlrvwlst/B428493394/?type=0 https://tabelog.com/ehime/A3801/A380101/38008374/dtlrvwlst/B447010958/ https://map.yahoo.co.jp/v3/place/uwQ5JPGYCLs/review
g-ChIJ9za_agDvTzURO9Pz-QXsmPY,横浜家系ラーメン 一門家 椿参道店,【タグ保留】Soup：既存の味噌・魚介は当該支店の明確な現行配合根拠が不足しており外して保留。 【タグ調査 2026-10-08】食べログ店舗を照合。2026年3月撮影の当店メニューは豚骨醤油・豚骨塩、つけ麺、中華そば。家系は中太麺、家系二郎の実食は極太麺。卓上の唐辛子を任意に追加した実食だけでは辛いを標準タグにしない。 根拠：https://tabelog.com/ehime/A3801/A380101/38016899/ https://kaizoku-ehime.jp/220239/ https://ehimeossanpo.com/2026/05/04/%E3%80%90%E6%A8%AA%E6%B5%9C%E5%AE%B6%E7%B3%BB%E3%83%A9%E3%83%BC%E3%83%A1%E3%83%B3%E4%B8%80%E9%96%80%E5%AE%B6%E3%80%80%E6%A4%BF%E5%8F%82%E9%81%93%E5%BA%97%E3%80%91%E9%BA%BA%E5%A4%A7%E7%9B%9B%E3%82%8A/
g-ChIJ9zNxr7vSUTURvNvSi2FL_8c,九州筑豊ラーメン山小屋 伊予西条店,調査2026-10-09：当店の食べログ料理メニューで豚骨味噌・塩豚骨・激辛、同店口コミで細麺を確認。濃厚は味噌メニューの説明による。保留：自家製麺、白湯分類などの追加Characterの裏付け。 根拠：https://tabelog.com/ehime/A3802/A380202/38000049/；https://tabelog.com/ehime/A3802/A380202/38000049/dtlmenu/；https://tabelog.com/ehime/A3802/A380202/38000049/dtlrvwlst/B519320432/；https://ehime-epuri.jp/62846
g-ChIJa8fLaluUUTURsb2SgDrx64A,もりみ食堂,鶏がらの記述を確認。 保留項目：Noodle（確定できる記述なし）。 更新前タグ：Style=中華そば / Soup= / Noodle= / Character=。 2026-10-09調査。食べログの料理メニューは一部閲覧不可。根拠・確認先：https://eiai-works-at-webry.seesaa.net/article/201001article_28.html メニュー確認先：https://tabelog.com/ehime/A3802/A380204/38003929/dtlmenu/
g-ChIJAchVPITlTzURM9_H_Eqz6Fs,らーめんおが多 キスケＢＯＸ店,【タグ調査 2026-10-08】キスケBOXの店舗を照合。鶏ガラ醤油の黄金色で澄んだスープと細ストレート麺。塩ラーメンも当店メニュー・実食で確認。二番町店の情報とは別に分類。 根拠：https://tabelog.com/ehime/A3801/A380101/38001126/ https://ehime-epuri.jp/69049 https://kaizoku-ehime.jp/170174/ https://tabelog.com/ehime/A3801/A380101/38001126/dtlrvwlst/B270849927/
g-ChIJaegPNBWUUTURQq4IjG82OXE,せんばやし,【タグ保留】Soup：既存の「貝」は出汁の使用根拠を確認できず削除して保留。 【タグ調査 2026-10-08】食べログ実食はお豚骨・スタミナ豚骨。塩バター、超熟味噌、トマトラーメンをメニュー資料で確認。豚骨は細麺・濃厚、鶏ガラ塩系はあっさり。トマトスープは野菜、独自のトマトラーメンは創作系に分類。 根拠：https://tabelog.com/ehime/A3802/A380204/38007005/dtlrvwlst/B439042253/ https://map.yahoo.co.jp/v3/place/X_iR1trY5GI/menu https://ameblo.jp/mansjjr561-20201108/entry-12886805912.html
g-ChIJAQAArWA6UDURVRml955pvvE,中国料理 「龍宮」,2026-10-09 タグ再調査：公式グランドメニューの葱入り汁そばと店舗登録メニューの汁あり/汁なし担々麺、濃厚ゴマダレと辛みを確認。基本出汁・麺の太さ/形状は説明不足で保留。汁なし担々麺は担々麺として整理。 根拠URL：https://tabelog.com/ehime/A3802/A380201/38000650/dtlmenu/photo/ ; https://www.imabari-kokusai-hotel.co.jp/information/restaurant/ryugu/2184/ ; https://r.gnavi.co.jp/fhk17v060000/menu2/
g-ChIJAQDMBts7UDURnc6AQUYNoBI,中華料理龍鳳,2026-10-09 タグ再調査：食べログでラーメン・坦々麺の訪問記録、同住所のGoogleレビュー転載で味噌ラーメン定食を確認。ちゃんぽん・醤油・塩・豚骨の具体的裏付けは得られず保留。出汁素材・麺・担々麺の胡麻/辛さも保留。 根拠URL：https://tabelog.com/ehime/A3802/A380201/38001701/dtlmenu/photo/ ; https://tabelog.com/ehime/A3802/A380201/38001701/dtlrvwlst/ ; https://wanderlog.com/ja/place/details/16322781/龍凰
g-ChIJaSDV-e3lTzUR1O9mvs2WNkc,麺家 なかむら,"【タグ調査 2026-10-09】三番町の店舗を照合。塩・しょうゆ、辛さ選択、鶏ガラの店情報と細麺・あっさりの実食を確認。保留：鯛出汁（口コミに推測表現）、貝柱の現行配合、数量限定カレーの現在の提供、麺の中細表記との仕様差、清湯の明記。CSV2-3-17と食べログ2-3-1は住所表記差として残す。
根拠URL：https://tabelog.com/ehime/A3801/A380101/38006048/dtlmenu/ | https://tabelog.com/ehime/A3801/A380101/38006048/dtlrvwlst/B525460098/ | https://tabelog.com/ehime/A3801/A380101/38006048/dtlrvwlst/B448375303/ | https://www.jpmc.jp/gourmet/20210925/ | https://tabelog.com/matome/7377/"
g-ChIJaSX2rTKBTzURZHmmLB_x1vE,MAY’S KITCHEN,2026-10-09 タグ再調査：同一住所の訪問記事に本日のランチ担々麺、ゴマが効いた味と明記。食べログメニューは取得不十分で通常麺商品の全容は保留。麺太さ・動物出汁・辛さは記載不足で保留。 根拠URL：https://tabelog.com/ehime/A3803/A380301/38015302/dtlmenu/photo/ ; https://blog.livedoor.jp/hidegoforbroke/archives/10687742.html
g-ChIJaWzynn06UDURtSLzHc0VN10,美楽園,2026-10-09 タグ再調査：食べログメニュー写真ページは取得不可。口コミでラーメン・冷めん、冷めんの中太ストレートで少しウェーブの麺を確認。既存の中華そば・ちゃんぽんはメニュー表記を確証できず外す。SoupとCharacterは具体的記載不足で保留。 根拠URL：https://tabelog.com/ehime/A3802/A380201/38000896/dtlmenu/photo/ ; https://tabelog.com/ehime/A3802/A380201/38000896/dtlmenu/photo/ ; https://tabelog.com/ehime/A3802/A380201/38000896/dtlrvwlst/
g-ChIJAYM0yNPSUTURCdISoHpQ-zc,サッポロラーメン 西条店,調査2026-10-09：当店メニュー・口コミの3味を確認。2025年訪問記事の醤油は中細ほぼストレート、あっさり。札幌という店名や記事中の一般的な札幌麺の想像は麺タグに転用しない。保留：出汁原料、自家製麺。 根拠：https://tabelog.com/ehime/A3802/A380202/38007711/；https://plaza.rakuten.co.jp/irome/diary/202509280000/；https://map.yahoo.co.jp/v3/place/Ww2oIOGGvog/menu；https://tabelog.com/ehime/A3802/A380202/38007711/dtlrvwlst/
g-ChIJaz1TVyruTzURS4ozf2z58dE,国重,対象店の実食口コミに中華そばを確認。つけ麺については推測表現で、現行提供を確認できず保留。 保留項目：Soup・Noodle・Character（具体的記述を確認できず）。 2026-10-09調査。根拠・確認先：https://tabelog.com/ehime/A3801/A380101/38006123/dtlrvwlst/B36813000/?type=0 食べログメニュー確認先：https://tabelog.com/ehime/A3801/A380101/38006123/dtlmenu/（一部ページ閲覧不可のため口コミ・公式情報で補完）。 更新前タグ：Style=ラーメン / Soup= / Noodle= / Character=。
g-ChIJb_KLBxPdTzUR2E0UvrBez3Y,吾平,横河原1331-3の対象店を照合し、中華そばの写真説明・口コミを確認。出汁材料・麺仕様は未確認。 保留項目：Soup・Noodle・Character（具体的記述を確認できず）。 2026-10-09調査。根拠・確認先：https://map.yahoo.co.jp/v3/place/ZSfoB-_pcv2 食べログメニュー確認先：https://tabelog.com/ehime/A3801/A380102/38004019/dtlmenu/（一部ページ閲覧不可のため口コミ・公式情報で補完）。 更新前タグ：Style=中華そば｜ラーメン / Soup= / Noodle= / Character=。
g-ChIJB1k0K_XnTzUR4hHW7IZuQTg,麺道 仙波,"【タグ調査 2026-10-09】公式メニューで節らぁ麺・豚そぼろ中華そば（細麺）・辛いらぁ麺を確認。公式レシピは豚骨清湯と白湯のブレンド、醤油ダレに干し貝柱。保留：ブレンド後の清湯／白湯分類、他の切刃の太さ分類、限定鶏白湯の提供継続。
根拠URL：https://tabelog.com/ehime/A3801/A380101/38015285/ | https://semba.mv-g.com/menu/ | https://semba.mv-g.com/kodawari/"
g-ChIJB1xOAEmGRTURzYQGRdTcaFQ,野福,公式に野福ちゃんぽんセット、食べログ口コミに鶏ガラ、別口コミに細めストレート麺・あっさりの記述。ごま油の風味は胡麻出汁と扱わない。 2026-10-09調査。根拠・確認先：https://www.uwa-nofuku.com/ ; https://tabelog.com/ehime/A3804/A380402/38013880/dtlrvwlst/B534223957/ ; https://www.ekiten.jp/shop_2248078/ 食べログメニュー確認先：https://tabelog.com/ehime/A3804/A380402/38013880/dtlmenu/（一部ページ閲覧不可のため口コミ・公式情報で補完）。 更新前タグ：Style=ちゃんぽん / Soup= / Noodle= / Character=。
g-ChIJB237U_Q6UDURwrI4JANzwWE,京屋,鶏ガラ醤油の中華そば、中細ストレートで少しちぢれた麺を具体的に記述する口コミを採用。細麺と表現する別口コミもある。 タグ調査：2026-10-08。出典：https://tabelog.com/ehime/A3802/A380201/38003995/dtlrvwlst/B111745570/ https://tabelog.com/ehime/A3802/A380201/38003995/dtlrvwlst/B504388214/
g-ChIJb2K6Y4SATzUR3HPVzIwuq8E,博多乃風らーめん大郷,2026-10-09 タグ再調査：247行と住所・電話・食べログURLが同一のため同じ公式メニュー・口コミを確認して記入。行は統合しない。とんこつチャンポン、旨辛まぜそば、濃厚ラーメン、季節冷麺あり。保留：ラーメン以外の麺の太さ・冷麺の出汁。 根拠URL：https://www.suigou-daigou.com/menu1 ; https://www.suigou-daigou.com/concept ; https://tabelog.com/ehime/A3803/A380301/38002109/dtlrvwlst/ ; https://www.e-komachi.com/gourmet/16557_20241028/
g-ChIJb7isTkXlTzURNDEsnamn5ak,高見屋,"【タグ調査 2026-10-08】中華そばのメニューと、食べログ口コミのあっさりした和風出汁を確認。保留：Soup（和風出汁の具体的素材・タレ）とNoodle（中細・中太・太の記述が分かれる）。住所はCSV元町8-45、食べログ8-43で表記差あり。
根拠URL：https://tabelog.com/ehime/A3801/A380101/38000269/ | https://tabelog.com/ehime/A3801/A380101/38000269/dtlrvwlst/B112457592/ | https://tabelog.com/ehime/A3801/A380101/38000269/dtlrvwlst/B112322023/ | https://ameblo.jp/mansjjr561-20201108/entry-12638392503.html"
g-ChIJbbujkdLIUTURiXHmtkzWT6s,中国四川酒房 東風,2026-10-09 タグ再調査：実食記載に五目ラーメン。黒いスープという外見から醤油・動物出汁は推定しない。Soup/Noodle/Character保留。中華そばの商品名は確定できず分類保留。 根拠URL：https://tabelog.com/ehime/A3802/A380203/38001726/dtlmenu/photo/ ; https://niihama.mypl.net/shop/00000348988/menu ; https://tabelog.com/ehime/A3802/A380203/38001726/dtlrvwlst/B471325781/
g-ChIJbccUuuR_RTURw4Fu5SVIZDE,熱烈タンタン麺一番亭 大洲店,当店金ゴマ担々麺、実食記事の肉盛りラーメンで味噌豚骨・中太ストレート・ピリ辛を確認。各タグは商品ごとに異なる。 2026-10-09調査。根拠・確認先：https://tabelog.com/ehime/A3803/A380301/38000160/dtlrvwlst/ ; https://ra-mendo-ko-kai.blog.jp/archives/32246453.html 食べログメニュー確認先：https://tabelog.com/ehime/A3803/A380301/38000160/dtlmenu/（一部ページ閲覧不可のため口コミ・公式情報で補完）。 更新前タグ：Style=担々麺｜ラーメン / Soup=胡麻｜鶏｜味噌｜豚骨 / Noodle=細麺｜中太麺 / Character=濃厚｜辛い。
g-ChIJBcdlA0uETzUR-yvFdvobPJk,鼓次郎,対象店の食べログ訪問口コミに八幡浜ちゃんぽん・野菜の出汁が効いたスープの記述あり。麺仕様は未確認。 保留項目：Noodle・Character（具体的記述を確認できず）。 2026-10-09調査。根拠・確認先：https://tabelog.com/ehime/A3803/A380303/38015430/ 食べログメニュー確認先：https://tabelog.com/ehime/A3803/A380303/38015430/dtlmenu/（一部ページ閲覧不可のため口コミ・公式情報で補完）。 更新前タグ：Style=ラーメン / Soup= / Noodle= / Character=。
g-ChIJbdYkoO7lTzURpDX2BvCC-Xs,麺鮮醤油房 周平,"【タグ調査 2026-10-09】公式はラーメンのいりこ・さば節、取材はつけダレの鶏スープ・魚粉と中太ちぢれ自家製麺を明記。ホタテは香味油なので貝出汁タグにはしない。保留：Characterの濃厚／あっさりの現行商品別裏付け。
根拠URL：https://tabelog.com/ehime/A3801/A380101/38000319/ | https://az-earth.com/shop/ | https://ehime-epuri.jp/69699"
g-ChIJbeaj0-FVTzURcZ6brdfWacY,遊厨,当店鶏塩・鶏白湯醤油、太めのつけ麺と期間限定晩柑つけ麺の口コミを確認。柑橘は限定品。現行全メニューは保留。 2026-10-09調査。根拠・確認先：https://map.yahoo.co.jp/v3/place/LHe8OnXsgTY/review ; https://tabelog.com/ehime/A3804/A380404/38011648/dtlrvwlst/?type=0 食べログメニュー確認先：https://tabelog.com/ehime/A3804/A380404/38011648/dtlmenu/（一部ページ閲覧不可のため口コミ・公式情報で補完）。
g-ChIJbS74BNjuTzURmFRPZQJ3FWk,サッポロラーメン 八倉店,2026-10-09 タグ再調査：当店の食べログ実食口コミに味噌ラーメン、中細で少しちぢれた麺、ピリッとした辛さ。保留：メニュー写真ページ閲覧不可、味噌以外の味・出汁・製麺方式は確認できず。 根拠URL：https://tabelog.com/ehime/A3801/A380103/38012243/dtlrvwlst/B456292806/ ; https://tabelog.com/ehime/A3801/A380103/38012243/dtlmenu/photo/
g-ChIJBSfCXB7lTzURsF8BTdwyBdI,周旋人,"【タグ調査 2026-10-08】北立花のG-MEN AGENT掲載を照合。豚野郎、アブラ・ニンニク、極太油そばを確認。口コミに醤油の強い非乳化スープ・骨の出汁。保留：清湯・白湯（非乳化／微乳化の記述差）、自家製麺（開花楼麺の口コミがあり未付与）。旧三番町店のデータは直接転用しない。
根拠URL：https://tabelog.com/ehime/A3801/A380101/38016266/dtlrvwlst/B504029556/ | https://tabelog.com/ehime/A3801/A380101/38016266/dtlrvwlst/B507599456/ | https://www.e-komachi.com/gourmet/41366_20260207/ | https://map.yahoo.co.jp/v3/place/AKNLzSuMXKo/review"
g-ChIJByPlEcRhTzURGasu_tscb7M,かどや,住所が一致するきさいや広場店として照合。施設公式に宇和島ちゃんぽん・鯛だし塩ラーメン掲載。ちゃんぽんの出汁詳細は未確認。 保留項目：Noodle・Character（具体的記述を確認できず）。 2026-10-09調査。根拠・確認先：https://www.kisaiyahiroba.com/eat/kadoya/ ; https://www.kadoya-taimeshi.com/kadoyamanage/shoplist/kisaiyahiroba/ 更新前タグ：Style=ラーメン / Soup= / Noodle= / Character=。
g-ChIJbz1we3f2RTURNsW9oKOX9MA,鶴亀,津島町岩松の対象店の口コミにチャンポン風ラーメンの記述。正式メニュー名・出汁・麺は不明。同名別店の鯛だしラーメンは採用しない。 保留項目：Soup・Noodle・Character（具体的記述を確認できず）。 2026-10-09調査。根拠・確認先：https://wanderlog.com/ja/place/details/17161295/%E9%B6%B4%E4%BA%80 ; https://tsushima-sci.or.jp/shop/gourmet/tsurukame/ 食べログメニュー確認先：https://tabelog.com/ehime/A3804/A380401/38006241/dtlmenu/（一部ページ閲覧不可のため口コミ・公式情報で補完）。 更新前タグ：Style=ラーメン / Soup= / Noodle= / Character=。
g-ChIJC0TUAq3BTzUR2XDPdknKJEw,豚太郎 久万店,当店味噌メニューの記述のみ反映。麺・出汁内訳・特徴は保留。 保留項目：Noodle・Character（具体的記述を確認できず）。 2026-10-09調査。根拠・確認先：https://retty.me/area/PRE38/ARE145/SUB39005/100001238276/ 食べログメニュー確認先：https://tabelog.com/ehime/A3803/A380304/38011476/dtlmenu/（一部ページ閲覧不可のため口コミ・公式情報で補完）。 更新前タグ：Style=ラーメン / Soup=味噌｜塩｜醤油｜カレー / Noodle= / Character=。
g-ChIJc6qCeNx_RTURpZXiWndEioY,ルーム千秋,同名店のポコペン横丁出店では昭和の中華そばの記述があるが、CSV住所の大洲9-7での提供を照合できず。出店会場のメニューを本店舗へ転用せず保留。 保留項目：Style・Soup・Noodle・Character（具体的記述を確認できず）。 2026-10-09調査。根拠・確認先：https://tabelog.com/ehime/A3803/A380301/38008667/ ; https://www.instagram.com/reel/DJkbi8Oz1wj/ 更新前タグ：Style=ラーメン / Soup= / Noodle= / Character=。
g-ChIJcecK2EfvTzURFpcPxKZQJwE,ねぎ坊主,【タグ調査 2026-10-08】食べログ実食で塩、味噌チャーシュー、細麺とすっきりした味を確認。黒ゴマ塩ラーメン、魚介3種の出汁、にんにくラーメンの記録あり。胡麻は黒ゴマの商品に対応。豚骨は口コミの推測に留まるため付けない。 根拠：https://tabelog.com/ehime/A3801/A380101/38000207/ https://tabelog.com/ehime/A3801/A380101/38000207/dtlrvwlst/B500615673/ https://r.gnavi.co.jp/1rpg51ty0000/ https://map.yahoo.co.jp/v3/place/jIw3UbE4D4-/review/haqykEkET7mWcs7hthaYJg
g-ChIJCed9Pc_SUTURvpQWzKPTUM8,ラーメン亭,調査2026-10-09：当店メニュー・口コミの醤油・塩と鶏ガラ、あっさりの評を確認。保留：麺幅・製麺、夏季冷麺の現行提供。鶏ガラの記述は古い訪問記事に基づくため変更の可能性は残る。 根拠：https://tabelog.com/ehime/A3802/A380202/38001295/；https://map.yahoo.co.jp/v3/place/zbpSiPk4f7E/review；https://ameblo.jp/jedaisuke-g/entry-12237606426.html；https://www.hotpepper.jp/strJ000544564/
g-ChIJCftfQ7rSUTURLud6ZmYd3Pc,ちゃーしゅう工房いしづち店,調査2026-10-09：公式サイトで北海道産小麦の中太ちぢれ麺、鶏ガラ・豚骨・野菜・魚介の重層スープとあっさりを確認。店舗発信の醤油・塩・味噌を反映。保留：開発麺を自家製麺とは断定しない。ざる・冷麺など季節メニューの現行提供。 根拠：https://tabelog.com/ehime/A3802/A380202/38010990/；https://char-shu-kobo.jp/；https://niihama.mypl.net/article/myshop-gourmet_niihama-saijo/9748
g-ChIJcTKZgDV2TzUR68DU8zzyld8,レストラン 停満里,対象店口コミに米塩ラーメン・米粉麺を確認。米粉麺に対応する既存タグはなく、麺タグは空欄。スープカレー米麺のつけ麺型料理は通常の中華麺と区別し、つけ麺・カレーは保留。 保留項目：Noodle・Character（具体的記述を確認できず）。 2026-10-09調査。根拠・確認先：https://tabelog.com/ehime/A3804/A380402/38007474/dtlrvwlst/B289487623/ ; https://tabelog.com/ehime/A3804/A380402/38007474/dtlrvwlst/ 食べログメニュー確認先：https://tabelog.com/ehime/A3804/A380402/38007474/dtlmenu/（一部ページ閲覧不可のため口コミ・公式情報で補完）。 更新前タグ：Style=ラーメン / Soup= / Noodle= / Character=。
g-ChIJcwfPKi3JUTURUeDejrGb7vQ,多賀屋食堂 菊本支店,中華そば・チャンポン・冷麺の口コミと中細麺を確認。東店の出汁は流用しない。 保留項目：Soup・Character（確定できる記述なし）。 更新前タグ：Style=中華そば / Soup= / Noodle= / Character=。 2026-10-09調査。食べログの料理メニューは一部閲覧不可。根拠・確認先：https://tabelog.com/ehime/A3802/A380203/38004428/dtlrvwlst/ メニュー確認先：https://tabelog.com/ehime/A3802/A380203/38004428/dtlmenu/ 補完URL：https://tabelog.com/ehime/A3802/A380203/38004428/dtlrvwlst/B433337797/
g-ChIJCxzDPs1hTzURKH0rFVhxVPE,ルパ・ルパ,2026-10-09 タグ再調査：保留：当店食べログメニュー写真ページは閲覧不可。店舗情報・口コミを検索したが、ちゃんぽん・担々麺・醤油を確定できる当店のメニュー記述を取得できず既存タグを空欄にした。ラーメン有無列は今回の変更対象外として保持。 根拠URL：https://tabelog.com/ehime/A3804/A380401/38007558/dtlmenu/photo/ ; https://tabelog.com/ehime/A3804/A380401/38007558/dtlrvwlst/ ; https://map.yahoo.co.jp/v3/place/BJ2z5YYH2Oc
g-ChIJcyg3BOzlTzURDtf3MCAd4hs,錦 iwamoto,【タグ保留】Character：既存の白湯は現行の鶏・鯛商品の根拠を確認できず外して保留。Style：まぜそばは曜日限定で提供曜日の確認が必要。 【タグ調査 2026-10-08】食べログ料理メニューと2026年店紹介を照合。真鯛塩の寿、媛っこ地鶏醤油の錦、鶏塩の塩錦。鯛と4種の野菜による澄んだスープ、京都製麺所の中細ストレート。まぜそばは曜日限定の商品記録。自家製麺ではない。 根拠：https://tabelog.com/ehime/A3801/A380101/38011671/ https://tabelog.com/ehime/A3801/A380101/38011671/dtlmenu/ https://www.e-komachi.com/gourmet/41102_20260130/ https://ehime-epuri.jp/69263
g-ChIJCyZFzhk7UDURXuHOa7gOf3s,らぁめんTaikou,【タグ保留】Noodle・味のタレ（塩／醤油）未確認。鯛出汁の澄んだスープを確認。 タグ調査：2026-10-08。出典：https://tabelog.com/ehime/A3802/A380201/38016587/ https://h-kikusui.jp/ramen-taikou/
g-ChIJd_lN5Fh5TzURIuCRZmUxmeY,麺や 一心,2026-10-09 タグ再調査：元祖中華そばのメニュー名、細麺・旨こく中太麺を店舗口コミで確認。取材記事に鶏ガラとイリコのダブルスープ、ニンニク・豆板醤。旨こくは中太／平ちぢれの選択記述あり、ちぢれ麺のみ使用。保留：自家製は独自配合という説明だけでは断定せず。 根拠URL：https://tabelog.com/ehime/A3804/A380402/38011504/ ; https://www.e-komachi.com/gourmet/41410_20260211/ ; https://www.e-komachi.com/gourmet/16561_20241029/ ; https://ehime-epuri.jp/62446
g-ChIJd1kl4OCATzUR-1X2rI7cYHU,神山食堂,過去の中華そば・中太麺を確認。現在は弁当のみとの投稿があり現行提供は保留。 保留項目：Soup・Character（確定できる記述なし）。 更新前タグ：Style=中華そば / Soup= / Noodle= / Character=。 2026-10-09調査。食べログの料理メニューは一部閲覧不可。根拠・確認先：https://blog.livedoor.jp/firststepot/archives/52017249.html メニュー確認先：https://tabelog.com/ehime/A3803/A380301/38008000/dtlmenu/
g-ChIJd6zNqISERTUR3l_v2x3_eI0,みなと,矢野町7丁目の対象店の食べログ実食口コミで八幡浜ちゃんぽん提供を確認。港のアゴラマルシェとは区別し、出汁・麺は未確認。 保留項目：Soup・Noodle・Character（具体的記述を確認できず）。 2026-10-09調査。根拠・確認先：https://tabelog.com/ehime/A3803/A380302/38005200/ 食べログメニュー確認先：https://tabelog.com/ehime/A3803/A380302/38005200/dtlmenu/（一部ページ閲覧不可のため口コミ・公式情報で補完）。 更新前タグ：Style=ラーメン / Soup= / Noodle= / Character=。
g-ChIJD7BH98cpUDURWmISBDeGm2s,覇王樹,2026-10-09 タグ再調査：実食に悪魔のささやき（にんにく醤油ラーメン）、口コミに冷麺。麺太さ・出汁材料・清湯の確証不足で保留。小悪魔という名称だけでは辛いを採用しない。 根拠URL：https://tabelog.com/ehime/A3802/A380202/38010516/dtlmenu/photo/ ; https://tabelog.com/ehime/A3802/A380202/38010516/dtlrvwlst/ ; https://ameblo.jp/mansjjr561-20201108/entry-12872113199.html ; https://map.yahoo.co.jp/v3/place/U8mKu_VKS_w/review
g-ChIJd7qGT-0vUDURyn97tA-VEt8,ますみ,調査2026-10-09：店主取材で2社の醤油、新居浜の製麺所の中太ストレート麺を確認。口コミの細麺より取材の具体説明を優先。保留：出汁原料、季節冷麺の現行提供。CSV三津屋185と公開情報184-1の差異は住所変更せず記録。 根拠：https://tabelog.com/ehime/A3802/A380202/38010722/；https://ehime-epuri.jp/64019；https://ehimesasurai.blog.jp/archives/54636387.html
g-ChIJD8FokKnlTzURDXSbDHiEo9M,麺屋もりと,"【タグ調査 2026-10-09】当店の中華そば・鶏白湯・煮干しつけ麺を照合。2026年取材が鶏白湯＋国産煮干し・3種の節、自家製中太平打麺、真鯛ラーメンと醤油・塩を明記。保留：まぜそばの現行商品名、旧hajime表記が残る配達紹介文と現在の掲載の対応、つけ麺以外の麺仕様。平打ちは備考のみ。
根拠URL：https://tabelog.com/ehime/A3801/A380101/38015300/dtlrvwlst/ | https://demae-can.com/shop/menu/3269049 | https://ehime-epuri.jp/69767 | https://ehime-epuri.jp/35190 | https://www.ubereats.com/jp/store/麺屋もりと/T3CwC4XhXbSAe-YmefA2Jg"
g-ChIJdbv_5fHlTzURDSDHGPOV7LY,台北,2026-10-09 タグ再調査：メニュー欄と2025年同店タールーメン実食記載に醤油スープ・中細ストレート。動物出汁、製法、Characterは明記不足で保留。胡椒の刺激だけで辛麺へ分類しない。 根拠URL：https://tabelog.com/ehime/A3801/A380101/38001669/dtlmenu/photo/ ; https://map.yahoo.co.jp/v3/place/_kvVulPjqms/review/wc2cEENxTh6KyOTwudzAig
g-ChIJdce-SADnTzURB72TcqKI0Y0,横浜家系ラーメン 一門家 枝松店,【タグ保留】Style・Soup：既存の中華そば・塩はこの支店の現行商品として明確に確認できず、確定タグから外して保留。 【タグ調査 2026-10-08】当店食べログ実食で家系二郎。2026年店紹介に豚骨醤油、野菜味噌ラーメン、濃厚魚介豚骨つけ麺を明記。家系は低加水中太麺。背脂は家系二郎の当店実食記録に対応。他支店のメニューから未確認商品を補わない。 根拠：https://tabelog.com/ehime/A3801/A380101/38015536/ https://tabelog.com/ehime/A3801/A380101/38015536/dtlrvwlst/B495376824/ https://ehime-epuri.jp/69619
g-ChIJDflt7PjOUTURDi4xa98nxy0,新創作四川料理 萬來,2026-10-09 タグ再調査：店舗発信の焼き豚ラーメンに醤油、訪問記事の担々麺は辛さ1～5を選択。塩や胡麻出汁・麺太さは確証不足により保留。 根拠URL：https://tabelog.com/ehime/A3802/A380203/38006452/dtlmenu/photo/ ; https://niihama.mypl.net/shop/00000348653/news?d=2941251 ; https://spicelover.net/manrai
g-ChIJdfqhgt3lTzUR0INHkJ38Koc,松流 フジグラン松山本店,"【タグ調査 2026-10-08】2026年9月開店後の掲載に絞って照合。現行訪問メニューに鰹中華そば・博多豚骨・まぜそば・濃厚つけ麺・豚骨油そば、新店記事に家系。博多豚骨の極細麺、油そばの濃厚豚骨ダレを確認。保留：塩メニュー、博多以外の麺の太さ・各商品の出汁配合。油そばは特注平打麺（平打ちタグは追加しない）。任意の鯛節は出汁と区別。
根拠URL：https://tabelog.com/ehime/A3801/A380101/38017384/ | https://tabelog.com/ehime/A3801/A380101/38017384/dtlrvwlst/B534879080/ | https://matsuyama.goguynet.jp/2026/09/18/matsuryuu/ | https://ehime-navi.com/松流-松山本店（松山市）｜名物の/"
g-ChIJDRo62pCATzUR4GaQios4bgo,アジト(AJI10),2026-10-09 タグ再調査：食べログに台湾まぜそばを含む掲載。取材記事で鶏ガラ・魚介と自家製極太麺、口コミに塩鶏白湯と自家製中細麺。平打ちタグは使用しない。保留：今回豚骨の出汁を確認できず既存タグを外した。 根拠URL：https://tabelog.com/ehime/A3803/A380301/38009864/dtlmenu/photo/ ; https://ehime-epuri.jp/69505 ; https://www.e-komachi.com/gourmet/41356_20260209/ ; https://tabelog.com/ehime/A3803/A380301/38009864/
g-ChIJE6EHN8lhTzURtaXyaXtF31g,龍々亭,2026-10-09 タグ再調査：食べログのちゃんぽん掲載とInstagramのラーメン訪問投稿を確認。文字メニューと写真ページは取得できず、既存の味噌は裏付け不足で保留。出汁・麺・特徴も保留。麻婆豆腐丼の辛さを麺のタグへ転用しない。 根拠URL：https://tabelog.com/ehime/A3804/A380401/38001711/dtlmenu/photo/ ; https://www.instagram.com/p/DCZJzGLTjaD/
g-ChIJe8ZV_H6RUTUR9Gf3sU1Fcpo,らーめん こぶた堂,【タグ調査 2026-10-08】とんこつ・黒とんこつ・赤からとんこつの提供記録あり。極細麺とまろやかな豚骨白濁スープを確認。あっさりは基本豚骨、辛いは赤から。セットのカレーはラーメンスープではないためカレータグは付けない。 根拠：https://tabelog.com/ehime/A3802/A380204/38013814/dtlrvwlst/ https://tabelog.com/ehime/A3802/A380204/38013814/dtlrvwlst/B437643465/
g-ChIJEf1QFhKVUTURxXSt3BmYvT4,うどん・ラーメン みしま屋,【タグ保留】Noodle：同じ中華そばを細麺・中細麺と記述する資料があり、現行の太さを確定できない。 【タグ調査 2026-10-08】食べログ口コミの中華そばはイリコ醤油の澄んだスープ。2026年9月実食記事は熟成醤油・淡麗醤油を掲載。中華そばは過去提供名で、現行メニュー名との対応は要確認。柚子胡椒は別添えのため柑橘タグは付けない。 根拠：https://tabelog.com/ehime/A3802/A380204/38014352/dtlrvwlst/?type=0 https://yurimaman.com/archives/68813 https://kagawa-life.website/mishimaya/
g-ChIJeW4d77X3RTURX41caZvVXdI,和み茶屋,対象店の実食口コミにあっさりラーメンの記述。出汁材料・麺仕様は未確認。 保留項目：Soup・Noodle（具体的記述を確認できず）。 2026-10-09調査。根拠・確認先：https://tabelog.com/ehime/A3804/A380401/38016570/ 食べログメニュー確認先：https://tabelog.com/ehime/A3804/A380401/38016570/dtlmenu/（一部ページ閲覧不可のため口コミ・公式情報で補完）。 更新前タグ：Style=ラーメン / Soup= / Noodle= / Character=。
g-ChIJewxrn7roTzURPptT1tLgA18,楽仔,2026-10-09 タグ再調査：食べログメニュー写真一覧と来住町店舗のちゃんぽん実食を照合。一般ラーメン・中華そばのメニュー表記は未確認で保留。Soup/Noodle/Characterは味の具体的説明不足で空欄。住所の1278/1287表記差は既存住所を変更せず残す。 根拠URL：https://tabelog.com/ehime/A3801/A380101/38006093/dtlmenu/photo/ ; https://map.yahoo.co.jp/v3/place/e7Pje7O0I8A/review
g-ChIJewyucF_PUTURvIXnP2rames,中華蕎麦つけ麺 一 hajime 新居浜店,調査2026-10-09：店舗メニューの醤油・塩・辛つけ麺・濃厚魚介、配達メニューの鶏白湯・鰹と中太麺、店舗発信の鰹まぜそばを反映。保留：Wスープの豚は骨の使用まで未確認のため豚骨は未設定。はまぐり等の現行提供、自家製麺。 根拠：https://tabelog.com/ehime/A3802/A380203/38014066/；https://tabelog.com/ehime/A3802/A380203/38014066/dtlmenu/；https://www.ubereats.com/jp/store/%E4%B8%AD%E8%8F%AF%E8%95%8E%E9%BA%A6%E3%81%A4%E3%81%91%E9%BA%BA-%E4%B8%80-hajime-%E6%96%B0%E5%B1%85%E6%B5%9C%E5%BA%97-chinese-noodles-and-tsukemen-hajime-niihama-branch/1Dbq1AL-XUioIbVFg867vQ?diningMode=DELIVERY；https://niihama.mypl.net/shop/00000369147/news?d=2981398
g-ChIJF_s3PgDzTzURqkzV87VYh2A,Jふらんく 伊予店,ステーキ・ハンバーグ中心の掲載内容を確認。対象店のラーメン提供・出汁・麺を再確認できず、既存タグは保留。 保留項目：Style・Soup・Noodle・Character（具体的記述を確認できず）。 2026-10-09調査。根拠・確認先：https://tabelog.com/ehime/A3801/A380103/38016122/ 食べログメニュー確認先：https://tabelog.com/ehime/A3801/A380103/38016122/dtlmenu/（一部ページ閲覧不可のため口コミ・公式情報で補完）。 更新前タグ：Style=ラーメン / Soup= / Noodle= / Character=。
g-ChIJf1IRzB19RTURrmxLEL5-DSY,泉屋,八多喜町甲58の対象店紹介記事に中華そばの注文を確認。味噌・冷やし・辛さの既存タグは提供根拠を再確認できず。白滝の同名店は区別。 保留項目：Soup・Noodle・Character（具体的記述を確認できず）。 2026-10-09調査。根拠・確認先：https://blog.livedoor.jp/hidegoforbroke/archives/9093145.html 食べログメニュー確認先：https://tabelog.com/ehime/A3803/A380301/38015451/dtlmenu/（一部ページ閲覧不可のため口コミ・公式情報で補完）。 更新前タグ：Style=中華そば｜ラーメン｜冷やし / Soup=味噌 / Noodle= / Character=辛い。
g-ChIJF42TdVrlTzURHfGa_O-neUc,長浜ラーメン 長浜一番,"【タグ調査 2026-10-09】若葉町の店舗を照合。長浜ラーメンのメニュー、豚骨と細ストレート麺・あっさりした味を確認。長崎の同名店の自家製麺情報は転用しない。
根拠URL：https://tabelog.com/ehime/A3801/A380101/38000056/dtlmenu/photo/ | https://www.e-komachi.com/gourmet/40977_20260128/ | https://ehimesasurai.blog.jp/archives/59482334.html"
g-ChIJf9LPu046UDUR2hD_QxMwoQo,梁山泊 本店,2026-10-09 タグ再調査：本店の食べログメニュー欄と口コミでラーメン・冷麺。冷麺は中細・少し縮れ、酸味のあるあっさりスープ。Soupの味付け・出汁材料が明記されず保留。共栄町店のタグは転用しない。 根拠URL：https://tabelog.com/ehime/A3802/A380201/38002812/dtlmenu/photo/ ; https://tabelog.com/ehime/A3802/A380201/38002812/dtlrvwlst/
g-ChIJFbvFKhrTUTURbPzS2zEMBig,あかのれん,対象店のラーメン店掲載を確認。食べログ掲載保留のため現行営業・メニューは未確認。出汁・麺の具体的根拠は得られず。 保留項目：Soup・Noodle・Character（具体的記述を確認できず）。 2026-10-09調査。根拠・確認先：https://tabelog.com/ehime/A3802/A380202/38008547/ 食べログメニュー確認先：https://tabelog.com/ehime/A3802/A380202/38008547/dtlmenu/（一部ページ閲覧不可のため口コミ・公式情報で補完）。 更新前タグ：Style=ラーメン / Soup= / Noodle= / Character=。
g-ChIJFZK6QJf5RTURgYxur-9QLZ8,【公式】ゆらり内海,食べログ料理メニュー検索で藻塩ラーメン・海老天入りの記載を確認。海老天を海老出汁とは扱わない。出汁原料・麺・特徴は保留。 保留項目：Noodle・Character（具体的記述を確認できず）。 2026-10-09調査。根拠・確認先：https://tabelog.com/ehime/A3804/A380404/38007190/dtlmenu/ 食べログメニュー確認先：https://tabelog.com/ehime/A3804/A380404/38007190/dtlmenu/（一部ページ閲覧不可のため口コミ・公式情報で補完）。 更新前タグ：Style= / Soup=塩｜魚介 / Noodle= / Character=あっさり。
g-ChIJfzT_DQCVUTURNK12vAv8kcY,揚足鳥 いちよし,対象店の食べログ料理メニューに中華そばを確認。唐揚げの鶏を出汁根拠にせず。 保留項目：Soup・Noodle・Character（具体的記述を確認できず）。 2026-10-09調査。根拠・確認先：https://tabelog.com/ehime/A3802/A380204/38015557/dtlmenu/ 食べログメニュー確認先：https://tabelog.com/ehime/A3802/A380204/38015557/dtlmenu/（一部ページ閲覧不可のため口コミ・公式情報で補完）。 更新前タグ：Style=中華そば / Soup= / Noodle= / Character=。
g-ChIJg-g9crblTzUR7NNNw6mL-Eg,かど八,対象店を含む旅行記に〆の中華そばを確認。出汁・麺の具体的説明は未確認。 保留項目：Soup・Noodle・Character（具体的記述を確認できず）。 2026-10-09調査。根拠・確認先：https://4travel.jp/travelogue/11967156 食べログメニュー確認先：https://tabelog.com/ehime/A3801/A380101/38003640/dtlmenu/（一部ページ閲覧不可のため口コミ・公式情報で補完）。 更新前タグ：Style=中華そば / Soup= / Noodle= / Character=。
g-ChIJg1_sAhriTzURF4toWrErlRc,仙楓,2026-10-09 タグ再調査：メニュー写真一覧にラーメン・半ラーメン、担々麺実食記事を照合。出汁材料・麺太さ・具体的Characterは未記載のため保留。旧あっさりを推測で継続しない。 根拠URL：https://tabelog.com/ehime/A3801/A380101/38001683/dtlmenu/photo/ ; https://ameblo.jp/1090134/entry-12792566729.html
g-ChIJg10MWgbBUTURipeF-FRVQbY,こだま食堂,【タグ調査 2026-10-08】食べログの実食でラーメン・つけ麺、ラーメンの平麺／細麺選択を確認。標準麺は中太手もみ縮れ、イリコの澄んだスープ。醤油・塩の調味分類は根拠不足のため付けない。平打ち形状は備考のみ。 根拠：https://tabelog.com/ehime/A3802/A380204/38016460/dtlrvwlst/ https://tabelog.com/ehime/A3802/A380204/38016460/dtlrvwlst/B509472642/ https://www.e-komachi.com/gourmet/41161_20260129/
g-ChIJG4LDwaXoTzURrd8KLEMoZbA,四川旬菜アスター,"【タグ調査 2026-10-08】食べログメニューページと店公式料理メニューを照合。担々麺の炒り胡麻・自家製ラー油、醤油・味噌ラーメン・チャンポンメンを確認。2026年8月口コミに冷やし担々麺。保留：Noodle、動物系出汁の素材、痺れ（四川料理という名称だけでは付与しない）。冷やしは夏の提供実績。
根拠URL：https://tabelog.com/ehime/A3801/A380101/38000395/dtlmenu/photo/ | https://shisenshunsaiaster.owst.jp/foods | https://www.hotpepper.jp/strJ000547457/report/detail_om0027111175_rn20260826A00467/"
g-ChIJG5n5_WmUUTURKbQdJA2oiWw,マルキン食堂,あっさり醤油ラーメンを確認。 保留項目：Noodle（確定できる記述なし）。 更新前タグ：Style=ラーメン / Soup= / Noodle= / Character=。 2026-10-09調査。食べログの料理メニューは一部閲覧不可。根拠・確認先：https://note.com/brave_duck832/n/n03681271abd0 メニュー確認先：https://tabelog.com/ehime/A3802/A380204/38003908/dtlmenu/
g-ChIJgcBJkLbSUTURPRJwUwp2zlU,台湾料理 昇龍,2026-10-09 タグ再調査：当該店舗のメニュー欄に台湾ラーメン。名称だけでは辛さ・出汁・麺太さを確定できずSoup/Noodle/Character保留。 根拠URL：https://tabelog.com/ehime/A3802/A380202/38008006/dtlmenu/photo/ ; https://map.yahoo.co.jp/v3/place/4uJ0fN769_U/menu?filter=menu
g-ChIJgQBS7lblTzURARY9vhCMZSs,東京油組総本店 大街道組,"【タグ調査 2026-10-09】当店メニューの醤油味油そば・辛味噌油そばを確認。公式が自家製麺と説明し、大街道組の開店・店舗掲載も照合。当店口コミにさっぱりした味。Soupは汁なし商品のタレ分類。保留：麺の太さ（他支店の太麺情報は転用しない）。
根拠URL：https://tabelog.com/ehime/A3801/A380101/38015032/dtlmenu/photo/ | https://demae-can.com/shop/menu/3321172 | https://www.tokyo-aburasoba.com/ | https://tabelog.com/ehime/A3801/A380101/38015032/dtlrvwlst/B504296336/?type=0"
g-ChIJgVOhPIGERTURxWUzqRBrgUU,もつ鍋ダイニング居食屋 月天(炭火焼鳥と自家製麺の店),2026-10-09 タグ再調査：当該店の料理・注文記録に担々冷麺、自家製麺の記載。出汁材料・麺太さ・辛さは詳細本文を取得できず保留。 根拠URL：https://tabelog.com/ehime/A3803/A380302/38001115/dtlmenu/photo/ ; https://tabelog.com/ehime/A3803/A380302/38001115/
g-ChIJGw4gjb-ATzURSBgVUZ5DrzM,みろく家,2026-10-09 タグ再調査：店舗口コミで豚骨・醤油・味噌・担々麺、細めストレート麺とあっさり豚骨を確認。保留：担々麺の胡麻等の材料・製麺方式は確認できず。 根拠URL：https://tabelog.com/ehime/A3803/A380301/38012109/dtlrvwlst/ ; https://tabelog.com/ehime/A3803/A380301/38012109/dtlrvwlst/B342328793/ ; https://map.yahoo.co.jp/v3/place/LLTc7ka_yMg/review
g-ChIJgxnrJMXlTzURAZx1LhppCOc,菜温,2026-10-09 タグ再調査：メニュー写真欄と実食記事に季節限定冷やし担々麺。冷やしは辛子成分なし・卓上ラー油調整との記述のため旧辛いを断定しない。胡麻・動物出汁・麺太さは明記不足で保留。現在の季節提供未確認。 根拠URL：https://tabelog.com/ehime/A3801/A380101/38001329/dtlmenu/photo/ ; https://ameblo.jp/1090134/entry-12295874103.html
g-ChIJgYHoJPLlTzURqUsmzgJ5YYg,一力食堂,中華そば・細麺を確認。 保留項目：Soup・Character（確定できる記述なし）。 更新前タグ：Style=中華そば / Soup=鶏 / Noodle= / Character=。 2026-10-09調査。食べログの料理メニューは一部閲覧不可。根拠・確認先：https://tabelog.com/ehime/A3801/A380101/38008147/dtlrvwlst/ メニュー確認先：https://tabelog.com/ehime/A3801/A380101/38008147/dtlmenu/
g-ChIJgZwRrW08UDURAKPmYHFbBxc,てんまや食堂,【タグ保留】麺の太さ未確認。中華そば・鰹出汁・自家製麺を口コミと店主紹介で確認。昆布も使用するが既存タグに該当なし。旧清湯は明記確認未了のため除外。 タグ調査：2026-10-08。出典：https://tabelog.com/ehime/A3802/A380201/38004117/dtlrvwlst/B42572670/?type=0 https://www.cyclo-shimanami.com/blog/tenmaya-shokudo/
g-ChIJh0l4aADpTzURazyiHqJKvug,横浜家系ラーメン 一門家東温店,2026-10-09 タグ再調査：移転後の当店口コミに豚骨醤油ラーメン、中太の麺。店舗訪問記事に家系二郎。保留：中華そばというメニュー名、味噌・魚介・塩の現行提供を今回裏付けできず既存タグを外した。平打ちタグは使用しない。 根拠URL：https://tabelog.com/ehime/A3801/A380102/38016798/dtlrvwlst/B519360030/ ; https://ameblo.jp/tomeo28119/entry-12952806497.html ; https://ameblo.jp/cafeblogehime/entry-12950878087.html ; https://www.instagram.com/ichimonya_toon/
g-ChIJH4J-mX86UDURBEI6eijDIZ8,聚香楼,2026-10-09 タグ再調査：食べログメニュー写真欄・実食口コミでラーメン、みそラーメン、ちゃんぽんメン。野菜は餡の具であり出汁根拠にならないため野菜タグなし。動物・魚介出汁、麺太さ、Character保留。 根拠URL：https://tabelog.com/ehime/A3802/A380201/38011793/dtlmenu/photo/ ; https://tabelog.com/ehime/A3802/A380201/38011793/dtlrvwlst/B323968546/
g-ChIJh5tFnPyCTzUR04inkh6JcH4,食べ処呑み処 味人-AJITO-,2026-10-09 タグ再調査：公式LINEに肱川ラーメン・味人ラーメン・ちゃんぽん・つけ麺。味噌等の味種・出汁、麺太さ、Characterは確証不足により保留。 根拠URL：https://tabelog.com/ehime/A3803/A380301/38007228/dtlmenu/photo/ ; https://page.line.me/ciw8836p ; https://ehimesasurai.blog.jp/archives/48037301.html
g-ChIJh6qjlvPlTzURRdhkON-EnzM,九州豚骨醤油 鯉から竜 松山店,"【タグ調査 2026-10-08】豚骨醤油・醤油、赤丸の辛味にんにくダレを確認。取材記事で中太麺・濃厚豚骨。鶏油は香味油として記載し、鶏出汁とは判定しない。保留：朝限定博多豚骨・季節つけ麺の麺仕様と現在の提供時期、家系の明確な分類。
根拠URL：https://tabelog.com/ehime/A3801/A380101/38016009/dtlmenu/photo/ | https://ehime-epuri.jp/50257"
g-ChIJh6zAANDSUTUR897iQJ2V6tI,松葉家,調査2026-10-09：当店メニュー・口コミで中華そば、鶏ガラ醤油、中細麺とあっさりを確認。保留：少しねじれたという評のみではちぢれ麺とは断定しない。自家製麺。出汁の具体記述は古い訪問記事に基づく。 根拠：https://tabelog.com/ehime/A3802/A380202/38003249/；https://tabelog.com/ehime/A3802/A380202/38003249/dtlrvwlst/；https://ameblo.jp/koohg3/entry-12384651500.html；https://ehimesasurai.blog.jp/archives/52911564.html
g-ChIJHbNnv9h_RTURj9DN6HYzN54,臥龍茶屋,対象店の訪問記事と観光紹介にラーメン掲載。臥龍の湯や三軒茶屋の同名ラーメン店とは区別し、出汁・麺は保留。 保留項目：Soup・Noodle・Character（具体的記述を確認できず）。 2026-10-09調査。根拠・確認先：https://blog.livedoor.jp/hidegoforbroke/archives/7464377.html ; https://www.allway-japan.com/travelpost/302331/ 食べログメニュー確認先：https://tabelog.com/ehime/A3803/A380301/38001189/dtlmenu/（一部ページ閲覧不可のため口コミ・公式情報で補完）。 更新前タグ：Style=ラーメン / Soup= / Noodle= / Character=。
g-ChIJhd8-Cs_OUTURoOJtiu65P1w,福ちゃん,対象店のラーメン実食口コミを確認。出汁・麺の具体的説明は未確認。 保留項目：Soup・Noodle・Character（具体的記述を確認できず）。 2026-10-09調査。根拠・確認先：https://tabelog.com/ehime/A3802/A380203/38015372/ 食べログメニュー確認先：https://tabelog.com/ehime/A3802/A380203/38015372/dtlmenu/（一部ページ閲覧不可のため口コミ・公式情報で補完）。 更新前タグ：Style=ラーメン / Soup= / Noodle= / Character=。
g-ChIJhTJ1QcT1RTURkEZlpSkoTVM,八戒,【タグ保留】Noodle・Character未確認。 タグ一次確認 2026-10-08：ラーメン・ちゃんぽんを確認。2026年7月口コミに味噌・醤油の注文あり。塩は再確認できず除外。麺の太さ・出汁・Character未確認。 出典：https://tabelog.com/ehime/A3804/A380401/38005440/dtlrvwlst/
g-ChIJHUP4cZXlTzURoyF1eYXRZOg,味噌とんこつらーめん まる,"【タグ調査 2026-10-09】当店の味噌豚骨・辛味噌メニューを確認。2025年実食に豚骨ベース・中太麺・見た目よりあっさり、食べログ口コミにこってり・濃厚・縮れ麺。Characterは商品別・食べ手の実食表現に対応。
根拠URL：https://tabelog.com/ehime/A3801/A380101/38012616/dtlmenu/photo/ | https://tabelog.com/ehime/A3801/A380101/38012616/dtlrvwlst/B484905719/ | https://tabelog.com/ehime/A3801/A380101/38012616/dtlrvwlst/B383491894/?type=0 | https://tabelog.com/ehime/A3801/A380101/38012616/dtlrvwlst/ | https://matsuyama.goguynet.jp/2025/02/26/maru-2/"
g-ChIJhVeJy8thTzURPu7IqifkbkY,麺処 菊屋,【タグ保留】Noodle未確認。製麺設備の紹介だけでは当該麺の自家製を断定しない。 タグ一次確認 2026-10-08：ラーメン・ちゃんぽんを確認。ちゃんぽんのイリコ出汁・あっさりは紹介記事で確認。製麺機導入事例ありだがラーメン用麺の自家製範囲が未確定のためNoodleは保留。 出典：https://tabelog.com/ehime/A3804/A380401/38000245/ https://www.yamatomfg.com/customers/menkikuya/ https://www.nap-camp.com/mag/61649
g-ChIJHVZXYADlTzURGnXZsjEqKmU,55CHINA JR松山駅だんだん通り店,【タグ保留】Style：既存まぜそばは当支店で提供を確認できず外して保留。担々麺の胡麻材料は未確認。 【タグ調査 2026-10-08】当支店の食べログ実食に鶏醤油／鶏塩／煮干／家系／二郎／魚介醤油つけ麺／豚骨／担々麺／八幡浜ちゃんぽん。豚骨は極細、二郎は太麺。自社製麺は当支店の紹介記事で確認。他支店のメニューのみを根拠にしない。 根拠：https://tabelog.com/ehime/A3801/A380101/38016042/ https://ehime-epuri.jp/50608 https://www.ubereats.com/jp/store/55china-jr%E6%9D%BE%E5%B1%B1%E9%A7%85%E3%81%9F%E3%82%93%E3%81%9F%E3%82%93%E9%80%9A%E3%82%8A%E5%BA%97-55china-jr-matsuyamaeki-dandan-dooriten/WJrH7sK7Tla7ULw2TuEX7Q
g-ChIJhXdsS3HyTzURaEHeDWqWO6c,濱田屋,中華そばの鶏ガラ・あっさりとの口コミ、野菜出汁との実食記述、太めの麺の紹介を確認。 2026-10-09調査。根拠・確認先：https://tabelog.com/ehime/A3801/A380103/38001501/dtlrvwlst/B496566337/ ; https://www.tripadvisor.jp/Restaurant_Review-g1022359-d10378696-Reviews-Hamadaya-Iyo_Ehime_Prefecture_Shikoku.html ; https://mrs.living.jp/ehime/town_gourmet/reporter/6734794 食べログメニュー確認先：https://tabelog.com/ehime/A3801/A380103/38001501/dtlmenu/（一部ページ閲覧不可のため口コミ・公式情報で補完）。 更新前タグ：Style=中華そば / Soup= / Noodle= / Character=あっさり。
g-ChIJhYH9aADvTzURdZAigy_90KM,一番星,2026-10-09 タグ再調査：食べログメニュー欄と地域実食記事で汁あり/汁なし担々麺・自家製ラー油の辛さ。一般ラーメンは提供確証不足で旧タグを外す。胡麻・動物出汁と麺太さ・製法は明記不足で保留。 根拠URL：https://tabelog.com/ehime/A3801/A380101/38015982/dtlmenu/photo/ ; https://mrs.living.jp/ehime/town_gourmet/reporter/6480546
g-ChIJhzmwNcgsUDURVufEFZnIv9Y,ふじ,国道11号・前神寺付近の対象店訪問記事に中華そば定食の注文記述を確認。出汁・麺は未確認。 保留項目：Soup・Noodle・Character（具体的記述を確認できず）。 2026-10-09調査。根拠・確認先：https://ameblo.jp/aki-santakun/entry-12712957511.html 食べログメニュー確認先：https://tabelog.com/ehime/A3802/A380202/38008356/dtlmenu/（一部ページ閲覧不可のため口コミ・公式情報で補完）。 更新前タグ：Style=中華そば｜ラーメン / Soup=味噌 / Noodle= / Character=。
g-ChIJi0-7egDpTzUR_2CGh9T5ZlM,九州豚骨醤油 鯉から竜 久米店,【タグ調査 2026-10-08】当店食べログ掲載と2026年紹介を照合。特製豚骨醤油は濃厚熟成豚骨と特注中太麺、別商品の特製醤油は鶏ガラ＋豚骨の清湯であっさり。赤丸の辛味にんにくダレは商品に対応。家系風の外観だけで家系と断定しない。 根拠：https://tabelog.com/ehime/A3801/A380101/38016727/ https://www.e-komachi.com/gourmet/41338_20260202/ https://ehime-epuri.jp/69380 https://ehime-epuri.jp/66729
g-ChIJI1Zu3sjOUTURl09wjt0MOYQ,リビエラ/ネオナガハマ,"【タグ調査 2026-10-09】西町2-33のリビエラの長浜ラーメンとして照合。2025年の昼メニュー口コミと同所の実食記事に豚骨・極細麺、背脂量選択。別住所の閉店ネオナガハマとは区別。保留：現在の昼営業継続と旧あっさり／白湯タグの明確な根拠。
根拠URL：https://tabelog.com/ehime/A3802/A380203/38011825/ | https://tabelog.com/ehime/A3802/A380203/38011825/dtlrvwlst/B505275517/ | https://ameblo.jp/mansjjr561-20201108/entry-12780032162.html | https://tabelog.com/ehime/A3802/A380203/38011825/dtlrvwlst/B420565822/"
g-ChIJI7eVnpPOUTURJ4_NsK4t2B4,紅虎餃子房 イオンモール新居浜店,2026-10-09 タグ再調査：当該店舗の黒胡麻担々麺と公式の同名商品の黒胡麻・花椒・唐辛子説明を照合。麺太さと動物出汁は記載不足により保留。 根拠URL：https://tabelog.com/ehime/A3802/A380203/38000337/dtlmenu/photo/ ; https://map.yahoo.co.jp/v3/place/eWECozD2GRg/review ; https://kiwa-group.co.jp/category/news/benitora_news/
g-ChIJI7ts9lzlTzUR66LUMRNhFZs,日の出食堂,透き通った魚の出汁・中細麺を確認。煮干し限定は保留。 更新前タグ：Style=中華そば / Soup=煮干し｜醤油 / Noodle= / Character=。 2026-10-09調査。食べログの料理メニューは一部閲覧不可。根拠・確認先：https://tabelog.com/ehime/A3801/A380101/38004963/dtlrvwlst/B422201812/ メニュー確認先：https://tabelog.com/ehime/A3801/A380101/38004963/dtlmenu/ 補完URL：https://ehimesasurai.blog.jp/archives/48436350.html
g-ChIJia3X2ZAuUDURUAlPzoAtmUo,かどや食堂,背脂を確認。鶏ガラは推測記述、豚骨・煮干しは再確認できず保留。麺は中細・太めで相違のため保留。 保留項目：Noodle（確定できる記述なし）。 更新前タグ：Style=中華そば｜冷やし / Soup=豚骨｜醤油｜煮干し / Noodle= / Character=背脂。 2026-10-09調査。食べログの料理メニューは一部閲覧不可。根拠・確認先：https://tabelog.com/ehime/A3802/A380202/38003769/dtlrvwlst/B28005254/ メニュー確認先：https://tabelog.com/ehime/A3802/A380202/38003769/dtlmenu/ 補完URL：https://plaza.rakuten.co.jp/irome/diary/202603290000/
g-ChIJIRdBh5F_RTURoR0oh5ZGGAk,穂の里,当店実食口コミに中華そば注文と醤油ベースを確認。野菜・鰹節から抽出したと思われるとの推測、恐らく市販との推測は出汁・製麺タグに採用しない。 保留項目：Noodle・Character（具体的記述を確認できず）。 2026-10-09調査。根拠・確認先：https://tabelog.com/ehime/A3803/A380301/38004462/dtlrvwlst/B113042103/?type=0 食べログメニュー確認先：https://tabelog.com/ehime/A3803/A380301/38004462/dtlmenu/（一部ページ閲覧不可のため口コミ・公式情報で補完）。 更新前タグ：Style=中華そば｜ラーメン / Soup= / Noodle= / Character=。
g-ChIJiVctfxHPUTURmMmi1Qn6PgI,チャイナハウス すけろく 星原店,2026-10-09 タグ再調査：星原店の冷麺紹介とラーメン実食記事。麺は中細の縮れ麺と明記。豚骨出汁は当該店資料で確定できずSoup保留、Characterも明記不足。 根拠URL：https://tabelog.com/ehime/A3802/A380203/38002868/dtlmenu/photo/ ; https://yurimaman.com/archives/81464 ; https://ameblo.jp/koohg3/entry-12210316813.html
g-ChIJIVm56SNgTzUR_NC5byb3R60,とんこつのあべ家,タグ一次確認 2026-10-08：豚骨・味噌とんこつ・焦がしニンニクの黒ラーメン・つけ麺を口コミで確認。細麺とあっさりを確認。魚介は推測表現のみのため未記入。味噌・黒は古い口コミのため現行メニュー再確認が必要。 出典：https://tabelog.com/ehime/A3804/A380401/38013396/dtlrvwlst/ https://www.ekiten.jp/shop_6020789/review/
g-ChIJiwB8WgCPRTURdpbh1ZMwFiE,にの味屋,明浜町高山の対象店訪問記事にチャンポンの記述あり。ラーメンの塩・味噌等の既存タグはメニューを再確認できず保留。 保留項目：Soup・Noodle・Character（具体的記述を確認できず）。 2026-10-09調査。根拠・確認先：https://barber.blog.jp/archives/56058361.html ; https://www.instagram.com/ninomiya_takayama/ 更新前タグ：Style=ラーメン / Soup=塩｜味噌 / Noodle= / Character=。
g-ChIJiycrDQA7UDURWbctFYCW1nM,タイガーラーメン,濃厚味噌・辛味噌・油そばを確認。浜千鳥の鶏スープ、中細手もみ麺。手もみだけでちぢれ麺とは断定しない。油そばは平打ちだが太さ不明。旧まぜそばは明記された油そばへ整理。 タグ調査：2026-10-08。出典：https://tabelog.com/ehime/A3802/A380201/38016430/ https://www.e-komachi.com/gourmet/31703_20250820/
g-ChIJj-Oi2PrvTzURPEsBfZp081k,麺屋 柚木,"【タグ調査 2026-10-09】現住所の特豚そば・中華そば・豚まぜそばを確認。2026年取材が鶏ガラ・豚骨、カツオ節・トビウオ等の旨みと中華そばの細麺を明記。特豚の太麺・ニンニク注文を実食記事で照合。保留：特豚の清湯／白湯の判定、自家製麺の明記。
根拠URL：https://tabelog.com/ehime/A3801/A380101/38014848/dtlmenu/photo/ | https://ehime-epuri.jp/69065 | https://ehime-epuri.jp/34836 | https://kaizoku-ehime.jp/122792/"
g-ChIJJ2EgyUI6UDURQyRKx5yXeuY,中華居酒屋りん,2026-10-09 タグ再調査：食べログ料理メニューの麺欄に和え麺・よだれ鶏麺を確認。汁なしの和え麺を既存のまぜそばタグで整理。出汁/タレ素材・麺の太さ・麺料理の辛さは説明がなく保留。麻婆豆腐の辛さは麺へ転用しない。 根拠URL：https://tabelog.com/ehime/A3802/A380201/38010972/dtlmenu/photo/ ; https://tabelog.com/ehime/A3802/A380201/38010972/dtlmenu/ ; https://chukaizakaya-rin.studio.site/
g-ChIJJ2F6VGg6UDURLaB1FaP_LsI,来々軒,【タグ保留】ちゃんぽんの現在の提供は未確認。中華そばは当店口コミでいりこ・昆布・鶏ガラの醤油、中細で軽いウェーブのある麺。過去に中太だったが店側が麺を変えたとの口コミがあり中太は採用しない。塩・ちゃんぽんは過去の実食記述。三原市など同名店とは混同しない。 タグ調査：2026-10-08。出典：https://tabelog.com/ehime/A3802/A380201/38004187/ https://tabelog.com/ehime/A3802/A380201/38004187/dtlrvwlst/B111745633/
g-ChIJJ4GP3s7lTzURDUtdmDVly_g,麺のようじ 松山店,"【タグ調査 2026-10-09】松山店の鶏節極塩・醤油、鶏ドロつけ麺・鶏節油そば、期間限定味噌を確認。取材は伊勢赤鶏・鶏ガラ・ゴボウ等を説明。麺屋棣鄂の中太麺、つけ麺の中太実食を照合。保留：節の具体的素材と清湯・白湯の明記、限定味噌の現行提供。平打ちは備考のみ。
根拠URL：https://tabelog.com/ehime/A3801/A380101/38016603/dtlmenu/photo/ | https://tabelog.com/ehime/A3801/A380101/38016603/dtlrvwlst/B515101011/ | https://matsuyama.goguynet.jp/2026/01/08/mennoyouji/ | https://ehime-epuri.jp/69242 | https://www.e-komachi.com/gourmet/41126_20260122/"
g-ChIJJ8Xly4PPUTURQUF4NkEGjK0,生守らーめん 新居浜店,調査2026-10-09：新居浜店のメニュー・口コミで豚骨、極細麺を確認。後味あっさり、濃厚という評を反映。家系に似るという感想だけでは家系タグを付けない。保留：つけ麺等の現行提供、その他の出汁、自家製麺。 根拠：https://tabelog.com/ehime/A3802/A380203/38014589/；https://ehime-epuri.jp/66493；https://tabelog.com/ehime/A3802/A380203/38014589/dtlrvwlst/B508295780/
g-ChIJj9_7YMatUTURmzWI1arg0wI,どんラーメン,"【タグ調査 2026-10-09】公式観光案内で尾道風の醤油・背脂、実食記事で細麺と濃厚さ、紹介記事で魚出汁を確認。平打ちは備考のみ。保留：豚の旨味の記述だけでは豚骨出汁と断定できない。
根拠URL：https://tabelog.com/ehime/A3802/A380205/38014809/ | https://kamijima.info/eat/don_ramen/ | https://onomichijp.com/restaurant/don-ramen.html | https://haisai.jp/top/donramen"
g-ChIJjaLEcgCFRTURQzH4muMnJ4k,ひなた食堂,2026-10-09 タグ再調査：八幡浜五反田橋上流側の当店についてInstagram投稿にラーメンの幟の記述を確認。保留：Googleマップのメニューを閲覧できず、具体的な商品名・出汁・麺・特徴が確認できない。既存の醤油・あっさりは未裏付けとして空欄。岡山・金沢の同名店情報は使用しない。 根拠URL：https://www.instagram.com/p/DdF-Xg1kbDO/ ; https://www.google.com/maps/search/?api=1&query=ひなた食堂+八幡浜+神山
g-ChIJJaPOapWATzURhYZxKWtjPJ8,りょう花 大洲店,当店料理メニュー掲載の塩・塩つけ麺・味噌・期間限定すだちを反映。丸鶏・昆布・煮干し・うるめ・さば節、自家製麺の説明あり。濃厚は味噌のコク、あっさりはすだち。平麺はタグ追加せず、麺の太さと旧鶏白湯メニューの現行提供は保留。 2026-10-09調査。根拠・確認先：https://tabelog.com/ehime/A3803/A380301/38005837/dtlmenu/ 食べログメニュー確認先：https://tabelog.com/ehime/A3803/A380301/38005837/dtlmenu/（一部ページ閲覧不可のため口コミ・公式情報で補完）。 更新前タグ：Style=ラーメン｜つけ麺｜油そば / Soup=塩｜節｜味噌｜煮干し｜魚介｜鶏｜柑橘 / Noodle= / Character=。
g-ChIJjdzvsI7TUTURkE4LGnOF420,中華淑々,2026-10-09 タグ再調査：当該店口コミに汁なし担々麺。ちゃんぽん・中華そばの具体的商品名は確定できず追加分類保留。胡麻出汁・麺・辛さも不明。 根拠URL：https://tabelog.com/ehime/A3802/A380202/38010426/dtlmenu/photo/ ; https://tabelog.com/ehime/A3802/A380202/38010426/dtlrvwlst/
g-ChIJJeHaqbHlTzURtbyVviZ6gx0,マリカリクリカ,【タグ保留】Soup・Noodle：オロチョンの出汁材料と麺の太さは確認不足。味噌ベースは過去の食べログ実食情報。 【タグ調査 2026-10-08】オロチョンラーメンは鉄鍋で提供。食べログ実食に味噌ベース、濃厚な辛味の記述。2025年訪問記事は濃いめのスープににんにくが効くと記述。モツの具材だけから豚骨出汁は推定しない。 根拠：https://tabelog.com/ehime/A3801/A380101/38005428/ https://tabelog.com/ehime/A3801/A380101/38005428/dtlrvwlst/B112620822/ https://ehimeossanpo.com/2025/04/11/%E3%80%90%E3%83%9E%E3%83%AA%E3%82%AB%E3%83%AA%E3%82%AF%E3%83%AA%E3%82%AB%E3%80%91%E9%89%84%E9%8D%8B%E3%81%A7%E9%A3%9F%E3%81%B9%E3%82%8B%E3%83%A9%E3%83%BC%E3%83%A1%E3%83%B3%EF%BC%81%E8%A1%97%E4%B8%AD/
g-ChIJjfxmEXIvUDURE8l3S_4_ZOY,台湾料理桃園,2026-10-09 タグ再調査：三津屋の新店舗紹介と食べログでラーメン提供を確認。メニュー写真の細部を取得できず担々麺・ちゃんぽん等の追加分類、出汁・麺・Character保留。 根拠URL：https://tabelog.com/ehime/A3802/A380202/38016917/dtlmenu/photo/ ; https://yurimaman.com/archives/77180
g-ChIJjS5yYbDvTzURAt1jjDLP4-s,YAKITORI kitchen 彩,対象店料理メニューに辛麺・中華麺（太）の選択・にんにく増し、店舗紹介に鶏ガララーメンを確認。韓国麺は中華麺の太さタグに含めない。 2026-10-09調査。根拠・確認先：https://tabelog.com/ehime/A3801/A380101/38010169/dtlmenu/ ; https://r.gnavi.co.jp/da36m3610000/menu1/ 食べログメニュー確認先：https://tabelog.com/ehime/A3801/A380101/38010169/dtlmenu/（一部ページ閲覧不可のため口コミ・公式情報で補完）。 更新前タグ：Style=ラーメン｜つけ麺｜辛麺 / Soup=鶏｜魚介 / Noodle= / Character=辛い。
g-ChIJJUh3weM6UDUR72FxbSHhrjg,どんたく,【タグ保留】麺の太さは古い口コミの中細と近年の太め表現が一致せず保留。ちぢれ形状は共通。醤油はどんめん、豚骨はちゃんぽんの実食記述。冷麺の提供履歴あり。魚介トッピングのみでは魚介出汁タグは付けない。 タグ調査：2026-10-08。出典：https://tabelog.com/ehime/A3802/A380201/38003868/dtlrvwlst/B111745423/ https://ameblo.jp/jedaisuke-g/entry-12254982403.html https://plaza.rakuten.co.jp/irome/diary/202609110000/ https://www.ekiten.jp/shop_2212951/
g-ChIJjxYPs_XuTzURWz2sY9Bs7c8,あっぱれ亭,対象店の口コミに〆ラーメンを確認。出汁・麺の具体的説明は未確認。 保留項目：Soup・Noodle・Character（具体的記述を確認できず）。 2026-10-09調査。根拠・確認先：https://map.yahoo.co.jp/v3/place/jVPE83SZymc 食べログメニュー確認先：https://tabelog.com/ehime/A3801/A380103/38002230/dtlmenu/（一部ページ閲覧不可のため口コミ・公式情報で補完）。 更新前タグ：Style=ラーメン / Soup= / Noodle= / Character=。
g-ChIJJxZ07VyRUTUR52qpl84PB50,居酒屋 坊ZU,【タグ保留】Style：冷やしイリコ冷麺は食べログ写真の過去提供実績。現在の提供は未確認。 【タグ調査 2026-10-08】ランチのいりこラーメンと鶏白湯ラーメンを確認。どちらも細ストレート麺。いりこは澄んだあっさり、鶏白湯は濃厚。醤油・塩の調味種別は確認できず付けない。 根拠：https://tabelog.com/ehime/A3802/A380204/38006607/dtlrvwlst/ https://tabelog.com/ehime/A3802/A380204/38006607/dtlphotolst/1/smp2/ https://till-life.com/ehime-east-ramen-recomendation/
g-ChIJjY8jXNl_RTURhiY2z6hQALA,大洲炉端 油屋,食べログランチメニューにスープのない油そばを確認。料理メニューのそば飯チャンポンは焼きそば系の料理として区別し、スープのあるちゃんぽん提供は未確認。 保留項目：Soup・Noodle・Character（具体的記述を確認できず）。 2026-10-09調査。根拠・確認先：https://tabelog.com/ehime/A3803/A380301/38008680/dtlmenu/lunch/ ; https://tabelog.com/ehime/A3803/A380301/38008680/dtlmenu/ 食べログメニュー確認先：https://tabelog.com/ehime/A3803/A380301/38008680/dtlmenu/（一部ページ閲覧不可のため口コミ・公式情報で補完）。 更新前タグ：Style=油そば｜ちゃんぽん / Soup= / Noodle= / Character=。
g-ChIJjz0-_vwxUDURWRpt5fH6iBQ,らぁ麺 enten香,【タグ保留】麺の太さ、家系・つけ麺の現在の提供未確認。近年口コミで汁なし・ストレート／ちぢれ選択・ニンニク／アブラを確認。家系の豚骨醤油とつけ麺は過去記事に基づく。 タグ調査：2026-10-08。出典：https://tabelog.com/ehime/A3802/A380201/38014213/ https://miton-imabari.jp/entenka-iekei/ https://miton-imabari.jp/entenka-lunch/
g-ChIJjz4juI2ATzUR-dS4F65rbTQ,シャトル,対象店のランチ紹介・口コミでちゃんぽん提供を確認。出汁材料・麺仕様の具体的な記述を確認できず。 保留項目：Soup・Noodle・Character（具体的記述を確認できず）。 2026-10-09調査。根拠・確認先：https://blog.livedoor.jp/hidegoforbroke/archives/9137400.html ; https://map.yahoo.co.jp/v3/place/QNmKesxVhmk/review/RdmUraJbQGSWfCFHXoxvzA 食べログメニュー確認先：https://tabelog.com/ehime/A3803/A380301/38003029/dtlmenu/（一部ページ閲覧不可のため口コミ・公式情報で補完）。 更新前タグ：Style=ちゃんぽん / Soup= / Noodle= / Character=。
g-ChIJk_JcmpyERTUR3SBjX2T5tho,メリー食堂,県公式ブログの実食記事で鶏ガラ・中太ストレートを確認。記事は2012年で現行詳細は保留。 2026-10-09調査。根拠・確認先：https://ehimepref.exblog.jp/17296042/ 食べログメニュー確認先：https://tabelog.com/ehime/A3803/A380302/38003924/dtlmenu/（一部ページ閲覧不可のため口コミ・公式情報で補完）。 更新前タグ：Style=ちゃんぽん / Soup= / Noodle= / Character=。
g-ChIJK1wIgkCDRTURUbTkhr4YvIk,白石食堂,太麺の実食記述あり。鶏ガラ・醤油等は口コミの「恐らく」という推測のため出汁保留。 保留項目：Soup（具体的記述を確認できず）。 2026-10-09調査。根拠・確認先：https://www.ekiten.jp/shop_2219512/ ; https://tabelog.com/ehime/A3803/A380302/38003284/ 食べログメニュー確認先：https://tabelog.com/ehime/A3803/A380302/38003284/dtlmenu/（一部ページ閲覧不可のため口コミ・公式情報で補完）。 更新前タグ：Style=ちゃんぽん / Soup=鶏 / Noodle= / Character=。
g-ChIJK39Wir-ATzURqWB6CIkXA_I,大阪王将 大洲インター店,2026-10-09 タグ再調査：当該店の口コミに冷やし担々麺とカラ玉味噌ラーメン。醤油・豚骨・胡麻材料・麺・具体的辛さは確証不足で保留。エミフル店のメニューを転用しない。 根拠URL：https://tabelog.com/ehime/A3803/A380301/38008655/dtlmenu/photo/ ; https://tabelog.com/ehime/A3803/A380301/38008655/dtlrvwlst/
g-ChIJk3bBYrSFTzURBYnzdYArzUQ,やきとり 一膳,内子1785の対象店の焼鳥・焼きトン等の口コミとメニュー写真ページを確認。ラーメンの具体的品名を再確認できず、既存タグは保留。 保留項目：Style・Soup・Noodle・Character（具体的記述を確認できず）。 2026-10-09調査。根拠・確認先：https://tabelog.com/ehime/A3803/A380303/38001823/ ; https://tabelog.com/ehime/A3803/A380303/38001823/dtlphotolst/smp2/ 食べログメニュー確認先：https://tabelog.com/ehime/A3803/A380303/38001823/dtlmenu/（一部ページ閲覧不可のため口コミ・公式情報で補完）。 更新前タグ：Style=ラーメン / Soup= / Noodle= / Character=。
g-ChIJK55oEcLOUTURhtj5YFANuh0,らぅ麺 純,"【タグ調査 2026-10-09】2026年取材で豚骨と煮干し・カツオ節等のWスープ、中華そば・夜限定海老油そばを確認。海老油そばの太ちぢれ麺は実食口コミ。つけ麺は手もみ平打ち（タグは追加しない）。保留：自家製麺と商品の現在の麺幅を確定する根拠。
根拠URL：https://tabelog.com/ehime/A3802/A380203/38005961/ | https://ehime-epuri.jp/69767 | https://tabelog.com/ehime/A3802/A380203/38005961/dtlrvwlst/B127368456/ | https://tabelog.com/ehime/A3802/A380203/38005961/dtlrvwlst/B367351542/"
g-ChIJKam_ysksUDURsA6OJrB3lUc,まん吉,調査2026-10-09：食べログのメニュー写真・同店口コミで味噌ラーメンを確認。保留：出汁原料、麺幅・製麺、Character。味が濃いという評をスープの濃厚さに置換しない。焼ラーメンは既存Styleに対応する確実な分類を得られず未反映。 根拠：https://tabelog.com/ehime/A3802/A380202/38006621/；https://tabelog.com/ehime/A3802/A380202/38006621/dtlmenu/photo/；https://tabelog.com/ehime/A3802/A380202/38006621/dtlrvwlst/B41139861/；https://map.yahoo.co.jp/v3/place/ZeyfwYyHYTA/review
g-ChIJKfZIXobyTzURjTmYeEe25MQ,みかさ,タグ一次確認 2026-10-08：中華そば・鳥もつ・中太麺を確認。豚骨は実食記事で確認。太麺という口コミもあるが中太と明記した口コミを採用。 出典：https://tabelog.com/ehime/A3801/A380103/38001614/ https://map.yahoo.co.jp/v3/place/NcbykUU9i-2/review/SXSldKL3R7eXaW2Iy8uftQ https://ameblo.jp/75810000/entry-12851881465.html
g-ChIJKRADP0juTzURxVDVg3v_kDM,ひまわり,上高柳503-1の対象店を照合。既取得口コミにひまわりラーメン（野菜チャンポン）・あっさりの記述。韓国風居酒屋ひまわりの情報は採用しない。 保留項目：Soup・Noodle（具体的記述を確認できず）。 2026-10-09調査。根拠・確認先：https://tabelog.com/ehime/A3801/A380103/38005433/dtlrvwlst/B17252277/ 食べログメニュー確認先：https://tabelog.com/ehime/A3801/A380103/38005433/dtlmenu/（一部ページ閲覧不可のため口コミ・公式情報で補完）。
g-ChIJKUCQWmflTzURxvENa7jVIVw,華園,2026-10-09 タグ再調査：食べログメニュー写真欄、同住所Instagramのラーメン得得セットと地域実食の麻婆めんを照合。麻婆めんは辛くないという記事で辛いは付けない。Soup/Noodle/Characterの具体的確証がなく保留。 根拠URL：https://tabelog.com/ehime/A3801/A380101/38001662/dtlmenu/photo/ ; https://www.instagram.com/p/CZq-162FVxJ/ ; https://ehimeossanpo.com/2025/05/17/%E3%80%90%E4%B8%AD%E8%8F%AF%E6%96%99%E7%90%86%E3%80%80%E8%8F%AF%E5%9C%92%E3%80%91%E5%80%A4%E6%AE%B5%E8%A6%8B%E3%81%A6%E3%83%93%E3%83%83%E3%82%AF%E3%83%AA%EF%BC%81%E3%81%9A%E3%81%A3%E3%81%A8%E5%80%A4/
g-ChIJkVu4OCzuTzURcSaZBEh6mY0,中華そば創,"【タグ調査 2026-10-08】食べログメニュー・取材・当店口コミで中華そばとつけ麺。鶏ガラ魚介Wスープ・醤油、国産小麦の特注細麺。取材に変更用中太ちぢれ・平打ち太麺、2026年口コミに中太ちぢれ注文。平打ちは備考のみ。特注麺を自家製麺とはしない。保留：過去の冷やし商品の現在の提供。
根拠URL：https://tabelog.com/ehime/A3801/A380101/38002382/dtlmenu/photo/ | https://tabelog.com/ehime/A3801/A380101/38002382/dtlrvwlst/B22362323/ | https://www.e-komachi.com/gourmet/16804_20241105/ | https://ehime-epuri.jp/69071"
g-ChIJKwgGJkvJUTUR5liL_v6Gb6w,らーめん処 笑福,"【タグ調査 2026-10-09】2026年の和歌山ラーメン口コミに豚骨強め・ちぢれ麺、つけ麺推奨POPあり。味噌の注文口コミも確認。保留：つけ汁の魚介配合、麺の太さ、CSV住所（神郷1-3-1）と食べログ住所（神郷1-2-15）の相違。住所は変更しない。
根拠URL：https://tabelog.com/ehime/A3802/A380203/38012798/ | https://tabelog.com/ehime/A3802/A380203/38012798/dtlrvwlst/ | https://tabelog.com/ehime/A3802/A380203/38012798/dtlrvwlst/?type=0"
g-ChIJKwNUJADTUTURQB7mni-BNGM,道10,移転後の紹介記事にカツラーメン掲載を確認。旧店の限定曜日を現店舗へ転用せず、出汁・麺の詳細は保留。 保留項目：Soup・Noodle・Character（具体的記述を確認できず）。 2026-10-09調査。根拠・確認先：https://www.e-komachi.com/gourmet/37078_20251116/ 食べログメニュー確認先：https://tabelog.com/ehime/A3802/A380202/38016579/dtlmenu/（一部ページ閲覧不可のため口コミ・公式情報で補完）。 更新前タグ：Style=ラーメン / Soup= / Noodle= / Character=。
g-ChIJkWsv9QroTzURfIOFoqN6CfU,来来亭 東温店,2026-10-09 タグ再調査：当店食べログ料理メニューに味噌・塩・旨辛麺・季節冷麺。店舗PRに鶏ガラ醤油と背脂。保留：料理メニュー更新が2018年のため限定品の現在提供、当店で使う麺の太さ・製麺方法は裏付け不足。 根拠URL：https://tabelog.com/ehime/A3801/A380102/38011436/dtlmenu/ ; https://tabelog.com/ehime/A3801/A380102/38011436/ ; https://www.rairaitei.co.jp/menu/
g-ChIJKxMPNWY6UDURY2D2NqHslwk,おざき食堂,2026-10-09 タグ再調査：当該店の料理・注文記録に中華そば。出汁材料・味種・麺太さ・Characterは本文で確証を得られず保留。関連キーワードのいりこだしは対象料理への紐付けが不明で採用しない。 根拠URL：https://tabelog.com/ehime/A3802/A380201/38003723/dtlmenu/photo/ ; https://tabelog.com/ehime/A3802/A380201/38003723/dtlrvwlst/
g-ChIJky_aKADlTzURSyT6QRDgXYA,松山ラーメン うしみつ,"【タグ調査 2026-10-08】食べログで松山ラーメン・塩ラーメンと細ストレート麺を確認。牛骨スープ・牛脂の記述あり。牛脂は豚の背脂と同一視せず既存の背脂タグを外す。保留：Character、牛骨の出汁分類（許可タグに該当なし）。胡麻は具材のためSoup胡麻にはしない。
根拠URL：https://tabelog.com/ehime/A3801/A380101/38015933/ | https://tabelog.com/ehime/A3801/A380101/38015933/dtlrvwlst/B518369143/ | https://tabelog.com/ehime/A3801/A380101/38015933/dtlrvwlst/B521352128/"
g-ChIJkYJ7MczOUTURBARA36NuIcI,麺や吉村 港町本店,当該港町本店の自家製中華麺の記述を確認。 保留項目：Soup・Character（確定できる記述なし）。 2026-10-09調査。食べログの料理メニューは一部閲覧不可。根拠・確認先：https://tabelog.com/ehime/A3802/A380203/38001293/dtlrvwlst/B27718216/ メニュー確認先：https://tabelog.com/ehime/A3802/A380203/38001293/dtlmenu/
g-ChIJkYpGno7lTzURD3Zo3dr7jNs,中華そば・おでん 瓢太,"【タグ調査 2026-10-08】食べログ料理メニューに中華そば・にんにく中華そば。2026年取材で鶏ガラ・豚皮・醤油の甘いスープと細ストレート麺を確認。豚皮出汁を豚骨と置換しない。保留：清湯・白湯等のCharacter、麺の中細分類（取材の細麺を優先し旧口コミの中細は確定タグにしない）。甘い味は備考のみ。
根拠URL：https://tabelog.com/ehime/A3801/A380101/38000972/dtlmenu/ | https://ehime-epuri.jp/68636 | https://tabelog.com/ehime/A3801/A380101/38000972/dtlrvwlst/B449041047/"
g-ChIJl-BUOuzlTzURkZrKPwNLaME,つけめん 蔵木,【タグ保留】Soup・Character：担々つけ麺の胡麻材料と辛さ／痺れ、鶏スープの清湯／白湯は説明不足で保留。 【タグ調査 2026-10-08】食べログ店側料理メニューに自家製つけ麺、牛モツつけ麺、担々つけ麺。鶏スープ欄に鶏そば・煮干し中華そば・醤油／天塩中華そば、魚介豚骨欄に濃厚魚介とんこつの細／太麺を記載。つけ麺の冷たい麺だけでは冷やしタグを付けない。 根拠：https://tabelog.com/ehime/A3801/A380101/38010904/dtlmenu/ https://tabelog.com/ehime/A3801/A380101/38010904/
g-ChIJL0JyYgDvTzURbYNS7nB98Zo,らーめんもりや 松山空港通店,【タグ調査 2026-10-08】食べログ実食は長浜豚骨、細ストレート麺。豚とまとは別皿のトマトスープに豚骨スープを加えて麺をつける提供方法が確認できるため、つけ麺・野菜はこの組み合わせに対応。卓上辛子高菜・にんにくは任意の味変で、通常スープの辛い・にんにくタグにはしない。 根拠：https://tabelog.com/ehime/A3801/A380101/38015548/ https://tabelog.com/ehime/A3801/A380101/38015548/dtlrvwlst/B490206056/ https://www.e-komachi.com/gourmet/8157_20240420/ https://matsuyama.goguynet.jp/2024/08/08/moriya/
g-ChIJL9Oodr3PUTURH-gme2_RAGs,ジョーズカリー&ウイスキー,"【タグ調査 2026-10-09】店舗配達メニューに白・黒・赤豚骨（細麺）、J系・J系汁なし（中太ちぢれ）、家系醤油を確認。つけ麺は煮干し系の実食記載。平打ちは備考のみ。保留：過去のカレーつけ麺の現在の店内提供（カレータグ未反映）と自家製麺。
根拠URL：https://tabelog.com/ehime/A3802/A380203/38015091/ | https://www.ubereats.com/jp/store/%E3%82%B7%E3%83%A7%E3%83%BC%E3%82%B9%E3%82%AB%E3%83%AA%E3%83%BC/3hWGPg9nXaqIRu5l84_dmQ?diningMode=DELIVERY | https://tabelog.com/ehime/A3802/A380203/38015091/dtlrvwlst/B510536043/ | https://tabelog.com/ehime/A3802/A380203/38015091/dtlrvwlst/"
g-ChIJLawB_eZwTzURl66RfDthTWw,アカネ食堂,2026-10-09 タグ再調査：鬼北小松のアカネ食堂はメニュー詳細を取得できず、口コミ・SNSでも麺商品の個別名を確認できないため全項目保留。同名店や関連投稿の別店情報は採用しない。 根拠URL：https://tabelog.com/ehime/A3804/A380403/38012277/dtlmenu/photo/ ; https://tabelog.com/ehime/A3804/A380403/38012277/
g-ChIJLdL2SrXoTzURFSrUfzxURuE,中華バル茶縁,2026-10-09 タグ再調査：メニュー写真欄と正宗坦々麺実食に胡麻の濃厚でクリーミーなスープ。一般ラーメンの現メニュー表記、動物出汁、麺太さは確証不足で保留。春雨麺の別料理の特徴は転用しない。 根拠URL：https://tabelog.com/ehime/A3801/A380101/38001461/dtlmenu/photo/ ; https://tabelog.com/ehime/A3801/A380101/38001461/dtlrvwlst/B113247701/
g-ChIJldlHY086UDUR3Gknd_qsSLQ,大鵬軒 石井支店,【タグ保留】Character未確認。豚骨ラーメン・冷麺と中細ストレート麺を当支店の口コミ・メニューで確認。本店と混同しない。旧あっさりは根拠再確認が必要。 タグ調査：2026-10-08。出典：https://tabelog.com/ehime/A3802/A380201/38006916/ https://tabelog.com/ehime/A3802/A380201/38006916/dtlrvwlst/B502386472/ https://tabelog.com/ehime/A3802/A380201/38006916/dtlmenu/photo/
g-ChIJlQoFnMzpTzURSYPw4dKiTUo,中国料理 香港 来住店,2026-10-09 タグ再調査：来住店メニュー欄と実食に注文名中華そば（中華丼の具を載せた麺）、もやしラーメン、冷やし担々麺のピリ辛胡麻スープ。冷やしは2024年夏の記録。ちゃんぽん・動物出汁・麺太さは当店確証不足で保留。 根拠URL：https://tabelog.com/ehime/A3801/A380101/38012842/dtlmenu/photo/ ; https://tabelog.com/ehime/A3801/A380101/38012842/dtlrvwlst/B519282013/?type=0 ; https://ameblo.jp/bamboo-design/entry-12867622559.html
g-ChIJLSU3D1eNTzURw3ZVcGdboi0,珈食亭,当店の口コミに魚介スープ・あっさり・細麺の記述あり。口コミによる補完で、調理配合や現行メニューの詳細は未確認。 2026-10-09調査。根拠・確認先：https://www.ekiten.jp/shop_66617155/ 食べログメニュー確認先：https://tabelog.com/ehime/A3801/A380103/38004195/dtlmenu/（一部ページ閲覧不可のため口コミ・公式情報で補完）。
g-ChIJlwwMH5blTzURPDXO73Ogc2Q,雁飯店中国割烹 大岩 木屋町本店 Ganhanten Oiwa Kiya-cho,2026-10-09 タグ再調査：食べログ文字メニューに醤油・塩・味噌、チャンポン、坦々麺。掲載更新2011年のため現在の全品提供は保留。動物出汁・麺太さ・Characterは明記なし。近日販売予定の蟹味噌は採用しない。 根拠URL：https://tabelog.com/ehime/A3801/A380101/38007834/dtlmenu/photo/ ; https://tabelog.com/ehime/A3801/A380101/38007834/dtlmenu/
g-ChIJLwXTz4KERTUR9EUKA1Nye1E,ちゃんぽん亭 イーグル,料理メニューのちゃんぽん、実食記事で醤油鶏清湯・中太麺・あっさり。 2026-10-09調査。根拠・確認先：https://tabelog.com/ehime/A3803/A380302/38001292/dtlmenu/ ; https://mm321mm.com/2022/11/28/ramen-2022316/ ; https://tabelog.com/ehime/A3803/A380302/38001292/dtlrvwlst/B112688072/ 食べログメニュー確認先：https://tabelog.com/ehime/A3803/A380302/38001292/dtlmenu/（一部ページ閲覧不可のため口コミ・公式情報で補完）。
g-ChIJLyxq6miTUTUROH6_w08o0H4,炭火・釜飯 銀六屋,公式のラーメン掲載と中華そばセットの紹介、食べログ写真説明の旨辛みそ中華そば・味噌ラーメンを確認。具体的な出汁材料・麺は未確認。 保留項目：Noodle（具体的記述を確認できず）。 2026-10-09調査。根拠・確認先：https://sites.google.com/view/ginroku/ ; https://tabelog.com/keywords/%E3%81%94%E9%A3%AF/ehime/kwdLst/RC019909/ 食べログメニュー確認先：https://tabelog.com/ehime/A3802/A380204/38013485/dtlmenu/（一部ページ閲覧不可のため口コミ・公式情報で補完）。 更新前タグ：Style=ラーメン｜中華そば / Soup=醤油｜味噌 / Noodle= / Character=。
g-ChIJm0BqGADlTzUR2_tv0U78oro,まぜそば専門店もず,【タグ調査 2026-10-08】鶏まぜそば白・黒・赤。浜千鶏と香味野菜を煮込んだ出汁、オリジナル醤油、特注極細麺と店紹介で明記。黒は焦がしにんにくのマー油、赤は辛味油。味変セットの鰹粉・レモンは別添えなので魚介・柑橘スープのタグにはしない。自家製マー油と自家製麺は区別。 根拠：https://tabelog.com/ehime/A3801/A380101/38016023/ https://ehime-epuri.jp/69772 https://www.e-komachi.com/gourmet/40851_20260122/ https://tabelog.com/ehime/A3801/A380101/38016023/dtlrvwlst/B497025175/
g-ChIJM0nIURK4TzURGb_Fw5FDr6o,うまいもん屋 土居,美川ラーメンの掲載、細麺の実食口コミ、イリコ出汁の口コミ、鍋焼キムチラーメンのピリ辛紹介を確認。野菜は具材として扱う。 2026-10-09調査。根拠・確認先：https://umaimonyadoi.wixsite.com/mikawa-ehime ; https://tabelog.com/ehime/A3803/A380304/38004457/dtlrvwlst/B112015489/ ; https://restaurantguru.jp/Doi-Kumakogen ; https://kuma-kanko.com/wp-content/uploads/2021/06/gourmetmap2021.pdf 食べログメニュー確認先：https://tabelog.com/ehime/A3803/A380304/38004457/dtlmenu/（一部ページ閲覧不可のため口コミ・公式情報で補完）。 更新前タグ：Style=ラーメン / Soup=醤油｜味噌 / Noodle= / Character=あっさり｜辛い。
g-ChIJM2SvGaDlTzURKVx0S2pgTEA,麺処 大河,"【タグ調査 2026-10-09】味噌ラーメンは店内製麺の中太ちぢれ麺、魚介味噌つけ麺は専用麺。辛味噌追加あり。保留：豚骨配合と旧塩メニューの現在の提供。
根拠URL：https://tabelog.com/ehime/A3801/A380101/38015056/ | https://ehime-epuri.jp/69297"
g-ChIJm4gIi8XOUTUR8G7l0ZLf3_0,ひらく,新居浜市泉宮町の対象店口コミに鶏白湯で作ったラーメンの記述。移転前住所のメニューと区別。 保留項目：Noodle（具体的記述を確認できず）。 2026-10-09調査。根拠・確認先：https://map.yahoo.co.jp/v3/place/RW_Ko_LyIJM 食べログメニュー確認先：https://tabelog.com/ehime/A3802/A380203/38010825/dtlmenu/（一部ページ閲覧不可のため口コミ・公式情報で補完）。 更新前タグ：Style=ラーメン / Soup= / Noodle= / Character=。
g-ChIJm6z3j4vlTzURrWfHJCzmTBQ,赤坂四川飯店 松山店,2026-10-09 タグ再調査：2026年食べログ文字メニューに担々麺、汁なし、しび辛、サンラータンメン、あっさりネギそば。店舗紹介にごま香る担々麺、夏コースに冷やし担々麺。旧カレーは汁麺根拠なしで外す。麺太さ・動物出汁保留、冷やしは夏期限定。 根拠URL：https://tabelog.com/ehime/A3801/A380101/38000302/dtlmenu/photo/ ; https://tabelog.com/ehime/A3801/A380101/38000302/dtlmenu/ ; https://akasakashisenmatsuyama.owst.jp/gallery ; https://www.hotpepper.jp/strJ000685351/course_cnod29/
g-ChIJMclU5n9vTzUR_-LJM_9uzXM,食堂BAR！！濱匠,ホルモンラーメンを公式観光サイトで確認。 保留項目：Soup・Noodle・Character（確定できる記述なし）。 更新前タグ：Style=ラーメン / Soup= / Noodle= / Character=。 2026-10-09調査。食べログの料理メニューは一部閲覧不可。根拠・確認先：https://matsuno-kankou.com/matsunofood/1988.html メニュー確認先：https://tabelog.com/ehime/A3804/A380403/38012182/dtlmenu/
g-ChIJmQmqleCATzURmCvJRPcNJDc,東明閣,2026-10-09 タグ再調査：当該店舗の実食記録にちゃんぽん。中華そばの商品名・出汁・麺・Characterは確証不足で保留。メニュー取得が不十分で過去の実食記録を補足に使用。 根拠URL：https://tabelog.com/ehime/A3803/A380301/38001735/dtlmenu/photo/ ; https://tabelog.com/ehime/A3803/A380301/38001735/dtlrvwlst/B246041014/
g-ChIJmRNGZ-7lTzURWIkfePPCOls,中国料理 万寿,2026-10-09 タグ再調査：メニュー欄にタール麺・五目あんかけラーメン。実食記載に醤油スープと細めの麺。胡椒の刺激は辛麺の根拠にせずCharacter保留。動物出汁・麺製法不明。 根拠URL：https://tabelog.com/ehime/A3801/A380101/38011427/dtlmenu/photo/ ; https://map.yahoo.co.jp/v3/place/DtqtozcnOWw/review ; https://map.yahoo.co.jp/v3/place/DtqtozcnOWw/review/1CH7ECdQQ22ivJu19VH8cA
g-ChIJmSaJuavvTzURk0FAFx0opc0,芯せかい エミフルMASAKI店,"【タグ調査 2026-10-09】エミフル店の芳醇・淡麗・塩芳醇・肉担々麺を確認。塩芳醇は細麺、特製中華そばは中細ちぢれとの実食記載。保留：自家製麺の当店への適用、担々麺の胡麻・辛さ・痺れ、芳醇の濃厚／白湯分類。季節限定冷やしは未反映。
根拠URL：https://tabelog.com/ehime/A3801/A380103/38013736/ | https://emifull.jp/emifulls_blog/17th/2024/05/068475.html | https://map.yahoo.co.jp/v3/place/fjYgnpuQaS2/review | https://map.yahoo.co.jp/v3/place/fjYgnpuQaS2/menu"
g-ChIJMTjcLgDvTzURQeBU3m6NGhQ,中華そば56,"【タグ調査 2026-10-08】食べログと実食メニュー記事を照合。茶・白の細麺、白のすっきり豚骨、黒の醤油実食、味噌・辛味噌・豚骨マー油の口コミを確認。保留：色別メニューの改定・対応関係（黒は時期により醤油／豚骨マー油の記述）、各商品の出汁配合。マー油だけでにんにくを断定しない。
根拠URL：https://tabelog.com/ehime/A3801/A380101/38016184/ | https://tabelog.com/ehime/A3801/A380101/38016184/dtlrvwlst/B500880763/ | https://kaizoku-ehime.jp/186588/ | https://nobuneko.com/blog/archives/2026/03/my_impressions_of_eating_chuka_soba_56_black_soy_sauce.html"
g-ChIJmUDi9BruTzURcBPzUOVaFeo,リンガーハット エミフルMASAKI店,施設公式で豚骨ベース、当店口コミ海鮮ちゃんぽんで塩・魚介。麺太さの明記は保留。 保留項目：Noodle・Character（具体的記述を確認できず）。 2026-10-09調査。根拠・確認先：https://emifull.jp/shop/ringerhut/ ; https://tabelog.com/ehime/A3801/A380103/38012239/ 食べログメニュー確認先：https://tabelog.com/ehime/A3801/A380103/38012239/dtlmenu/（一部ページ閲覧不可のため口コミ・公式情報で補完）。 更新前タグ：Style=ちゃんぽん / Soup= / Noodle= / Character=。
g-ChIJmUDi9BruTzURnJV006U5RPE,大阪王将 エミフルMASAKI店,2026-10-09 タグ再調査：当該店の公式メニューPDFに豚骨ラーメン、店舗メニュー欄に担々麺。その他の出汁、麺太さ、Characterは確認できず保留。 根拠URL：https://tabelog.com/ehime/A3801/A380103/38007430/dtlmenu/photo/ ; https://www.osaka-ohsho.com/store/upload/%E5%A4%A7%E9%98%AA%E7%8E%8B%E5%B0%86_%E3%82%A8%E3%83%9F%E3%83%95%E3%83%ABMASAKI%E5%BA%97.pdf ; https://map.yahoo.co.jp/v3/place/pwEfWNr-Pbg/menu
g-ChIJmUH_85aHRTUR0BTn6TTq69Q,たちばな,海鮮ちゃんぽんの口コミに豚骨ベース・魚介の旨味を確認。海老やイカの具材だけを出汁根拠とせず、麺仕様は保留。 保留項目：Noodle・Character（具体的記述を確認できず）。 2026-10-09調査。根拠・確認先：https://tabelog.com/ehime/A3804/A380402/38001359/dtlrvwlst/B113042037/ 食べログメニュー確認先：https://tabelog.com/ehime/A3804/A380402/38001359/dtlmenu/（一部ページ閲覧不可のため口コミ・公式情報で補完）。 更新前タグ：Style=ちゃんぽん / Soup=魚介 / Noodle= / Character=。
g-ChIJMVV8ALrFTzUR05a__uSfqvs,喜楽里,食べログの台湾まぜそば分類を確認。既存の味噌・塩等や出汁・麺の詳細を裏付ける記述は未確認。 保留項目：Soup・Noodle・Character（具体的記述を確認できず）。 2026-10-09調査。根拠・確認先：https://tabelog.com/ehime/A3803/A380304/38017323/dtlrvwlst/ 食べログメニュー確認先：https://tabelog.com/ehime/A3803/A380304/38017323/dtlmenu/（一部ページ閲覧不可のため口コミ・公式情報で補完）。 更新前タグ：Style=中華そば｜ラーメン｜まぜそば｜つけ麺 / Soup= / Noodle= / Character=辛い。
g-ChIJmW89odHOUTURYvEC8FoQ4Ng,中華料理 南国,2026-10-09 タグ再調査：ラーメン実食記載に甘めの醤油スープ、中太ストレート麺。出汁材料・Characterは明記がなく保留。 根拠URL：https://tabelog.com/ehime/A3802/A380203/38001727/dtlmenu/photo/ ; https://tabelog.com/ehime/A3802/A380203/38001727/dtlrvwlst/B279240853/
g-ChIJmWiu5dr1RTURdpEw4x26VCw,下北プリン,下北定食等の紹介を確認。対象店のラーメンメニュー・出汁・麺は再確認できず。 保留項目：Style・Soup・Noodle・Character（具体的記述を確認できず）。 2026-10-09調査。根拠・確認先：https://tabelog.com/ehime/A3804/A380401/38013097/ ; https://map.yahoo.co.jp/v3/place/3M8QfjUDgjI 食べログメニュー確認先：https://tabelog.com/ehime/A3804/A380401/38013097/dtlmenu/（一部ページ閲覧不可のため口コミ・公式情報で補完）。 更新前タグ：Style=ラーメン｜ちゃんぽん / Soup= / Noodle= / Character=。
g-ChIJMX2ZE3B8RTURvlmtaQKlraI,さのや食堂,甘口醤油・魚介スープを確認。ちゃんぽん系との感想ではStyle追加しない。 保留項目：Noodle・Character（確定できる記述なし）。 更新前タグ：Style=中華そば / Soup= / Noodle= / Character=。 2026-10-09調査。食べログの料理メニューは一部閲覧不可。根拠・確認先：https://tabelog.com/ehime/A3803/A380301/38003807/dtlrvwlst/ メニュー確認先：https://tabelog.com/ehime/A3803/A380301/38003807/dtlmenu/
g-ChIJMxMqzxxlTzURVcGxqWH-lL4,櫻花,2026-10-09 タグ再調査：にら豚ラーメンは醤油ラーメンが基礎との店舗取材、カレーあんかけラーメンの訪問記録を確認。出汁は毎日取るとの記載のみで素材不明。麺の太さ・形状・特徴は確認できず保留。 根拠URL：https://tabelog.com/ehime/A3804/A380403/38009527/dtlmenu/photo/ ; https://majimena.ehime.jp/majimeshi/shop/210/ ; https://retty.me/area/PRE38/ARE255/SUB25501/LCAT14/
g-ChIJMzI74xAvUDURz2c252VolcA,上海軒,2026-10-09 タグ再調査：メニュー欄にラーメン・冷麺・ザルラーメン、店舗メニューに醤油ラーメン。ザルのつけ汁形態を確定できずつけ麺分類は保留。出汁材料・麺・Character不明。 根拠URL：https://tabelog.com/ehime/A3802/A380202/38003250/dtlmenu/photo/ ; https://map.yahoo.co.jp/v3/place/3k843NZwT0M/menu
g-ChIJn1_11vfcTzURgFtV2DVQ8VM,ふるさと交流館 さくらの湯,東温市北方の対象施設口コミにホルモン鍋焼きラーメン・醤油ベースの記述を確認。宮城・岩手の同名温泉施設とは区別。ホルモン具材を豚骨出汁と扱わない。 保留項目：Noodle・Character（具体的記述を確認できず）。 2026-10-09調査。根拠・確認先：https://map.yahoo.co.jp/v3/place/gwSbCH0TOmQ/review ; https://www.souyu.co.jp/shisetsu/sakura 食べログメニュー確認先：https://tabelog.com/ehime/A3801/A380102/38009376/dtlmenu/（一部ページ閲覧不可のため口コミ・公式情報で補完）。 更新前タグ：Style=ラーメン / Soup=醤油 / Noodle= / Character=。
g-ChIJn14eepbOUTUR9AnzjuKQBWw,サッポロラーメン 新居浜西店,"【タグ調査 2026-10-09】醤油・塩バター・味噌を注文口コミで確認。保留：出汁の材料、麺の太さ、自家製麺、Characterの裏付け不足。ストレートとの記述だけでは太さを確定しない。
根拠URL：https://tabelog.com/ehime/A3802/A380203/38010882/ | https://tabelog.com/ehime/A3802/A380203/38010882/dtlrvwlst/B513238404/ | https://tabelog.com/ehime/A3802/A380203/38010882/dtlrvwlst/B527045360/ | https://tabelog.com/ehime/A3802/A380203/38010882/dtlrvwlst/"
g-ChIJN1MKv33yTzURRV2nTpf2XBY,くし坊らーめん麺人,タグ一次確認 2026-10-08：熊本とんこつ、味噌、煮干し中華そばの提供を口コミで確認。細麺・濃厚を確認。隣接する居酒屋くし坊の二郎系・うどんは混同せず除外。 出典：https://tabelog.com/ehime/A3801/A380103/38002113/dtlrvwlst/ https://www.hotpepper.jp/strJ000547802/
g-ChIJn2AsWpCPRTURcaiuiSWYfBg,いさか食堂,ちゃんぽんの注文記録を確認。 保留項目：Soup・Noodle・Character（確定できる記述なし）。 更新前タグ：Style=ちゃんぽん / Soup= / Noodle= / Character=。 2026-10-09調査。食べログの料理メニューは一部閲覧不可。根拠・確認先：https://ameblo.jp/ehimerekitan/entry-12950260654.html
g-ChIJn5CqXE7vTzURctavJPixj9E,おらんだ館,対象店の口コミに醤油中華そば・中細ストレート麺の記述。多少のウエーブだけではちぢれ麺と断定しない。 保留項目：Character（具体的記述を確認できず）。 2026-10-09調査。根拠・確認先：https://tabelog.com/ehime/A3801/A380101/38004543/dtlrvwlst/?trailing_slash=true&type=0 食べログメニュー確認先：https://tabelog.com/ehime/A3801/A380101/38004543/dtlmenu/（一部ページ閲覧不可のため口コミ・公式情報で補完）。 更新前タグ：Style=ラーメン / Soup= / Noodle= / Character=。
g-ChIJN6slk1fATzURP8nFdqBu0dA,きらら食堂,2026-10-09 タグ再調査：食べログ料理メニューに価格付き中華そば・中華そば定食。2012年登録で現行の詳細、出汁・麺太さ・Characterは未確認のため保留。スパイシーチキンの辛さを麺料理へ転用しない。 根拠URL：https://tabelog.com/ehime/A3803/A380304/38008676/dtlmenu/photo/ ; https://tabelog.com/ehime/A3803/A380304/38008676/dtlmenu/ ; https://yurimaman.com/archives/29793
g-ChIJn9WJAwArUDURXtjV_HRiANw,石鎚食堂｜石鎚山SA下り,SA下り内の複数店舗・旧メニュー情報が混在。石鎚食堂としての現行ラーメンメニューと出汁・麺を特定できず保留。 保留項目：Style・Soup・Noodle・Character（確定できる記述なし）。 更新前タグ：Style=ラーメン / Soup=鯛・鮮魚｜塩｜柑橘 / Noodle= / Character=。 2026-10-09調査。食べログの料理メニューは一部閲覧不可。根拠・確認先：https://www.w-holdings.co.jp/sapa/23060/gourmet/
g-ChIJNaDDdgDzTzURFtN48ik27_M,志乃や,【タグ保留】Noodle未確認。 タグ一次確認 2026-10-08：醤油ラーメンを確認。既存の冷やしは根拠を再確認できず一旦除外。出汁・麺は未確認。CSVのInstagram cafe.fukuは別テナントの可能性があるため根拠に不使用。 出典：https://tabelog.com/ehime/A3801/A380103/38008252/ https://matsuyama.mypl.net/article/lunch_matsuyama/35512 https://www.machizukuri-gunchu.jp/machiya
g-ChIJNbFy18KWTzUR2tXi_TP-CIA,小番食堂,当該店舗の公開情報を検索したが、メニューのラーメン詳細と出汁・麺・特徴の明記を再確認できず保留。 保留項目：Style・Soup・Noodle・Character（確定できる記述なし）。 更新前タグ：Style=中華そば / Soup= / Noodle= / Character=。 2026-10-09調査。食べログの料理メニューは一部閲覧不可。根拠・確認先：https://tabelog.com/ehime/A3803/A380303/38007127/ メニュー確認先：https://tabelog.com/ehime/A3803/A380303/38007127/dtlmenu/
g-ChIJNfG2IaDlTzURzsYNBEsF_dQ,闘牛ラーメン,"【タグ調査 2026-10-09】鳥そば・つけ麺、当店の醤油味と塩味の実食情報、自家製麺の店舗紹介を確認。鳥そばの揚げ鶏は具材なので鶏出汁とは断定しない。保留：Noodleの太さ（細／中細の表現差）、旧豚骨タグの出汁根拠。CSV125-3と食べログ125-4に番地表記差。
根拠URL：https://tabelog.com/ehime/A3801/A380101/38000971/ | https://tabelog.com/ehime/A3801/A380101/38000971/dtlrvwlst/B529502682/ | https://www.hotpepper.jp/strJ000657579/ | https://r.gnavi.co.jp/n6c3cbwk0000/ | https://map.yahoo.co.jp/v3/place/KqRES1kDPGs/review/lSYXyYqWRuGr2f8s9rsZbQ"
g-ChIJNfXvYwA7UDUR3gQK1JKw_PA,来島海峡SA フードコート,炙り真鯛新宮茶塩ラーメンの紹介を確認。鯛トッピングは確認できるが、鯛を出汁に使用する記述は未確認のため鯛出汁は保留。 保留項目：Noodle・Character（具体的記述を確認できず）。 2026-10-09調査。根拠・確認先：https://imabari.mypl.net/shop/00000377157/ ; https://retty.me/area/PRE38/ARE232/SUB23201/100001303933/ 食べログメニュー確認先：https://tabelog.com/ehime/A3802/A380201/38000010/dtlmenu/（一部ページ閲覧不可のため口コミ・公式情報で補完）。
g-ChIJNTr1TI7vTzUReSBMHGEYNQE,とりそば 翔 インスタ要確認,【タグ保留】Style：冷やしとりそばは夏季の提供実績で、調査日の販売は未確認。Noodle：太さは確定できない。 【タグ調査 2026-10-08】鶏むね肉から取る透明な塩スープ。魚介とりそばと塩だれ油そばも確認。麺は平打ち縮れとの説明があるため、ちぢれ麺のみ付与し平打ちは備考のみ。既存の濃厚は味の濃さ調整と区別し未付与。 根拠：https://tabelog.com/ehime/A3801/A380101/38014528/ https://ehime-epuri.jp/31360 https://www.e-komachi.com/gourmet/40878_20260124/ https://ehime-epuri.jp/69263 https://kaizoku-ehime.jp/147760/
g-ChIJNUp68NN_RTURJf9o2TWW0o0,中国菜館 蓮花,2026-10-09 タグ再調査：当該店の注文記録に中華そば。移転後店舗のちゃんぽん、出汁材料・味種・麺・Characterは確証不足で保留。 根拠URL：https://tabelog.com/ehime/A3803/A380301/38009562/dtlmenu/photo/ ; https://tabelog.com/ehime/A3803/A380301/38009562/dtlrvwlst/B535841707/
g-ChIJNWeueYOERTURmsctYOdCEc4,美味しんぼ 花,八幡浜市公式ちゃんぽんMAPに矢野町5丁目38-6の美味しんぼ花を確認。醤油やラーメン品の既存タグは具体的根拠を再確認できず。出汁・麺は保留。 保留項目：Soup・Noodle・Character（具体的記述を確認できず）。 2026-10-09調査。根拠・確認先：https://www.city.yawatahama.ehime.jp/doc/2022111400034/file_contents/file_2025108384122_1.pdf 食べログメニュー確認先：https://tabelog.com/ehime/A3803/A380302/38015107/dtlmenu/（一部ページ閲覧不可のため口コミ・公式情報で補完）。 更新前タグ：Style=ラーメン｜ちゃんぽん / Soup=醤油 / Noodle= / Character=。
g-ChIJNWMgFODnTzURebU2I7AzLCE,旬彩武,対象店訪問記事にちゃんぽん麺の注文を確認。良いダシとの評価だけでは具体的材料を断定せず。 保留項目：Soup・Noodle・Character（具体的記述を確認できず）。 2026-10-09調査。根拠・確認先：https://haisentn.blog41.fc2.com/blog-entry-2381.html ; https://tabelog.com/ehime/A3801/A380102/38003242/dtlmenu/photo/ 食べログメニュー確認先：https://tabelog.com/ehime/A3801/A380102/38003242/dtlmenu/（一部ページ閲覧不可のため口コミ・公式情報で補完）。 更新前タグ：Style=ちゃんぽん / Soup= / Noodle= / Character=。
g-ChIJNz9it0_vTzURCmcFzNywWns,チャイナハウス すけろく 東石井店,2026-10-09 タグ再調査：東石井店メニュー欄と同支店実食で、すけろくラーメンは醤油ベースの餡かけ・細麺。豚骨は当支店の具体的提供根拠不足で外す。出汁材料・Character保留。 根拠URL：https://tabelog.com/ehime/A3801/A380101/38000198/dtlmenu/photo/ ; https://retty.me/area/PRE38/LCAT14/page-2/
g-ChIJNzHA1fjnTzURzcDfVmfOPVE,一汁三菜五感,公式メニューに天然出汁中華そば、鰹と昆布の一番出汁・鶏ガラスープを確認。公式告知に冷たい中華そば膳。昆布に対応する新規タグは追加せず。麺仕様は未確認。 保留項目：Noodle・Character（具体的記述を確認できず）。 2026-10-09調査。根拠・確認先：https://ichijyu-sansai-gokan.com/menu/ ; https://ichijyu-sansai-gokan.com/topics/20229/ 食べログメニュー確認先：https://tabelog.com/ehime/A3801/A380102/38011431/dtlmenu/（一部ページ閲覧不可のため口コミ・公式情報で補完）。 更新前タグ：Style=ラーメン / Soup= / Noodle= / Character=。
g-ChIJnzKS8O7lTzURwU80Eh2lrTY,バラックからし屋,【タグ保留】Soup・Noodle：出汁の材料と麺の太さは未確定。Style：冷麺は実食記録のみで現行提供未確認。 【タグ調査 2026-10-08】オロチョンラーメン、火を吹くオロチョンを実食で確認。食べログは味噌の旨み、細すぎない低加水麺と記述するが、太さを中細・中太などに断定しない。ホルモンや別皿のにんにく塩ホルモンから豚骨・塩・にんにくスープは推定しない。 根拠：https://tabelog.com/ehime/A3801/A380101/38011148/ https://tabelog.com/ehime/A3801/A380101/38011148/dtlrvwlst/B530738139/ https://tabelog.com/ehime/A3801/A380101/38011148/dtlrvwlst/B455860298/ https://tabelog.com/ehime/A3801/A380101/38011148/dtlrvwlst/?type=0 https://www.e-komachi.com/gourmet/41311_20260207/
g-ChIJO_3eJJrlTzUR93CkLLJGciY,松山鯛ラーメン万福久,"【タグ調査 2026-10-08】鯛潮ラーメン・濃厚鯛潮ラーメンを確認。運営会社は鯛アラ出汁、濃厚版の野菜・鯛焼き骨出汁を説明。複数実食記事で細麺。清湯・白湯は透明感やクリーミーさだけでは決めず未付与。
根拠URL：https://tabelog.com/ehime/A3801/A380101/38014291/ | https://w-harmony.jp/manpuku/ | https://nanohana2000.hatenablog.com/entry/2026/05/07/140012"
g-ChIJO-JKRU-DRTURmnPIoo4sQxU,味和居Dining 敬,対象店の食べログ料理メニューにちゃんぽんを確認。にんにく揚げ・味噌汁・海鮮の別料理はちゃんぽんの味や出汁根拠にしない。 保留項目：Soup・Noodle・Character（具体的記述を確認できず）。 2026-10-09調査。根拠・確認先：https://tabelog.com/ehime/A3803/A380302/38012383/dtlmenu/ 食べログメニュー確認先：https://tabelog.com/ehime/A3803/A380302/38012383/dtlmenu/（一部ページ閲覧不可のため口コミ・公式情報で補完）。 更新前タグ：Style=ちゃんぽん / Soup= / Noodle= / Character=。
g-ChIJO04Kn7_lTzURfRAdwxyMbaw,油そば 周平,"【タグ調査 2026-10-09】油そばの醤油・味噌、つけ麺、太麺を店舗紹介・口コミで確認。店舗参加紹介は油そばの濃厚さを明記。Soupは汁なしのタレ・魚粉も含む。辛いは自家製ラー油の追加時。平打ちは備考のみ。保留：当店の自家製麺とつけ汁の動物系出汁。
根拠URL：https://tabelog.com/ehime/A3801/A380101/38012446/ | https://az-earth.com/shop/ | https://foodiscovery.jp/shop-list/page/5/ | https://mrs.living.jp/ehime/town_gourmet/reporter/4367885 | https://tabelog.com/ehime/A3801/A380101/38012446/dtlrvwlst/"
g-ChIJo2tDrWLPTzURWQTFlzlxap8,面河ふるさと市場,市場のうどん等の紹介を確認。対象施設のラーメンメニューを再確認できず、出汁・麺も保留。 保留項目：Style・Soup・Noodle・Character（具体的記述を確認できず）。 2026-10-09調査。根拠・確認先：https://www.google.com/maps/search/?api=1&query=%E9%9D%A2%E6%B2%B3%E3%81%B5%E3%82%8B%E3%81%95%E3%81%A8%E5%B8%82%E5%A0%B4%20%E3%80%92791-1709%20%E6%84%9B%E5%AA%9B%E7%9C%8C%E4%B8%8A%E6%B5%AE%E7%A9%B4%E9%83%A1%E4%B9%85%E4%B8%87%E9%AB%98%E5%8E%9F%E7%94%BA%E7%9B%B8%E3%81%AE%E6%9C%A8%EF%BC%92%EF%BC%96 更新前タグ：Style=ラーメン / Soup=醤油 / Noodle= / Character=。
g-ChIJO3ag-ezAUTURBk969nXHuDw,ミッドナイト ウマイゾ さっちゃん,【タグ保留】Soup・Noodle・Character：ラーメンの提供実績はあるが、メニュー写真の内容と出汁・麺の太さ・味の特徴を確認できない。既存の醤油・味噌・豚骨は裏付け不足で削除。 【タグ調査 2026-10-08】食べログは同住所のミッドナイト ウマイゾ（うどん主体）として掲載。2025年9月実食にさっちゃんラーメンあり。Instagramの正しい表記はumaizo.sacchanで、CSVのumaizo.sachanとは相違。店舗・メニュー再確認待ち。 根拠：https://tabelog.com/ehime/A3802/A380204/38010837/ https://tabelog.com/ehime/A3802/A380204/38010837/dtlmenu/photo/?sby=D https://ameblo.jp/yfc-korogi/entry-12932443553.html https://www.instagram.com/umaizo.sacchan/
g-ChIJO3gHTXLlTzURF6zo-fRyLVk,ラーメン一興 久万ノ台店,【タグ保留】Noodle：既存の自家製麺は当該支店の明確な製造説明を確認できず外して保留。他店の説明は流用しない。Soup：塩メニューは現行根拠不足で未付与。 【タグ調査 2026-10-08】当店実食で元味・こく味、角煮醤油、温つけ麺、伊予路味噌つけ麺。元味は豚100%と細ストレート、白濁豚骨。つけ麺の鶏ガラ出汁は久万ノ台・立花を指定した取材記事に基づく。古いメニューと現行の相違はあり、確認できた分類のみ記載。 根拠：https://tabelog.com/ehime/A3801/A380101/38000322/ https://tabelog.com/ehime/A3801/A380101/38000322/dtlrvwlst/B427588552/ https://tabelog.com/ehime/A3801/A380101/38000322/dtlmenu/photo/ https://www.ekiten.jp/shop_2240723/ https://ehime-epuri.jp/65081
g-ChIJO66GTgDPUTURzi1bieNQtZQ,纏Ⅱ,調査2026-10-09：船木店の取材メニューでレギュラーは醤油、カレー辛麺と辛さ選択を確認。いわゆるこんにゃく麺はこんにゃく不使用という説明あり、名称を原料タグに置換しない。保留：出汁原料、麺幅・製麺、その他のCharacter。 根拠：https://tabelog.com/ehime/A3802/A380203/38016826/；https://ehime-epuri.jp/70750；https://yurimaman.com/archives/73683
g-ChIJoal08ehFUDURA2z06k8x03M,猪骨ラーメン,猪骨の醤油・塩・味噌を公式メニューで確認。出汁は猪骨・肉と瀬戸内海産物。猪は豚骨タグで代用しない。白湯は食べログの店側PR、細麺は実食口コミ、濃厚は味噌、あっさりと柑橘は塩に対応。レモンは好みで絞る味変。オリジナル麺との記載だけでは自家製麺にしない。旧清湯は白湯の明示に合わせて変更。 タグ調査：2026-10-08。出典：https://tabelog.com/ehime/A3802/A380201/38012399/ https://tabelog.com/ehime/A3802/A380201/38012399/dtlrvwlst/B450636397/ https://www.shishikotsu.com/blank-2 https://www.shishikotsu.com/home
g-ChIJoaLdfsPvTzURu9TObmXOWUQ,ダルマ食堂,【タグ保留】Noodle・Character：ラーメン／ちゃんぽんの麺の太さとスープ特徴を明確に確認できない。Soup：ちゃんぽんの出汁材料も未確認。 【タグ調査 2026-10-08】ジョープラ1Fフードコートの食べログ実食で醤油ラーメン、ちゃんぽん選択を確認。皿うどんの鶏ガラ餡・揚げ細麺の情報はラーメン／ちゃんぽんに流用しない。ごま油の香りだけで胡麻スープに分類しない。 根拠：https://tabelog.com/ehime/A3801/A380101/38012176/dtlrvwlst/ https://tabelog.com/ehime/A3801/A380101/38012176/dtlrvwlst/B497032624/
g-ChIJOapX193oTzURxm1vXdTbwSM,豊来,2026-10-09 タグ再調査：口コミのラーメン実食記載に醤油餡スープ。ストレートという記述のみでは太さを確定できずNoodle保留。出汁材料・Characterも不明。 根拠URL：https://tabelog.com/ehime/A3801/A380101/38001676/dtlmenu/photo/ ; https://www.ekiten.jp/shop_2246372/
g-ChIJOcyey9x_RTURrtzD4WcNJdo,つぼね,大洲874-2の対象店の現行口コミは居酒屋料理中心。ラーメン・醤油・豚骨を再確認できず。古い別住所や周辺店の情報は転用しない。 保留項目：Style・Soup・Noodle・Character（具体的記述を確認できず）。 2026-10-09調査。根拠・確認先：https://tabelog.com/ehime/A3803/A380301/38017379/dtlrvwlst/B534617076/ ; https://tabelog.com/ehime/A3803/A380301/38017379/dtlmap/ 食べログメニュー確認先：https://tabelog.com/ehime/A3803/A380301/38017379/dtlmenu/（一部ページ閲覧不可のため口コミ・公式情報で補完）。 更新前タグ：Style=ラーメン / Soup=醤油｜豚骨 / Noodle= / Character=。
g-ChIJOfdmDQBhTzUR68Zq0f28xTA,ストライク軒 宇和島総本山,タグ一次確認 2026-10-08：醤油の鶏・魚介、塩、シンカーの鶏白湯・貝を口コミで確認。細めの麺と中太麺を確認。限定冷やしは常設扱いにせず未記入。 出典：https://tabelog.com/ehime/A3804/A380401/38016058/ https://map.yahoo.co.jp/v3/place/0cfl-YNK7R2/review https://map.yahoo.co.jp/v3/place/0cfl-YNK7R2/review/btM6oW7GT6i5pAUVKo1cjA
g-ChIJoQhn_OvPUTURpHMth4sj4Uk,中国酒房 興慶,2026-10-09 タグ再調査：食べログメニュー取得が不十分で、移転後の西町店舗の麺料理の具体的商品名を確定できずStyle/Soup/Noodle/Character全項目保留。旧泉宮町店舗と同名他店の記載を転用しない。 根拠URL：https://tabelog.com/ehime/A3802/A380203/38013922/dtlmenu/photo/ ; https://tabelog.com/ehime/A3802/A380203/38013922/ ; https://map.yahoo.co.jp/v3/place/B3XD1dVTjZY/review
g-ChIJoSFKhEjdTzURmAaPA6C4uoQ,中華 老香港菜館,2026-10-09 タグ再調査：当該店の料理紹介にラーメン。公式メニューも確認したが冷やしの具体的商品名・出汁材料・麺太さ・Characterは確定できず保留。 根拠URL：https://tabelog.com/ehime/A3801/A380102/38000593/dtlmenu/photo/ ; https://www.lesp.co.jp/oldhk/menu/ ; https://gourmet.suntory.co.jp/shop/0899907947/food.html
g-ChIJOSTE7DKBTzUReLA_54H3Bvc,麺鮮醤油房 周月フレスポ大洲店,2026-10-09 タグ再調査：公式運営会社に魚介ベース醤油と自家製麺。取材記事にいりこ・さばぶし、店舗口コミに太めの麺と辛味噌・カレーつけ麺。保留：各限定品の現在の提供と細麺の有無。 根拠URL：https://tabelog.com/ehime/A3803/A380301/38015874/dtlmenu/photo/ ; https://cheri-stu.com/syugetsu/ ; https://ehime-epuri.jp/44718 ; https://map.yahoo.co.jp/v3/place/RJeBj8fCfzg/review/hCjEEEp5SsCM2o704nAbxA
g-ChIJOTMiUE-DRTURkQCim0OaEQE,串呑家 坊主,対象店の公式サイトは閲覧できず、保内町宮内1-307の店舗情報までは照合。ラーメンの具体的メニュー・豚骨出汁を再確認できず、同名別県の坊主の料理は採用しない。 保留項目：Style・Soup・Noodle・Character（具体的記述を確認できず）。 2026-10-09調査。根拠・確認先：https://bouzu-kushinoya.com/topics/18666/ ; https://bouzu-kushinoya.com/ 更新前タグ：Style=ラーメン / Soup=豚骨 / Noodle= / Character=。
g-ChIJOUaa4ovlTzURlvsPBvEEyrE,紀の国屋食堂,中華そばを確認。 保留項目：Soup・Noodle・Character（確定できる記述なし）。 更新前タグ：Style=ちゃんぽん / Soup= / Noodle= / Character=。 2026-10-09調査。食べログの料理メニューは一部閲覧不可。根拠・確認先：https://tabelog.com/ehime/A3801/A380101/38003985/dtlrvwlst/?PG=2 メニュー確認先：https://tabelog.com/ehime/A3801/A380101/38003985/dtlmenu/
g-ChIJoWjc4pwuUDUR49ox_Ho3SOo,蓬莱閣 東予店,2026-10-09 タグ再調査：当該店の料理・口コミにちゃんぽん、ラーメン高菜セット。出汁・麺・Characterは明記不足で保留。口コミの一般的な中華そば表現だけでは中華そば分類を採用しない。 根拠URL：https://tabelog.com/ehime/A3802/A380202/38006083/dtlmenu/photo/ ; https://tabelog.com/ehime/A3802/A380202/38006083/ ; https://map.yahoo.co.jp/v3/place/2Z5uuCydBHY/review
g-ChIJOWUkpYKERTURrPSygDScfOE,民宿 愛花亭,公式にちゃんぽん・黒だしちゃんぽん、食べログ口コミにかつおだし系のあっさり品・とんこつちゃんぽん、別実食にややこってりの記述を確認。2009年の豚骨品を含む過去情報で現行提供は未確認。商品ごとの特徴として扱い、麺の太さは未確認。 保留項目：Noodle（具体的記述を確認できず）。 2026-10-09調査。根拠・確認先：https://yawatahama50.wixsite.com/aikatei ; https://tabelog.com/ehime/A3803/A380302/38005222/dtlrvwlst/ ; https://tabelog.com/ehime/A3803/A380302/38005222/dtlrvwlst/B112939899/?smp=1&use_type=0 ; https://tabelog.com/ehime/A3803/A380302/38005222/dtlrvwlst/B428493155/ 食べログメニュー確認先：https://tabelog.com/ehime/A3803/A380302/38005222/dtlmenu/（一部ページ閲覧不可のため口コミ・公式情報で補完）。 更新前タグ：Style=ちゃんぽん / Soup= / Noodle= / Character=。
g-ChIJoXES0kI6UDURwuZq41MAem0,大鵬軒 本店,本店の豚骨ラーメン・ちゃんぽん、中太麺を店舗掲載メニューで確認。冷麺は2026年6月の本店口コミでも提供を確認。中太麺は温かいラーメンについての記述。石井支店の中細麺を転用しない。 タグ調査：2026-10-08。出典：https://tabelog.com/ehime/A3802/A380201/38004337/ https://www.hotpepper.jp/strJ000544816/food/
g-ChIJp09vKKboTzURaIuFu1jkmr4,ラーメン食堂 縁 北久米店,【タグ保留】Soup・Noodle・Character：食べログ店側メニューの更新日は2016年。近年のメニュー整理記録があるため、塩・味噌、商品別配合・麺選択の現行対応は要再確認。 【タグ調査 2026-10-08】店側説明で白・黒豚骨は極細／白湯、白に背脂、黒に焦がしにんにく。ガリ豚パンチは二郎系・極太・にんにく濃厚豚骨。醤油・塩は鶏ガラ黄金清湯、赤味噌には旨辛肉味噌。店舗備考に自家製細麺と明記。つけ麺はジャンル欄のみで商品根拠不足のため未付与。 根拠：https://tabelog.com/ehime/A3801/A380101/38010679/ https://tabelog.com/ehime/A3801/A380101/38010679/dtlmenu/ https://ehimesasurai3.blogspot.com/2026/09/blog-post_19.html
g-ChIJp3LeIxLvTzURVTQ958FJJt0,JAえひめ中央 おひさま食堂,中華そば・台湾ラーメンの公式日替わり記録。現在の提供と出汁・麺は保留。 保留項目：Soup・Noodle・Character（確定できる記述なし）。 更新前タグ：Style=中華そば / Soup= / Noodle= / Character=辛い。 2026-10-09調査。食べログの料理メニューは一部閲覧不可。根拠・確認先：https://www.ohisamaichi.com/kawaraban220224.html メニュー確認先：https://tabelog.com/ehime/A3801/A380101/38012871/dtlmenu/
g-ChIJP4a0p8HSUTURnc9jeggVxDc,はしもと,当店口コミに醤油味・中細ストレート麺・あっさりの記述。豚骨醤油という感じとの推測表現は豚骨材料の確定根拠にしない。手もみウエーブだけではちぢれ麺と断定しない。 2026-10-09調査。根拠・確認先：https://tabelog.com/ehime/A3802/A380202/38006727/dtlrvwlst/B111745904/ 食べログメニュー確認先：https://tabelog.com/ehime/A3802/A380202/38006727/dtlmenu/（一部ページ閲覧不可のため口コミ・公式情報で補完）。 更新前タグ：Style=ラーメン / Soup= / Noodle= / Character=。
g-ChIJP4mbJgDPUTURviHUwMKIp0E,こばら屋台,料理メニューのラーメン・キムチラーメンと当店口コミの醤油味・さっぱりの記述を確認。鶏ガラ等の材料と麺仕様は未確認。 保留項目：Noodle（具体的記述を確認できず）。 2026-10-09調査。根拠・確認先：https://tabelog.com/ehime/A3802/A380203/38002096/dtlmenu/ ; https://tabelog.com/ehime/A3802/A380203/38002096/dtlrvwlst/ ; https://map.yahoo.co.jp/v3/place/NPV9FsKApQY 食べログメニュー確認先：https://tabelog.com/ehime/A3802/A380203/38002096/dtlmenu/（一部ページ閲覧不可のため口コミ・公式情報で補完）。 更新前タグ：Style=ラーメン / Soup=醤油 / Noodle= / Character=。
g-ChIJP6otfZXvTzURDzlBFeMpqUA,風雲丸 松山空港通り店,"【タグ調査 2026-10-09】当店メニューに焦がし味噌つけ・煮干しラーメン、2026年取材に辛まぜそば。取材と公式で豚骨・豚背脂・魚介、極太自家製麺を確認。沸騰による泡は泡系とはしない。保留：商品別の醤油ダレ・麺仕様。
根拠URL：https://tabelog.com/ehime/A3801/A380101/38007620/ | https://map.yahoo.co.jp/v3/place/vkl28EVLNLQ/menu?filter=menu | https://ehime-epuri.jp/69699 | https://www.fuunmaru.biz/menu/ | https://demae-can.com/shop/menu/3335920"
g-ChIJp8SRbHroTzURRUEMntgTn1w,リンガーハット フジグラン重信店,当店海鮮ちゃんぽん口コミで魚介スープ、実食記事で太麺・縮れを確認。豚骨ベースは当店での明記未確認。 保留項目：Character（具体的記述を確認できず）。 2026-10-09調査。根拠・確認先：https://map.yahoo.co.jp/v3/place/TzrLECvWQ4k/review ; https://ameblo.jp/koohg3/entry-12378405203.html 食べログメニュー確認先：https://tabelog.com/ehime/A3801/A380102/38011387/dtlmenu/（一部ページ閲覧不可のため口コミ・公式情報で補完）。
g-ChIJpaidkVjPUTUR-e2L3dPkCCE,錦楽源,2026-10-09 タグ再調査：実食記事に中太麺のつけ麺とさっぱりしたスープ、店舗口コミに台湾塩ラーメン。豚骨風という感想は材料の確証ではないため豚骨保留。 根拠URL：https://tabelog.com/ehime/A3802/A380203/38016525/dtlmenu/photo/ ; https://yurimaman.com/archives/68027 ; https://map.yahoo.co.jp/v3/place/d-85nN1jFxE/review/JIvTJu73QIuCImmVnjkIJQ
g-ChIJpbjaFcPdTzURc1k93X0u2zs,ぎんなん,対象店公式に中華・和風・味噌・とんこつラーメンの4種類を確認。中華ラーメンという名称を中華そば表記と同一視しない。和風の出汁材料は不明。 保留項目：Noodle・Character（具体的記述を確認できず）。 2026-10-09調査。根拠・確認先：https://r.goope.jp/sr-38-3821510012/ ; https://www.instagram.com/ginnan.syowa/ 食べログメニュー確認先：https://tabelog.com/ehime/A3801/A380102/38005287/dtlmenu/（一部ページ閲覧不可のため口コミ・公式情報で補完）。 更新前タグ：Style=ラーメン / Soup=味噌｜豚骨 / Noodle= / Character=。
g-ChIJPQ2rRr3yTzURscufie5jp14,豚太郎 伊予店,当店の醤油実食、味噌にんにく入りの記述。出汁内訳・麺は保留。 保留項目：Noodle（具体的記述を確認できず）。 2026-10-09調査。根拠・確認先：https://tabelog.com/ehime/A3801/A380103/38006100/dtlrvwlst/B476087250/ ; https://map.yahoo.co.jp/v3/place/sUN1SXtIfTA/review 食べログメニュー確認先：https://tabelog.com/ehime/A3801/A380103/38006100/dtlmenu/（一部ページ閲覧不可のため口コミ・公式情報で補完）。 更新前タグ：Style=ラーメン / Soup=味噌｜塩｜醤油｜カレー / Noodle= / Character=。
g-ChIJpSMrezNgTzUREgF-6IXmxKo,ようき家,洋食ランチのメニュー・口コミは確認できたが、ラーメンやちゃんぽんの具体的提供情報を再確認できず。コーンスープは対象外。 保留項目：Style・Soup・Noodle・Character（具体的記述を確認できず）。 2026-10-09調査。根拠・確認先：https://tabelog.com/ehime/A3804/A380401/38003551/dtlrvwlst/B519536891/ 食べログメニュー確認先：https://tabelog.com/ehime/A3804/A380401/38003551/dtlmenu/（一部ページ閲覧不可のため口コミ・公式情報で補完）。 更新前タグ：Style=ラーメン｜ちゃんぽん / Soup=醤油 / Noodle= / Character=。
g-ChIJPUKXWYTvTzURmKVaR2pQMOY,坊っちゃん食堂 三冠王,当該店舗の中華そばを確認。 保留項目：Soup・Noodle・Character（確定できる記述なし）。 更新前タグ：Style=中華そば / Soup=醤油 / Noodle= / Character=。 2026-10-09調査。食べログの料理メニューは一部閲覧不可。根拠・確認先：https://www.e-komachi.com/gourmet/13755_20240827/ メニュー確認先：https://tabelog.com/ehime/A3801/A380101/38014636/dtlmenu/
g-ChIJpUMsrXHoTzURuJbGNhGpqMY,中華そば 芯せかい 本店,2026-10-09 タグ再調査：食べログに淡麗・芳醇中華そば、店舗メニュー掲載に肉担々麺、季節冷煮干しと茄子のそば。店舗紹介に丸鶏・カツオ、取材に自家製ちぢれ麺。店舗口コミに冬限定濃厚味噌丸。保留：担々麺の材料、各限定品の現在提供と麺の太さ。 根拠URL：https://tabelog.com/ehime/A3801/A380102/38011146/dtlmenu/ ; https://ehime-epuri.jp/64587 ; https://ehime-epuri.jp/69068 ; https://map.yahoo.co.jp/v3/place/8TJb0GQPcc6/menu ; https://ehime-epuri.jp/79662
g-ChIJpx9No9IxUDURSNonCT_HXxQ,TRITON RAMEN,汐・海老・鶏白湯・白胡麻担々麺を確認。泡系と辛いは白胡麻担々麺、あっさりは汐に対応。冷やしは季節限定。太い選択麺は2026年紹介の中太手もみ麺を採用。旧煮干しタグは未確認のため除外。釜バターのStyle分類は未設定。 タグ調査：2026-10-08。出典：https://tabelog.com/ehime/A3802/A380201/38016043/dtlrvwlst/ https://www.e-komachi.com/gourmet/41422_20260212/ https://www.ubereats.com/jp/store/triton-ramen/6QDmlZDQQFSqw-cDrcJIxw
g-ChIJpxXitIHlTzURf2_0nRRw9Sg,夢を語れ 松山,"【タグ調査 2026-10-09】鉄砲町の店舗掲載・汁なし口コミ・店メニューを照合。豚骨醤油、自家製オーション麺、アブラ・ニンニクと縮れを確認。保留：麺の太さ（太／中太の表記差）、清湯・白湯（非乳化／乳化の表記差）、夏限定つけ麺・冷やしの現行提供。汁なしはまぜそばに対応。
根拠URL：https://tabelog.com/ehime/A3801/A380101/38013435/ | https://tabelog.com/ehime/A3801/A380101/38013435/dtlrvwlst/ | https://tabelog.com/ehime/A3801/A380101/38013435/dtlrvwlst/B507274133/ | https://yumewokatarematsuyama.amebaownd.com/ | https://webdesign-gourmet.com/yume-wo-katare-ramen-matsuyama | https://map.yahoo.co.jp/v3/place/FCdsNB9z5ns/review/LSyrHYM_RoaYtB7yQVVqdw"
g-ChIJPzTFEgBhTzUR0SCVe4dp0hE,麺's げんきや,【タグ保留】タグ要再確認 2026-10-08：店舗所在地は確認できたがメニュー・麺・出汁の根拠を確認できない。既存タグは未検証のまま保持。 出典：https://map.yahoo.co.jp/v3/place/GI-fVqt2w96
g-ChIJq_6aoz3vTzURhJWGNx4sIO8,揚子江,2026-10-09 タグ再調査：古川南の同一住所の麺投稿でラーメン提供を確認。メニュー写真・口コミから担々麺、ちゃんぽん、味噌等の具体的商品を確定できず保留。出汁・麺・Characterも不明。同名他地域店のメニューは採用しない。 根拠URL：https://tabelog.com/ehime/A3801/A380101/38001659/dtlmenu/photo/ ; https://ramendays.jp/restaurant/ffe07e93-a4d9-4f6f-94bb-6305b981a4bf
g-ChIJq-FrCCvpTzUR7Uw1uaR1W6M,ラーメン一興 砥部店,2026-10-09 タグ再調査：店舗メニュー・取材であっさり元味、こってりこく味、みそつけ麺・豚しゃぶつけ麺。取材に自家製細麺、店舗実食口コミにつけ麺は少し太麺。魚粉の説明あり。保留：魚介の具体的な種類やつけ麺全品の製麺方法は確認できず。 根拠URL：https://tabelog.com/ehime/A3801/A380103/38000421/dtlmenu/photo/ ; https://mrs.living.jp/ehime/town_gourmet/reporter/6427363 ; https://korepano.jp/web/ikkou-tobe/ ; https://retty.me/area/PRE38/LCAT5/CAT290/city/38402/
g-ChIJq1Rmyu3lTzURs_48FrDZGCQ,麺屋 十銭,"【タグ調査 2026-10-09】当店公式の尾道ラーメン白・黄、中華そばセットを確認。瀬戸内の小魚出汁・醤油・背脂、当店口コミの細麺を照合。白は平打ち、黄はたまご麺。保留：煮干しの使用（公式は小魚とだけ明記）、黄麺の中細表記との仕様差。平打ちはタグ追加しない。
根拠URL：https://tabelog.com/ehime/A3801/A380101/38001531/dtlmenu/photo/ | https://jussen.jp/menu.html | https://jussen.jp/kodawari.html | https://tabelog.com/ehime/A3801/A380101/38001531/dtlrvwlst/B534065899/ | https://tabelog.com/ehime/A3801/A380101/38001531/dtlrvwlst/B512915636/"
g-ChIJQ1tqr2bvTzURUTNmR-NcfEI,なにわや食堂,鶏ガラ醤油・にんにくの記述。 保留項目：Noodle（確定できる記述なし）。 更新前タグ：Style=中華そば / Soup=鶏 / Noodle= / Character=。 2026-10-09調査。食べログの料理メニューは一部閲覧不可。根拠・確認先：https://map.yahoo.co.jp/v3/place/eARI3RE6blI/review/CNg4l1__S6Cs3IJMUNqtrw メニュー確認先：https://tabelog.com/ehime/A3801/A380101/38004751/dtlmenu/
g-ChIJQ217VezlTzURvee-VZlYVTs,中国料理「桃園」,2026-10-09 タグ再調査：食べログメニュー写真ページ取得不可。ホテル公式に夏の冷麺フェア、地域取材に濃厚クリーミー胡麻ペーストの担々麺・ピリ辛、実食にこってり。五目そば実食記載はラーメンに分類。旧塩・動物出汁・麺太さは確証なしで保留。冷やしは夏期限定。 根拠URL：https://tabelog.com/ehime/A3801/A380101/38000739/dtlmenu/photo/ ; https://anacpmatsuyama.com/category/menu/toen_menu/ ; https://majimena.ehime.jp/majimeshi/celebrity/1089/ ; https://ja.worldorgs.com/カタログ/松山市/アメリカ料理店/中国料理桃園
g-ChIJq2oumtDlTzURkBZswTu2Uv0,おでん・中華そば 瓢簞,【タグ保留】Noodle：自家製麺は確認できたが、現行の麺の太さ・縮れの根拠は不足。 【タグ調査 2026-10-08】道後多幸町1-1の店。2025年12月取材で中華そば・半そば、豚骨醤油ベースの自家製麺を確認。2026年8月実食はあっさりと記述。白湯／清湯は確定できず付けない。 根拠：https://tabelog.com/ehime/A3801/A380101/38014218/dtlrvwlst/B533718477/ https://www.e-komachi.com/gourmet/39049_20251229/
g-ChIJq3JM08fOUTURLK_cuFuQpkw,齋藤,調査2026-10-09：泉池町の同店口コミで豚骨醤油、さっぱりした中華そばを確認。保留：麺幅に細麺・中太麺の差があり空欄。自家製麺、その他の出汁。 根拠：https://tabelog.com/ehime/A3802/A380203/38007264/；https://tabelog.com/ehime/A3802/A380203/38007264/dtlrvwlst/；https://map.yahoo.co.jp/v3/place/Bwj7NH2ZqpQ/review
g-ChIJq4WiQuZ1TzURGUM7zFw67eQ,食酔坊・宝,2026-10-09 タグ再調査：食べログと公式メニューにラーメン・チャンポン。醤油・味噌など味種、出汁、麺太さ、Characterは具体的記載を確認できず保留。 根拠URL：https://tabelog.com/ehime/A3804/A380402/38000876/dtlmenu/photo/ ; https://restaurant.syokusuiboutakara.com/%E9%A3%9F%E9%85%94%E5%9D%8A-%E5%AE%9D-%E3%83%A1%E3%83%8B%E3%83%A5%E3%83%BC/
g-ChIJq654e7HlTzURifL37KI5jQ8,KANEOKA RAMEN,【タグ保留】Style：冷やしつけ麺は2025年夏の実食記録で現在の提供は未確認。 【タグ調査 2026-10-08】鶏＋少量の豚骨を炊き、提供時ブレンダーで泡立てる鶏白湯。特注中太麺。魚貝鶏白湯、海老、伊勢海老味噌も確認。まぜそばは醤油、7種の煮干し・節、ゆずオイル。辛い・痺れはシビカラまぜそばに対応。自家製麺ではなく特注麺。 根拠：https://tabelog.com/ehime/A3801/A380101/38013615/ https://ehime-epuri.jp/69497 https://tabelog.com/ehime/A3801/A380101/38013615/dtlrvwlst/
g-ChIJq6qeD4zlTzURCGO0Yf1Und4,拉麺 閏 （ラーメン ウルウ）,"【タグ調査 2026-10-09】現行取材に醤油・塩・味噌・まぜそば。店舗参加紹介に鯛・媛っ子地鶏出汁を明記。中細麺の実食口コミを採用。保留：麺の縮れは商品・時期で記述が異なるため未反映。動物系追加素材・自家製麺も未確定。
根拠URL：https://tabelog.com/ehime/A3801/A380101/38011335/ | https://ehime-epuri.jp/65066 | https://ehime-epuri.jp/69270 | https://foodiscovery.jp/405/ | https://tabelog.com/ehime/A3801/A380101/38011335/dtlrvwlst/B273113871/"
g-ChIJq6qlkYzlTzURnqvS3guTSE8,あづま家 千舟町店,【タグ保留】Noodle：当店の同系統のラーメンに細め／中細／中太の記述差があり、現行の太さは保留。Style：既存まぜそばは別店（二番町店）との混同を示す口コミがあり削除。味噌は冬季限定。 【タグ調査 2026-10-08】鶏ガラ・豚骨に鯵／鯖／鰹節など魚介と野菜を合わせる。醤油・塩ラーメンとつけ麺。こってり醤油は背脂入り。味噌ラーメン／味噌つけ麺は12月中旬からの期間限定記録。煮干しは明確な使用根拠がなく外す。 根拠：https://tabelog.com/ehime/A3801/A380101/38010013/dtlrvwlst/ https://ehime-epuri.jp/69056 https://map.yahoo.co.jp/v3/place/BU5bEGsTGUE/review/KoK1M_aATjGclzA3tBPg0w
g-ChIJq6qpVhjmTzURx5LwDGeYg3I,麺工房 茜屋,"【タグ調査 2026-10-09】北久米の店舗メニューで塩・醤油・味噌と豚骨ベース、味噌の濃厚さを確認。当店の中太縮れ麺、モッツァレラチーズ等の創作ラーメン実食を照合。保留：創作商品の現行全メニューと個別出汁、自家製麺の明記、ストレート麺との商品・年月差。旧市駅西店の麺情報は転用しない。
根拠URL：https://tabelog.com/ehime/A3801/A380101/38000550/ | https://demae-can.com/shop/menu/3215708 | https://www.hotpepper.jp/strJ000547677/ | https://ehimesasurai3.blogspot.com/search/label/%E2%AD%90%EF%B8%8F%E9%BA%BA%E5%B7%A5%E6%88%BF%20%E8%8C%9C%E5%B1%8B | https://mr.gnavi.co.jp/s/details/?gShopId=1084852&menuId=871623"
g-ChIJq6quRkjpTzURngn2S4FUNz4,展望レストラン SKY GARDEN,対象店のメニュー・口コミに塩ラーメン・担々麺・冷やし担々麺を確認。担々麺の名称だけでは胡麻・辛さ・痺れを断定せず。季節メニューの提供時期は要確認。 保留項目：Noodle・Character（具体的記述を確認できず）。 2026-10-09調査。根拠・確認先：https://map.yahoo.co.jp/v3/place/N7RCQefVS9Q/menu ; https://map.yahoo.co.jp/v3/place/N7RCQefVS9Q/review/TXXjeXDLSpG1qACb1M6IIg ; https://www.tobezoo.com/info/service_guide_meal.html 食べログメニュー確認先：https://tabelog.com/ehime/A3801/A380103/38005830/dtlmenu/（一部ページ閲覧不可のため口コミ・公式情報で補完）。 更新前タグ：Style=ラーメン｜担々麺 / Soup= / Noodle= / Character=。
g-ChIJq8IiTG7vTzUR785iN9gSYoU,中国料理 香港 和泉店,2026-10-09 タグ再調査：和泉店メニュー欄と同店実食記事に注文名中華そば、チャーシュー麺。旧ちゃんぽん、Soup/Noodle/Characterは当支店の具体的説明を確証できず保留。他店の醤油/味噌タグは転用しない。 根拠URL：https://tabelog.com/ehime/A3801/A380101/38000125/dtlmenu/photo/ ; https://ehimesasurai3.blogspot.com/2026/05/blog-post_31.html ; https://ehimesasurai3.blogspot.com/2024/05/blog-post_20.html
g-ChIJqa9E4EmHRTURLDXVDqMm07Q,粋,住所一致の取材記事にラーメン各種・担々麺の提供を確認。牛ぎゅう丼の辛いタレや牛すじの味噌煮をラーメンのスープ・辛さ根拠に転用しない。 保留項目：Soup・Noodle・Character（具体的記述を確認できず）。 2026-10-09調査。根拠・確認先：https://niihama.mypl.net/article/nightgourmet_niihama/47191 食べログメニュー確認先：https://tabelog.com/ehime/A3804/A380402/38001082/dtlmenu/（一部ページ閲覧不可のため口コミ・公式情報で補完）。 更新前タグ：Style=ラーメン / Soup= / Noodle= / Character=。
g-ChIJQeriArYuUDUR-AAQK5YHPqo,丸鶏醤油ラーメン とりの助 東予店,調査2026-10-09：東予店の料理メニューで鶏醤油・鶏白湯・鶏魚介つけ麺、鶏と香味野菜の炊き出しを確認。保留：麺幅・製麺、味噌・塩等の現行提供。他支店のメニューは転用していない。 根拠：https://tabelog.com/ehime/A3802/A380202/38010975/；https://www.hotpepper.jp/strJ001154012/food/；https://tabelog.com/ehime/A3802/A380202/38010975/dtlrvwlst/
g-ChIJQfoBJpGcRTURZu0oBZANwuI,マルマ食堂,2026-10-09 タグ再調査：商工会の店舗紹介に鶏ガラのあっさりしたちゃんぽん、実食記載に太いストレート麺。味種・麺製法の確証不足で追加タグ保留。 根拠URL：https://tabelog.com/ehime/A3803/A380302/38004936/dtlmenu/photo/ ; https://isci.or.jp/shop/326 ; https://www.ekiten.jp/shop_2248142/
g-ChIJQQ4qjyzlTzURa3S2refmHdA,豚珍行,"【タグ調査 2026-10-09】店掲載の中華そば・味噌、2026年取材の豚骨・鶏・野菜・煮干し、実食の自家製麺を確認。細麺は店舗掲載を優先。保留：Characterの明確な判定、実食記事の中細麺表記との仕様差。
根拠URL：https://tabelog.com/ehime/A3801/A380101/38000204/dtlmenu/photo/ | https://matsuyama.mypl.net/shop/00000378480 | https://www.e-komachi.com/gourmet/41307_20260206/ | https://teishabatest.blog.jp/archives/52464529.html"
g-ChIJQQ61iVbATzURTyRlcRcv-bc,ちぐさ,ラーメン・焼肉丼セットの口コミを確認。出汁・麺仕様の記述は未確認。 保留項目：Soup・Noodle・Character（具体的記述を確認できず）。 2026-10-09調査。根拠・確認先：https://map.yahoo.co.jp/v3/place/F-f1Duf-B3A 食べログメニュー確認先：https://tabelog.com/ehime/A3803/A380304/38000874/dtlmenu/（一部ページ閲覧不可のため口コミ・公式情報で補完）。
g-ChIJqQBVqSo7UDUReFQPvPwCXvk,いこ食堂,2026-10-09 タグ再調査：店主取材で醤油・ネギ塩・豚骨・和風豚骨・味噌、ネギ塩は太麺寄りでさっぱり。公式Instagramの冷やし中華と訪問記事の濃厚な冷やし担々麺を確認。和風豚骨の出汁素材と担々麺の胡麻など未明記の素材は保留。 根拠URL：https://tabelog.com/ehime/A3802/A380201/38014774/dtlmenu/photo/ ; https://imabari.mypl.net/article/lunch_imabari/91290 ; https://miton-imabari.jp/ikoshokudo-coldramen/ ; https://www.instagram.com/ikoshokudo2023/?hl=ja
g-ChIJqRCIeM4vUDURwJpqDfqVycc,麺のTORIKO,調査2026-10-09：三津屋南4-13と公式アカウントを照合。2026年9月メニュー・口コミでラーメン細麺、つけ麺太麺と鶏魚介濃厚つけ汁を確認。平たいという麺形状は備考のみ。保留：油そばは現行提供を確認できず削除。ラーメンの味付け、昆布以外の出汁配合、自家製麺。 根拠：https://tabelog.com/ehime/A3802/A380202/38017364/；https://yurimaman.com/archives/85066；https://www.instagram.com/menno_toriko/
g-ChIJqUp3ks_SUTUR92LvPDILRdA,双葉食堂,中華そばを確認。「中麺」は中細/中太に割り当てず保留。 保留項目：Soup・Noodle・Character（確定できる記述なし）。 更新前タグ：Style=中華そば / Soup= / Noodle= / Character=。 2026-10-09調査。食べログの料理メニューは一部閲覧不可。根拠・確認先：https://blog.livedoor.jp/frick000/archives/22776038.html メニュー確認先：https://tabelog.com/ehime/A3802/A380202/38008696/dtlmenu/
g-ChIJqUWkIZTOUTURTOqbeTdBqGU,中国料理 龍鳳,2026-10-09 タグ再調査：食べログ文字メニューにふかひれ入り・チャーシュー葱スープそば、夏季ランチ欄に五目冷麺・冷やし担々麺。具材を出汁とみなさずSoup保留。麺太さ・辛さも不明。文字メニューは2012年登録のため現行詳細は保留。 根拠URL：https://tabelog.com/ehime/A3802/A380203/38005977/dtlmenu/photo/ ; https://tabelog.com/ehime/A3802/A380203/38005977/dtlmenu/ ; https://www.mail.hotpepper.jp/strJ003516138/lunch/
g-ChIJQV6cfmR_RTURlIBi2ro5QX0,分油屋,対象店のそばメシ炒飯や蕎麦の掲載を確認。ラーメンの具体的提供を再確認できず、既存ラーメンタグは保留。親店油屋の油そばは転用しない。 保留項目：Style・Soup・Noodle・Character（具体的記述を確認できず）。 2026-10-09調査。根拠・確認先：https://blog.livedoor.jp/hidegoforbroke/archives/9553989.html ; https://tabelog.com/ehime/A3803/A380301/38011908/dtlmenu/ 食べログメニュー確認先：https://tabelog.com/ehime/A3803/A380301/38011908/dtlmenu/（一部ページ閲覧不可のため口コミ・公式情報で補完）。 更新前タグ：Style=ラーメン / Soup= / Noodle= / Character=。
g-ChIJQVoKNfPlTzURwmIwkny6ueg,麺と向かって鰹,"【タグ調査 2026-10-09】当店メニューの醤油・塩、本枯れ鰹節をサイフォンで抽出するスープ、実食記事の中細麺を確認。2026年取材にあっさり。保留：現行麺の細／中細分類、清湯の明記。麺の古い実食情報の年月差を備考に残す。
根拠URL：https://tabelog.com/ehime/A3801/A380101/38013958/ | https://ehime-epuri.jp/69053 | https://mrs.living.jp/ehime/town_gourmet/reporter/4470836"
g-ChIJqVsIs8dhTzURk8uxqqqaPmg,こたん,対象店のみそラーメンの口コミを確認。他の味や出汁・麺は具体的記述がなく保留。 保留項目：Noodle・Character（具体的記述を確認できず）。 2026-10-09調査。根拠・確認先：https://map.yahoo.co.jp/v3/place/3m2lSB35P5c?from_srv=loco_web 食べログメニュー確認先：https://tabelog.com/ehime/A3804/A380401/38003788/dtlmenu/（一部ページ閲覧不可のため口コミ・公式情報で補完）。
g-ChIJQyOP8CE7UDURDQwGKTw2F80,屋台 すずえ(京楽軒),鶏ガラ醤油の中華そば、中細で少し縮れた麺を口コミで確認。CSVの京楽軒と食べログURLが同一。重複の可能性があるが行は削除しない。 タグ調査：2026-10-08。出典：https://tabelog.com/ehime/A3802/A380201/38008351/dtlrvwlst/B111746276/
g-ChIJr0yDymKHRTURVKxoJf2QJiI,やすい食堂,当該店舗の公開情報を検索したが、メニューのラーメン詳細と出汁・麺・特徴の明記を再確認できず保留。 保留項目：Style・Soup・Noodle・Character（確定できる記述なし）。 更新前タグ：Style=ちゃんぽん / Soup= / Noodle= / Character=。 2026-10-09調査。食べログの料理メニューは一部閲覧不可。根拠・確認先：https://tabelog.com/ehime/A3804/A380402/38003932/ メニュー確認先：https://tabelog.com/ehime/A3804/A380402/38003932/dtlmenu/
g-ChIJR25P6PPlTzURhR-UaFi1yOo,ラーメン ブタイチ 松山二番町店,【タグ保留】Style：冷やしは過去の季節メニューで、現行販売は未確認。 【タグ調査 2026-10-08】食べログ実食の豚骨醤油、二郎系ラーメンと汁なし。2026年紹介で乳化スープと極太麺、背脂・にんにくを確認。汁なしはまぜそばに分類。乳化は白湯に対応。平打ちは備考のみ。 根拠：https://tabelog.com/ehime/A3801/A380101/38014606/ https://tabelog.com/ehime/A3801/A380101/38014606/dtlrvwlst/B521665108/ https://www.e-komachi.com/gourmet/41192_20260203/ https://www.michikusaehime.com/butaiti/
g-ChIJr5DPm6TlTzURzcAC9jDA26U,中華菜館 四川飯店,2026-10-09 タグ再調査：メニュー写真一覧にラーメン・麻婆ラーメン、実食記載に担々麺変更と冷し担々麺。出汁・麺太さ・汁麺の辛さの具体的本文を確証できず保留。冷やしは過去の夏期記録で現在提供未確認。 根拠URL：https://tabelog.com/ehime/A3801/A380101/38000208/dtlmenu/photo/ ; https://tabelog.com/ehime/A3801/A380101/38000208/dtlrvwlst/B199455715/ ; https://ehimesasurai.blog.jp/archives/48928338.html
g-ChIJR5GRCbrSUTURiWwkY1X4rOg,一番星,調査2026-10-09：当店のメニュー・口コミで鶏ガラ醤油、背脂、中太ストレートとニンニクラーメンを確認。保留：豚骨醤油という別の口コミもあるため豚骨は確定せず未設定。自家製麺。 根拠：https://tabelog.com/ehime/A3802/A380202/38003621/；https://www.hotpepper.jp/strJ000544645/；https://r.gnavi.co.jp/n3rnhs420000/；https://tabelog.com/ehime/A3802/A380202/38003621/dtlrvwlst/
g-ChIJR5XVeW_mTzUR-eygRq-a65g,葉牡丹,"【タグ調査 2026-10-09】中華そばをメニューで確認。豚骨醤油・中太ストレート麺とあっさりした味の口コミが一致。
根拠URL：https://tabelog.com/ehime/A3801/A380101/38005426/ | https://www.hotpepper.jp/strJ000547698/ | https://tabelog.com/ehime/A3801/A380101/38005426/dtlrvwlst/B112015113/"
g-ChIJr87wYADvTzURH12wvotlTJY,村一番食堂,中華そばの提供記事を確認。 保留項目：Soup・Noodle・Character（確定できる記述なし）。 更新前タグ：Style=中華そば / Soup= / Noodle= / Character=。 2026-10-09調査。食べログの料理メニューは一部閲覧不可。根拠・確認先：https://mediall.jp/food/159970 メニュー確認先：https://tabelog.com/ehime/A3801/A380103/38017319/dtlmenu/
g-ChIJrdvpiqTAUTURcKzdaYYAquo,ひかり食堂,【タグ保留】Noodle：白湯用の麺を中太／太麺とする口コミ差があり、太さの確定は保留。Soup：塩ダレの鯛・帆立は過去の実食情報で現行配合は未確認。 【タグ調査 2026-10-08】中華そばは鶏・イリコ清湯、鶏塩そばは鶏白湯、魚介醤油は鰹＋鶏白湯。塩そばは細麺、塩ダレに鯛・帆立との記述。つけそば・濃厚味噌の提供記録あり。2026年2月食べログは鶏塩の縮れ麺を確認。平打ちタグは付けない。 根拠：https://tabelog.com/ehime/A3802/A380204/38003879/dtlrvwlst/B100905792/ https://tabelog.com/ehime/A3802/A380204/38003879/dtlrvwlst/B16428723/ https://map.yahoo.co.jp/v3/place/e59ZurGA6-M/menu
g-ChIJrSS88Y1VTzURWqD4_xHL7yg,台湾料理 豊源 愛南店,2026-10-09 タグ再調査：御荘平城814の当店メニュー掲載・実食口コミにラーメンと台湾ラーメン。保留：食べログメニューページ閲覧不可、出汁・麺・辛さは具体的な説明が得られず空欄。同名の香川・千葉等のメニューは使用しない。 根拠URL：https://tabelog.com/ehime/A3804/A380404/38013020/dtlmenu/photo/ ; https://map.yahoo.co.jp/v3/place/5-ZsDSpGSNM/menu ; https://map.yahoo.co.jp/v3/place/5-ZsDSpGSNM
g-ChIJrV-dWXXoTzURDMEHtBf5wY8,いろは,牛渕1980の対象店のラーメン実食口コミを確認。同名麺家いろはの富山ブラック・白海老・自家製麺等は転用せず。具体的な出汁・麺仕様は保留。 保留項目：Soup・Noodle・Character（具体的記述を確認できず）。 2026-10-09調査。根拠・確認先：https://tabelog.com/ehime/A3801/A380102/38003707/dtlrvwlst/ ; https://tabelog.com/keywords/%E3%81%9F%E3%82%89/ehime/C38215/kwdLst/ramen/ 食べログメニュー確認先：https://tabelog.com/ehime/A3801/A380102/38003707/dtlmenu/（一部ページ閲覧不可のため口コミ・公式情報で補完）。 更新前タグ：Style=ラーメン / Soup= / Noodle= / Character=。
g-ChIJRykYV3z1RTUR7ePb7QBA4Lk,山男,ラーメンの紹介および対象店のとんこつラーメン口コミを確認。味噌・醤油等の既存タグは根拠不足で保留。 保留項目：Noodle・Character（具体的記述を確認できず）。 2026-10-09調査。根拠・確認先：https://ehime-epuri.jp/66155 ; https://tabelog.com/ehime/A3804/A380401/38007944/dtlrvwlst/B53720413/ 食べログメニュー確認先：https://tabelog.com/ehime/A3804/A380401/38007944/dtlmenu/（一部ページ閲覧不可のため口コミ・公式情報で補完）。 更新前タグ：Style=ラーメン / Soup=豚骨｜醤油｜味噌 / Noodle= / Character=。
g-ChIJRZf0Cq_oTzURXUrIMPZ6itA,風風亭 久米店,"【タグ調査 2026-10-09】当店掲載と店公式メニュー・こだわりを照合。豚げんこつのみのスープ、自家製24番ストレート麺、あっさり味、カレーらーめん・夏季冷し中華。細麺は当店口コミも確認。冷し中華は夏季限定。
根拠URL：https://tabelog.com/ehime/A3801/A380101/38011107/ | https://tabelog.com/ehime/A3801/A380101/38011107/dtlrvwlst/B527706820/ | https://www.fu-fu-tei.co.jp/menu | https://www.fu-fu-tei.co.jp/concept | https://www.fu-fu-tei.co.jp/customer"
g-ChIJS-PdYnKUUTURcWONXUyMZP0,中国料理 柘,2026-10-09 タグ再調査：食べログメニュー写真欄・担々麺実食で胡麻と辛味。Instagram補足に痺れ。動物出汁と麺の太さ・製法は明記なしで保留。 根拠URL：https://tabelog.com/ehime/A3802/A380204/38007892/dtlmenu/photo/ ; https://tabelog.com/ehime/A3802/A380204/38007892/dtlrvwlst/B421352426/ ; https://www.instagram.com/p/DcXiJiuD6gF/
g-ChIJS13HuAqFRTURC43Xj8Gf5-Y,フードコート アゴラマルシェ,フードコート公式に鶏ガラと昆布・かつおぶし等のWスープ、鶏ガラと野菜を煮込む味噌ちゃんぽん、夏季の冷しつけ麺ちゃんぽん・冷やしぶっかけを確認。土産用別メーカー商品とは区別し、季節品が通年提供とは扱わない。 保留項目：Noodle・Character（具体的記述を確認できず）。 2026-10-09調査。根拠・確認先：https://agora-m.co.jp/food/food-coat/1073/ ; https://agora-m.co.jp/category/food/food-coat/ 食べログメニュー確認先：https://tabelog.com/ehime/A3803/A380302/38009539/dtlmenu/（一部ページ閲覧不可のため口コミ・公式情報で補完）。 更新前タグ：Style=ちゃんぽん / Soup= / Noodle= / Character=。
g-ChIJS4ESIgDlTzUR5_Jb22KYuUY,辛麺屋 飛麻飛火,"【タグ調査 2026-10-08】枝松店の食べログ・取材を確認。鶏だし辛麺の当店口コミ、取材のトマト辛麺はスープにもトマトの旨みを加える（野菜タグ）。麺は韓国麺・中華麺・うどん。にんにくはトッピング選択あり。保留：Noodleの太さ、基本タレ。麻辣豆腐は麺料理と別なので痺れにはしない。
根拠URL：https://tabelog.com/ehime/A3801/A380101/38015747/dtlmenu/photo/ | https://ehime-epuri.jp/69897 | https://map.yahoo.co.jp/v3/place/qE5WbIbi9Lc"
g-ChIJs5SNPQDvTzUR9KBwSlVik8o,センベエ食堂,【タグ保留】Style：冷やしラーメンは季節商品の提供記録で現行提供未確認。Soup：冷やしの出汁は不明、親鶏チャーシューから鶏スープを推定しない。 【タグ調査 2026-10-08】魚介豚骨醤油は中細ストレート、豚骨と魚介の旨み。あっさり醤油は中華そばへ名称変更、清湯で節の香りという実食を確認。魚介豚骨は濃厚さ、醤油中華そばはあっさり・清湯と別商品に対応。 根拠：https://tabelog.com/ehime/A3801/A380101/38015945/dtlrvwlst/B490959055/ https://haisai.jp/top/senbe_shokudou/ https://matsuyama.goguynet.jp/2024/11/13/senbee/
g-ChIJs8lSivKDRTUR8uTRR8-2rXg,台湾料理 味源,2026-10-09 タグ再調査：八幡浜松柏の当該店の注文記録に台湾ラーメン。具体的な出汁・麺・辛さは確定できず保留。大洲と県外の味源の情報は転用しない。 根拠URL：https://tabelog.com/ehime/A3803/A380302/38016695/dtlmenu/photo/ ; https://tabelog.com/ehime/A3803/A380302/38016695/
g-ChIJS8RYyFeRUTURlWKmnmqDRjs,中国菜館 成都,2026-10-09 タグ再調査：食べログメニュー写真欄と公式メニューの葱油麺・坦々麺・成都湯麺を照合。公式の特製冷麺案内も確認。出汁材料・麺太さ・胡麻や辛さの汁麺固有の説明は不足しSoup/Noodle/Character保留。麻婆豆腐の説明は転用しない。 根拠URL：https://tabelog.com/ehime/A3802/A380204/38001534/dtlmenu/photo/ ; https://syokusai-seito.com/menu/ ; https://syokusai-seito.com/
g-ChIJsawc6sSHRTURZi-b8lWc4zI,豊源 西予店,西予市宇和町の豊源のInstagram食事投稿に塩ラーメンの記述を確認。同名の新横浜店・姫路店のメニューや麺・出汁は採用しない。 保留項目：Noodle・Character（具体的記述を確認できず）。 2026-10-09調査。根拠・確認先：https://www.instagram.com/p/DOD7g6wkz5s/ 食べログメニュー確認先：https://tabelog.com/ehime/A3804/A380402/38013557/dtlmenu/（一部ページ閲覧不可のため口コミ・公式情報で補完）。 更新前タグ：Style=ラーメン / Soup= / Noodle= / Character=。
g-ChIJsbF1VAA7UDURsUPI1TNDQJY,横浜家系ラーメン 一門家 今治店,豚骨醤油・豚骨塩・野菜味噌・濃厚魚介豚骨つけ麺を確認。二郎系は当店実食口コミ。家系の中太麺は実食記事。旧中華そばは確認できず除外。野菜は商品名／具だけから出汁タグにしない。 タグ調査：2026-10-08。出典：https://tabelog.com/ehime/A3802/A380201/38016818/dtlrvwlst/B519879380/ https://imabari.mypl.net/article/newopen_imabari/107070 https://yurimaman.com/archives/74734
g-ChIJSczdGX2XTzURXt01_U0ALLI,日切食堂,公式観光サイトに中華そばを明記。 保留項目：Soup・Noodle・Character（確定できる記述なし）。 更新前タグ：Style=中華そば / Soup= / Noodle= / Character=。 2026-10-09調査。食べログの料理メニューは一部閲覧不可。根拠・確認先：https://www.we-love-uchiko.jp/gourmet/higiri/ メニュー確認先：https://tabelog.com/ehime/A3803/A380303/38007234/dtlmenu/
g-ChIJsRC7vfnlTzURiXdgC3QRBAY,麺や雅,"【タグ調査 2026-10-09】海岸通の店舗メニュー・口コミに醤油中華・旨辛中華、2026年10月7日実食に期間限定味噌と細ストレート麺。2026年7月実食が豚骨系の休止を明記するため豚骨は確定欄から外す。保留：豚骨系の再開、限定味噌の提供期間、中細表記との麺仕様差。
根拠URL：https://tabelog.com/ehime/A3801/A380101/38014887/ | https://tabelog.com/ehime/A3801/A380101/38014887/dtlrvwlst/B520874231/ | https://ehimesasurai3.blogspot.com/2026/07/miyabi.html | https://ehime-navi.com/%E9%BA%BA%E3%82%84%E9%9B%85%EF%BC%88%E6%9D%BE%E5%B1%B1%E5%B8%82%EF%BC%89%EF%BD%9C%E6%9C%9F%E9%96%93%E9%99%90%E5%AE%9A%E3%81%AE%E5%91%B3%E5%99%8C%E3%83%A9%E3%83%BC%E3%83%A1%E3%83%B3%E3%81%AF%E7%94%98/"
g-ChIJsRCJmIOERTURmbcxXk3pIT8,焼き上手,対象店口コミで新と・ろ・み焼きちゃんぽんを確認したが、焼いた麺・ご飯に餡をかける焼きそば系料理のため対象外。スープのあるラーメン・ちゃんぽんの提供を再確認できず。 保留項目：Style・Soup・Noodle・Character（具体的記述を確認できず）。 2026-10-09調査。根拠・確認先：https://tabelog.com/ehime/A3803/A380302/38003499/dtlrvwlst/B112939821/ 食べログメニュー確認先：https://tabelog.com/ehime/A3803/A380302/38003499/dtlmenu/（一部ページ閲覧不可のため口コミ・公式情報で補完）。 更新前タグ：Style=ラーメン / Soup= / Noodle= / Character=。
g-ChIJsUw0WADTUTURiFNaiNO_C_Y,沖縄そばの店 さんぴん食堂,沖縄そばのみ確認。既存Styleに沖縄そばがないため空欄。豚肉・昆布ベースを豚骨に変換しない。麺も既存タグで確定できず保留。 保留項目：Style・Soup・Noodle（確定できる記述なし）。 2026-10-09調査。食べログの料理メニューは一部閲覧不可。根拠・確認先：https://saijo.mypl.net/article/lunchi_saijo/105545 メニュー確認先：https://tabelog.com/ehime/A3802/A380202/38016053/dtlmenu/
g-ChIJSWeQv7CFTzURTt-YBYgUspI,内子いなりや×ストライク軒,2026-10-09 タグ再調査：食べログ料理メニューに中華そば（ストレート）、ちゃんぽん（カーブ）。口コミに鶏・煮干し、店舗PRに魚介と野菜、訪問記事に細麺。保留：TKMは期間限定で現在提供と分類を確定できずタグを付けない。ちゃんぽんの麺の太さも未確定。 根拠URL：https://tabelog.com/ehime/A3803/A380303/38000997/dtlmenu/ ; https://tabelog.com/ehime/A3803/A380303/38000997/dtlrvwlst/B523490584/ ; https://kaizoku-ehime.jp/178538/ ; https://majimena.ehime.jp/majimeshi/shop/4278/
g-ChIJsxhEZgXPUTURDD37lmUcX6E,一福 新居浜店,料理メニューにカルビラーメンを確認。ゴマ冷麺等の冷麺はラーメン用中華麺と確認できず対象タグに含めない。肉・海老など具材から出汁を推定しない。 保留項目：Soup・Noodle・Character（具体的記述を確認できず）。 2026-10-09調査。根拠・確認先：https://tabelog.com/ehime/A3802/A380203/38012058/dtlmenu/ 食べログメニュー確認先：https://tabelog.com/ehime/A3802/A380203/38012058/dtlmenu/（一部ページ閲覧不可のため口コミ・公式情報で補完）。 更新前タグ：Style=ラーメン / Soup= / Noodle= / Character=。
g-ChIJSYlOkdV_RTUR33H7u03NAlE,福ちゃんラーメン,2026-10-09 タグ再調査：食べログメニュー・実食口コミに味噌ラーメンと季節冷やし中華、中細ストレート麺。取材記事に鶏ガラ・野菜の透き通るスープと自家製麺。保留：冷やしの現在の提供期間と出汁材料。 根拠URL：https://tabelog.com/ehime/A3803/A380301/38002807/dtlmenu/photo/ ; https://tabelog.com/ehime/A3803/A380301/38002807/dtlrvwlst/B506098088/ ; https://tabelog.com/ehime/A3803/A380301/38002807/dtlrvwlst/B59201801/ ; https://www.e-komachi.com/gourmet/16413_20241101/
g-ChIJt34g1nDyTzURGpEVv7Zhl-4,ＨＩＫＡＲＩ,当店口コミでラーメン・ちゃんぽんを確認。ラーメンスープライスは麺なしなので麺情報に用いない。出汁・麺・特徴は具体的記述不足。 保留項目：Soup・Noodle・Character（具体的記述を確認できず）。 2026-10-09調査。根拠・確認先：https://tabelog.com/ehime/A3801/A380103/38003687/dtlrvwlst/ ; https://tabelog.com/ehime/A3801/A380103/38003687/dtlrvwlst/B438395305/ 食べログメニュー確認先：https://tabelog.com/ehime/A3801/A380103/38003687/dtlmenu/（一部ページ閲覧不可のため口コミ・公式情報で補完）。 更新前タグ：Style=ラーメン｜ちゃんぽん / Soup=豚骨｜醤油 / Noodle=細麺 / Character=。
g-ChIJt5d4SL7lTzURSOiXGayDGjg,いのうえ家,2026-10-09 タグ再調査：食べログメニュー欄・公式Instagramのミニラーメンと実食投稿の醤油ラーメンを照合。旧豚骨タグは店固有の明記を確認できず外す。出汁材料、Noodle、Character保留。 根拠URL：https://tabelog.com/ehime/A3801/A380101/38006952/dtlmenu/photo/ ; https://www.instagram.com/p/DV6Kki5kgPF/ ; https://www.instagram.com/p/Dd0jVZVSNt7/
g-ChIJtaaEFADvTzUR3bsEKth8ZxI,サムライノネイロ,【タグ保留】Character：清湯は透明なスープという明確な記述を確認できず外す。Style：冷やし煮干しは季節商品の実食記録で現行提供は未確認。 【タグ調査 2026-10-08】とんしお・とんにぼ、まぜそばとんぶら。家系ラーメンの実食に酒井製麺と明記。とんにぼは細／太麺選択、朝の追い煮干し中華そばは細麺と醤油。あっさりは朝中華そば、背脂は別商品に対応。豚骨の商品名だけから白湯タグは推定しない。 根拠：https://tabelog.com/ehime/A3801/A380101/38016734/dtlrvwlst/ https://www.e-komachi.com/gourmet/39606_20251224/ https://tabelog.com/ehime/A3801/A380101/38016734/dtlrvwlst/B521380348/?type=0
g-ChIJTbcTDiDPUTUR89tyEd57XG0,麺処 倭,調査2026-10-09：取材メニュー・口コミでいりこ中華そば、鶏魚介塩、つけ麺・まぜそば、細麺と清湯を確認。平打ち変更は備考のみ。保留：白味噌など限定商品の現行提供、つけ麺の太さ、自家製麺。 根拠：https://tabelog.com/ehime/A3802/A380203/38012118/；https://ehime-epuri.jp/62710；https://tabelog.com/ehime/A3802/A380203/38012118/dtlrvwlst/
g-ChIJtdWqwJblTzURv_kdw1WJtBk,中華台所 元帥,2026-10-09 タグ再調査：331行と店住所・食べログID一致の重複行。同じメニュー欄、汁なし担々麺/冷やし実食記載、醤油ラーメン細麺・あっさりの検索記載を照合。本文取得不可部分は追加推測せず動物出汁・製法保留。 根拠URL：https://tabelog.com/ehime/A3801/A380101/38001006/dtlmenu/photo/ ; https://tabelog.com/ehime/A3801/A380101/38001006/dtlrvwlst/B534939876/ ; https://drunkardrunner34.blog137.fc2.com/blog-entry-4265.html
g-ChIJtQsnt9vvTzURfwZHGTYToY8,市場食堂 ゑびす丸,魚介出汁を確認。鯛限定・麺径・あっさり/濃厚の既存記述は再確認できず保留。 保留項目：Noodle・Character（確定できる記述なし）。 更新前タグ：Style=ラーメン / Soup=塩｜鯛・鮮魚 / Noodle=細麺 / Character=あっさり｜濃厚。 2026-10-09調査。食べログの料理メニューは一部閲覧不可。根拠・確認先：https://ameblo.jp/tj23002300/entry-12890858453.html メニュー確認先：https://tabelog.com/ehime/A3801/A380101/38010063/dtlmenu/
g-ChIJTVP-SdKNTzURQ5H5IElwOyw,上灘水産,タグ一次確認 2026-10-08：鱧出汁の醤油・塩を確認。鱧は鯛・鮮魚タグに含めた。細麺は口コミで確認。 出典：https://tabelog.com/ehime/A3801/A380103/38012552/ https://gourmet.tsuku2.jp/shop/0000059662
g-ChIJtWL9h18rUDUR3ZMsdL-KQdY,横濱飯店,2026-10-09 タグ再調査：同一住所の横浜飯店の口コミにラーメンセット・冷やしラーメンセット。出汁材料・味種・麺太さ・Characterは確証不足により保留。旧喜楽園の情報は転用しない。 根拠URL：https://tabelog.com/ehime/A3802/A380202/38014692/dtlmenu/photo/ ; https://tabelog.com/ehime/A3802/A380202/38014692/dtlrvwlst/
g-ChIJtwUOBSA7UDURWgfABs3-5NU,やま勝,野菜ラーメンのメニュー・口コミを確認。具材の野菜だけで野菜出汁を付与しない。 保留項目：Soup・Noodle・Character（具体的記述を確認できず）。 2026-10-09調査。根拠・確認先：https://restaurantguru.jp/%E3%82%84%E3%81%BE%E5%8B%9D-Imabari ; https://tabelog.com/ehime/A3802/A380201/38014908/dtlrvwlst/B462923213/ 食べログメニュー確認先：https://tabelog.com/ehime/A3802/A380201/38014908/dtlmenu/（一部ページ閲覧不可のため口コミ・公式情報で補完）。 更新前タグ：Style=ラーメン / Soup= / Noodle= / Character=。
g-ChIJtXxoVwDpTzURjpw9OfRmH3o,じゃんめん フジグラン重信店,【タグ保留】Soup・Noodle：2026年9月開店直後で出汁材料・調味分類・麺の太さの明確な根拠を確認できない。 【タグ調査 2026-10-08】食べログ掲載と公式開店告知で店舗を照合。ジャン麺／卵落としジャン麺はホルモン・ニラ・卵入り旨辛あんかけ。とろみを濃厚／白湯と同一視しない。辛さがあるだけで辛麺に分類しない。追加候補はCharacter「あんかけ」（未追加）。 根拠：https://tabelog.com/ehime/A3801/A380101/38017421/ https://janmen-honpo.co.jp/news/151/ https://yurimaman.com/archives/85597
g-ChIJTzYffWDZTzURb82Ncyiu_ls,中華そば心,調査2026-10-09：丹原町鞍瀬辛702の店舗メニュー・口コミで中華そば、澄んだスープと細麺、2026年訪問紹介で魚介を確認。保留：味付け、具体的な魚種・節・煮干し、動物系出汁、自家製麺、ざる中華の現行提供。東京の同名店の白醤油情報は転用しない。 根拠：https://tabelog.com/ehime/A3802/A380202/38012890/；https://tabelog.com/ehime/A3802/A380202/38012890/dtlmenu/photo/；https://tabelog.com/ehime/A3802/A380202/38012890/dtlrvwlst/B435534011/；https://buraneta.com/1157/
g-ChIJtZzxWmvvTzURQXX6QT3MP74,長城,2026-10-09 タグ再調査：料理メニューに醤油・塩・野菜味噌ラーメン、ちゃんぽん、中華風担々麺。出汁材料・麺太さ・辛さは明記がなく保留。単品の牛骨スープを麺料理の出汁へ転用しない。 根拠URL：https://tabelog.com/ehime/A3801/A380101/38001660/dtlmenu/photo/ ; https://www.hotpepper.jp/strJ001226691/food/
g-ChIJU-jjjjV2TzURE-LF8Ccq0ys,コスモス,西予ジオパークの紹介に、下相1009-1の対象店のちゃんぽん掲載を確認。カレーは別メニューでカレーラーメンと扱わない。 保留項目：Soup・Noodle・Character（具体的記述を確認できず）。 2026-10-09調査。根拠・確認先：https://seiyo-geo.jp/c/support/kurosegawa/ 食べログメニュー確認先：https://tabelog.com/ehime/A3804/A380402/38013426/dtlmenu/（一部ページ閲覧不可のため口コミ・公式情報で補完）。 更新前タグ：Style=ちゃんぽん / Soup= / Noodle= / Character=。
g-ChIJu-wNKkGRUTURwTSNdBM1aS4,伊予万里,当店の料理ページに夜鳴鳥ねぎ中華そば掲載を確認。商品名の鳥だけでは鶏出汁の配合を断定せず。 保留項目：Soup・Noodle・Character（具体的記述を確認できず）。 2026-10-09調査。根拠・確認先：https://www.hotpepper.jp/strJ000697263/food/ 食べログメニュー確認先：https://tabelog.com/ehime/A3802/A380204/38002024/dtlmenu/（一部ページ閲覧不可のため口コミ・公式情報で補完）。 更新前タグ：Style=中華そば / Soup=鶏 / Noodle= / Character=。
g-ChIJU2st0mmUUTURWW96xE2HPAc,吟醸倶楽部,Instagram投稿で当店の中華そば提供を確認。店内のイリコ箱の観察だけでは出汁使用を確定できず。冷やし中華の提供時期も未確認。 保留項目：Soup・Noodle・Character（具体的記述を確認できず）。 2026-10-09調査。根拠・確認先：https://www.instagram.com/p/CrQprAGP1oV/ ; https://www.instagram.com/p/DcV1AwaykvO/ ; https://map.yahoo.co.jp/v3/place/8Sc6PlpYeTE/review/8Sc-BRs0RIS7WjaYcvCpfg 食べログメニュー確認先：https://tabelog.com/ehime/A3802/A380204/38013932/dtlmenu/（一部ページ閲覧不可のため口コミ・公式情報で補完）。 更新前タグ：Style=中華そば / Soup= / Noodle= / Character=。
g-ChIJu8dtFtjvTzURkmSiNz1jcKY,麺屋 ICHI,"【タグ調査 2026-10-09】当店掲載の魚ラーメン・濃厚豚骨拉麺・つけ麺を確認。店の料理説明は豚骨醤油、鰹風味の魚油・魚粉、中太ちぢれ麺。魚介・節はスープに加える魚粉の風味に対応し、別に魚介出汁を炊くとまでは断定しない。保留：つけ麺の商品別麺仕様。白濁だけで白湯タグにはしない。
根拠URL：https://tabelog.com/ehime/A3801/A380101/38008963/ | https://www.hotpepper.jp/strJ001231936/food/ | https://ehime-epuri.jp/4206"
g-ChIJU9VgzHjlTzUR2xotKTdQsv8,瀬戸内らーめん @伍式,"【タグ調査 2026-10-08】中華そば醤油・塩、濃厚煮干しの掲載を確認。取材の鶏・魚介・カツオ、中太ストレート、煮干し口コミの豚骨・鶏ガラ・中細麺。保留：まぜそば・つけ麺の現行提供（2022～23年メニューには実績あり）、鯛出汁の根拠、ちぢれ麺の現行仕様、セメント系（該当／非該当の口コミが分かれる）。
根拠URL：https://tabelog.com/ehime/A3801/A380101/38014670/ | https://tabelog.com/ehime/A3801/A380101/38014670/dtlrvwlst/B515805975/ | https://tabelog.com/ehime/A3801/A380101/38014670/dtlrvwlst/B459572736/ | https://www.e-komachi.com/gourmet/3282_20230930/ | https://ehime-epuri.jp/3837"
g-ChIJua18MMbSUTURxSA2zIzc9j0,大田屋,調査2026-10-09：2026年取材の鶏・鰹節・煮干しと細麺、醤油・塩・味噌・白湯・二郎・つけ麺、カレー等の創作と担々麺の鶏・胡麻を反映。保留：豚骨、白湯の動物種を鶏白湯とする裏付け、他2種の麺幅・製麺。アサリは商品名だけで貝出汁と断定しない。 根拠：https://tabelog.com/ehime/A3802/A380202/38005903/；https://ehime-epuri.jp/69270；https://www.e-komachi.com/gourmet/42028_20260217/；https://tabelog.com/ehime/A3802/A380202/38005903/dtlmenu/photo/
g-ChIJuafPuevAUTURIG87sWjU-Mw,秦食堂,鶏ガラ・中太麺を確認。 保留項目：Character（確定できる記述なし）。 更新前タグ：Style=中華そば / Soup=鶏 / Noodle= / Character=。 2026-10-09調査。食べログの料理メニューは一部閲覧不可。根拠・確認先：https://ameblo.jp/koohg3/entry-12377675931.html メニュー確認先：https://tabelog.com/ehime/A3802/A380204/38003260/dtlmenu/
g-ChIJUai2pGLvTzURRxS0qVJMV5M,中国料理 胡桃,2026-10-09 タグ再調査：メニュー欄・店舗文字メニューに醤油/味噌/担々麺/五目あんかけ。地域実食記事に胡麻の濃厚担々麺と辛さ、五目あんかけの細めの麺。麻婆豆腐の痺れは転用しない。動物出汁・製法保留。 根拠URL：https://tabelog.com/ehime/A3801/A380101/38010181/dtlmenu/photo/ ; https://www.hotpepper.jp/strJ004469118/food/ ; https://trilltrill.jp/articles/4696845
g-ChIJUdsX5N_lTzURjcXN98zfldk,清龍園 湯渡店,"【タグ調査 2026-10-08】メニュー掲載・口コミと取材記事を照合。中華そばは鰹節・いりこ・昆布の醤油味、ちゃんぽんは豚骨と縮れ麺、四川ラーメンは豚骨・豆板醤。食べログ口コミに中細麺。保留：2015年に実績のある冷やし商品の現行提供、商品別の麺の太さの詳細。
根拠URL：https://tabelog.com/ehime/A3801/A380101/38008121/dtlrvwlst/B506382385/ | https://mrs.living.jp/ehime/town_gourmet/reporter/4126758 | https://map.yahoo.co.jp/v3/place/DvC3Mnq6zr6/menu"
g-ChIJUeWR50GUUTURCfDcScjCuBk,ぐるめ亭,2026-10-09 タグ再調査：食べログメニュー写真欄と口コミでみそラーメン。麺は「少し太め」のみで太麺/中太の判別がつかずNoodle保留。出汁材料とCharacterも具体的記載不足。中華そばはキーワードだけでメニュー表記未確認のため追加しない。 根拠URL：https://tabelog.com/ehime/A3802/A380204/38001741/dtlmenu/photo/ ; https://tabelog.com/ehime/A3802/A380204/38001741/ ; https://tabelog.com/ehime/A3802/A380204/38001741/dtlrvwlst/?smp=1
g-ChIJuR3Sd_O4RTURxQpmh23uRYI,まりーな亭,当店公式料理一覧と食べログを確認したが、ラーメン類の掲載を再確認できず、既存ちゃんぽんも保留。掲載なしだけで提供無しとは判断しない。 保留項目：Style・Soup・Noodle・Character（具体的記述を確認できず）。 2026-10-09調査。根拠・確認先：https://marinatei.bona.jp/menu.html ; https://tabelog.com/ehime/A3803/A380302/38000829/dtlmenu/photo/ 食べログメニュー確認先：https://tabelog.com/ehime/A3803/A380302/38000829/dtlmenu/（一部ページ閲覧不可のため口コミ・公式情報で補完）。 更新前タグ：Style=ちゃんぽん / Soup= / Noodle= / Character=。
g-ChIJUSeDrwfmTzURZ03yKjDhw88,チャイナハウス すけろく 束本店,2026-10-09 タグ再調査：束本店の食べログメニュー欄・実食に野菜たっぷりタンタン麺の胡麻、冷麺。料理名にスープカレー鍋チャンポン。豚骨は当支店の確証不足で外す。野菜は具で出汁タグなし。Noodle/Character、動物出汁保留。 根拠URL：https://tabelog.com/ehime/A3801/A380101/38008831/dtlmenu/photo/ ; https://tabelog.com/ehime/A3801/A380101/38008831/dtlrvwlst/B516186738/ ; https://map.yahoo.co.jp/v3/place/C9769hiVr0c/menu
g-ChIJUXnbwU2RUTURci1xjN-B4ck,やったろうじゃん,【タグ保留】Style：二郎系に当たる八郎系濃厚ラーメンは冬季限定。現在の提供は未確認。 【タグ調査 2026-10-08】2026年紹介はラーメンに細麺／中太麺、まぜそば・つけ麺に自家製太麺。つけ麺は太ちぢれ麺。ホルモン味噌つけ麺、カレーつけ麺、台湾まぜそば、担々麺を確認。魚粉豚骨も食べログ実食あり。胡麻・痺れは材料の根拠不足で未付与。 根拠：https://tabelog.com/ehime/A3802/A380204/38014063/ https://ehime-epuri.jp/69889 https://ehime-epuri.jp/69744
g-ChIJUxzyEYDvTzURMm75EfM-roQ,らぁ麺 参獣師,【タグ保留】Soup：醤油／塩など調味分類は未確認。牛の出汁は既存タグにないため備考のみ。 【タグ調査 2026-10-08】2026年開店の牛・豚・鶏の骨によるトリプルスープ。食べログ実食でエスプーマされたスープ、店舗紹介で細麺、あっさり（脂なし）とこってり（鶏油・牛脂入り）を確認。泡系はエスプーマに対応。牛を別タグとして追加しない。 根拠：https://tabelog.com/ehime/A3801/A380101/38016902/ https://tabelog.com/ehime/A3801/A380101/38016902/dtlrvwlst/B528158716/ https://www.e-komachi.com/gourmet/47106_20260419/ https://kaizoku-ehime.jp/221107/
g-ChIJuYVab8xhTzURWHLm-Hqu8WI,味丸,丸之内5-2-17の対象店を照合。原文口コミにチャンポンと細麺の記述。自動生成された店概要の推測は出汁根拠にしない。 保留項目：Soup・Character（具体的記述を確認できず）。 2026-10-09調査。根拠・確認先：https://wanderlog.com/place/details/3570576/%E5%91%B3%E4%B8%B8 ; https://map.yahoo.co.jp/v3/place/dKiiLudpDmI 食べログメニュー確認先：https://tabelog.com/ehime/A3804/A380401/38003297/dtlmenu/（一部ページ閲覧不可のため口コミ・公式情報で補完）。 更新前タグ：Style=ちゃんぽん / Soup=醤油 / Noodle=細麺 / Character=。
g-ChIJV_uUOHzPUTUR7Ra50DlGqzM,韓丼 新居浜店,新居浜店の掲載口コミに海鮮ラーメンスン豆腐定食を確認。海鮮は具材の可能性があるため魚介出汁は保留。麺仕様・辛さの明示も未確認。 保留項目：Soup・Noodle・Character（具体的記述を確認できず）。 2026-10-09調査。根拠・確認先：https://map.yahoo.co.jp/v3/place/Ckzm26K08j-/menu 食べログメニュー確認先：https://tabelog.com/ehime/A3802/A380203/38014607/dtlmenu/（一部ページ閲覧不可のため口コミ・公式情報で補完）。 更新前タグ：Style=ラーメン / Soup= / Noodle= / Character=。
g-ChIJV0LqgQUpUDURorvk7UMFzHQ,福美食堂,中華そば・あっさりを確認。 保留項目：Soup・Noodle（確定できる記述なし）。 更新前タグ：Style=中華そば｜ラーメン / Soup= / Noodle= / Character=。 2026-10-09調査。食べログの料理メニューは一部閲覧不可。根拠・確認先：https://ameblo.jp/koohg3/entry-12853860692.html メニュー確認先：https://tabelog.com/ehime/A3802/A380202/38004152/dtlmenu/
g-ChIJv26cgto6UDUR9F4gKXiPn18,わらや,対象店の中華そばの実食口コミを確認。甘みの記述だけでは具体的な出汁を断定できず。 保留項目：Soup・Noodle・Character（具体的記述を確認できず）。 2026-10-09調査。根拠・確認先：https://tabelog.com/ehime/A3802/A380201/38004275/dtlrvwlst/ 食べログメニュー確認先：https://tabelog.com/ehime/A3802/A380201/38004275/dtlmenu/（一部ページ閲覧不可のため口コミ・公式情報で補完）。 更新前タグ：Style=ラーメン / Soup= / Noodle= / Character=。
g-ChIJv6ThnTniTzURk0W8mnPSBJM,三宝亭,2026-10-09 タグ再調査：食べログメニュー欄と店舗掲載に手作り麺の塩ラーメン、あっさりした味、四川風ピリ辛ラーメン。手作り麺を自家製麺として分類。太さ、動物・魚介出汁は説明なしで保留。 根拠URL：https://tabelog.com/ehime/A3801/A380101/38008896/dtlmenu/photo/ ; https://www.hotpepper.jp/strJ001101428/food/
g-ChIJv8j_cyh1TzURzq4m8nwmQRE,テルメ食堂,同名の石川県店舗が検索結果に混在。当該住所のメニューを確認できないため、既存の担々麺・冷やしも保留。GoogleマップURLは再確認用検索リンク。 保留項目：Style・Soup・Noodle・Character（確定できる記述なし）。 更新前タグ：Style=担々麺｜冷やし / Soup= / Noodle= / Character=。 2026-10-09調査。食べログの料理メニューは一部閲覧不可。根拠・確認先：https://www.google.com/maps/search/?api=1&query=%E3%83%86%E3%83%AB%E3%83%A1%E9%A3%9F%E5%A0%82%20%E3%80%92797-1705%20%E6%84%9B%E5%AA%9B%E7%9C%8C%E8%A5%BF%E4%BA%88%E5%B8%82%E5%9F%8E%E5%B7%9D%E7%94%BA%E9%AB%98%E9%87%8E%E5%AD%90%EF%BC%94%EF%BC%96
g-ChIJVQyyD81hTzURVNkYBHCDF3w,ぼん平,食べログの店舗PRにちゃんぽん掲載。出汁材料・麺の仕様を確認できず。 保留項目：Soup・Noodle・Character（具体的記述を確認できず）。 2026-10-09調査。根拠・確認先：https://tabelog.com/ehime/A3804/A380401/38003902/ 食べログメニュー確認先：https://tabelog.com/ehime/A3804/A380401/38003902/dtlmenu/（一部ページ閲覧不可のため口コミ・公式情報で補完）。 更新前タグ：Style=ラーメン / Soup= / Noodle= / Character=。
g-ChIJvRQ1m9nPUTURO9UlwK3BCSA,お登り食堂,ホルモンラーメンの鶏ガラ醤油を確認。 保留項目：Noodle・Character（確定できる記述なし）。 更新前タグ：Style=ラーメン｜ちゃんぽん / Soup=醤油｜塩 / Noodle= / Character=。 2026-10-09調査。食べログの料理メニューは一部閲覧不可。根拠・確認先：https://tabelog.com/ehime/A3802/A380203/38011893/dtlrvwlst/ メニュー確認先：https://tabelog.com/ehime/A3802/A380203/38011893/dtlmenu/
g-ChIJVSNyTH_zTzURDwHbtPl_D_w,ごはん屋いづし,野菜ラーメンの実食記事とメニュー紹介を確認。野菜が具材であることだけでは野菜出汁と断定できない。 保留項目：Soup・Noodle・Character（具体的記述を確認できず）。 2026-10-09調査。根拠・確認先：https://blog.livedoor.jp/hidegoforbroke/archives/10848509.html ; https://info-ehime.com/archives/38373885.html 食べログメニュー確認先：https://tabelog.com/ehime/A3801/A380103/38014293/dtlmenu/（一部ページ閲覧不可のため口コミ・公式情報で補完）。 更新前タグ：Style=ラーメン / Soup= / Noodle= / Character=。
g-ChIJvTIOB5MYUDURLJhvc4R2jMg,ラーメンハウスとんとん,醤油・塩・味噌・豚骨・ピリ辛・ニンニクのメニューを口コミで確認。麺は中細ストレート。冷し中華・辛冷しのメニュー記述あり。 タグ調査：2026-10-08。出典：https://tabelog.com/ehime/A3802/A380201/38002087/dtlrvwlst/B16309850/?type=0 https://map.yahoo.co.jp/v3/place/Az6e_V2Cj7w/review/BtoD5jw_QU-7mwfjpGf_8A
g-ChIJVVSLIJTlTzURBFduhAvsazo,眞心 SHIN-SHIN,2026-10-09 タグ再調査：同一住所の訪問記事に通常メニューのラーメン。出汁・麺太さ・Characterの記載は確認できず保留。山形の心心グループの自家製麺を転用しない。 根拠URL：https://tabelog.com/ehime/A3801/A380101/38011454/dtlmenu/photo/ ; https://ehimesasurai.blog.jp/archives/50683799.html
g-ChIJVVUFdVsuUDURFlFAdPvhH0Q,中華料理 蓬莱閣（河原津店）,2026-10-09 タグ再調査：河原津の同一店舗の口コミ・料理欄にラーメン、ちゃんぽん定食。出汁・麺・Characterは記載不足で保留。西条大町・東予の同名店情報は転用しない。 根拠URL：https://tabelog.com/ehime/A3802/A380202/38011344/dtlmenu/photo/ ; https://tabelog.com/ehime/A3802/A380202/38011344/dtlrvwlst/ ; https://map.yahoo.co.jp/v3/place/CL0cNOpkMYs
g-ChIJVVVlwo_uTzURdGE2LE94OsY,フードコート｜伊予灘SA下り,下り線の天狗ラーメン掲載を確認。上り線の商品や土産ラーメンと区別し、出汁・麺の具体的説明は保留。 保留項目：Soup・Noodle・Character（具体的記述を確認できず）。 2026-10-09調査。根拠・確認先：https://www.w-holdings.co.jp/sapa/23100/gourmet/ ; https://tabelog.com/ehime/A3801/A380103/38007870/dtlrvwlst/ 食べログメニュー確認先：https://tabelog.com/ehime/A3801/A380103/38007870/dtlmenu/（一部ページ閲覧不可のため口コミ・公式情報で補完）。 更新前タグ：Style=中華そば / Soup=醤油｜魚介 / Noodle= / Character=あっさり。
g-ChIJVVVR7mmRUTURJpOj0YTGscQ,住吉食堂,鶏ガラしょう油を確認。麺の太さは細麺・中細・太めの記述差で保留。 保留項目：Noodle・Character（確定できる記述なし）。 更新前タグ：Style=中華そば / Soup= / Noodle= / Character=あっさり。 2026-10-09調査。食べログの料理メニューは一部閲覧不可。根拠・確認先：https://tabelog.com/ehime/A3802/A380204/38009643/dtlrvwlst/B524019516/ メニュー確認先：https://tabelog.com/ehime/A3802/A380204/38009643/dtlmenu/
g-ChIJVVVVVcSHRTURs00GNuYa0kM,中国料理 舞華,2026-10-09 タグ再調査：現店舗の紹介に五目汁そば・担々麺、実食タイトルにビリビリ鮮烈な汁なしタンタン麺。出汁材料・麺太さ・唐辛子の辛さは確証不足で保留。 根拠URL：https://tabelog.com/ehime/A3804/A380402/38012730/dtlmenu/photo/ ; https://himemachi.com/tyugokuryouri-maika/ ; https://mikameginchan.wixsite.com/mysite/blank-6 ; https://tabelog.com/ehime/A3804/A380402/38012730/dtlrvwlst/B533835767/
g-ChIJVVVVVfLlTzURw8qhvYUg-tQ,豚麺 アジト,"【タグ調査 2026-10-09】中村の移転後店舗を照合。小豚麺・まぜそばへの変更、太麺、豚骨醤油とニンニク・アブラの注文を確認。保留：自家製麺の明記。野菜盛りは具材であり野菜出汁とはしない。
根拠URL：https://tabelog.com/ehime/A3801/A380101/38013214/dtlrvwlst/ | https://kitonaru.com/?p=21274 | https://nlab.itmedia.co.jp/research/articles/1846768/ | https://matsuyama.goguynet.jp/2022/08/04/ajito/"
g-ChIJVVWQzevAUTURqkpFcun4yqo,大衆食堂しのはら,中華そばの細めちぢれ麺を確認。 保留項目：Soup・Character（確定できる記述なし）。 更新前タグ：Style=中華そば / Soup= / Noodle= / Character=。 2026-10-09調査。食べログの料理メニューは一部閲覧不可。根拠・確認先：https://tabelog.com/ehime/A3802/A380204/38013596/dtlrvwlst/B492842783/ メニュー確認先：https://tabelog.com/ehime/A3802/A380204/38013596/dtlmenu/
g-ChIJVVWVzoCERTURW3eliVDeQ18,酉屋 りょう吉 八幡浜店,八幡浜店の公式掲載メニューを確認。〆ものはご飯・茶漬け・雑炊等で、ラーメンの具体的品名を再確認できず。他支店のラーメンを転用しない。 保留項目：Style・Soup・Noodle・Character（具体的記述を確認できず）。 2026-10-09調査。根拠・確認先：https://r.gnavi.co.jp/ds6jgzj70000/menu3/ ; https://r.gnavi.co.jp/ds6jgzj70000/menu2/ 食べログメニュー確認先：https://tabelog.com/ehime/A3803/A380302/38011104/dtlmenu/（一部ページ閲覧不可のため口コミ・公式情報で補完）。 更新前タグ：Style=ラーメン / Soup= / Noodle= / Character=。
g-ChIJVX1giUCRUTUR_KIGR3w-3WU,延寿園,2026-10-09 タグ再調査：食べログメニュー写真欄とチャンポン・ミンチラー麺実食を照合。地域編集記事のチャーシュー麺は醤油味。麺はつるつるとの記載のみで太さ不明。出汁材料・既存辛いタグの明確な実食根拠は確認できず保留。 根拠URL：https://tabelog.com/ehime/A3802/A380204/38001737/dtlmenu/photo/ ; https://tabelog.com/ehime/A3802/A380204/38001737/dtlrvwlst/B235016988/ ; https://shikokuchuo.mypl.net/article/lunch_shikokuchuo/81089
g-ChIJvX9wKMnOUTURu0G9nHEmwRo,堤亭,調査2026-10-09：店主取材で鶏ガラ・豚骨醤油を確認。保留：節は従来情報以外に十分な裏付けがなく未設定。麺は中細・中太の記述が分かれる。現在のCharacterと自家製麺。 根拠：https://tabelog.com/ehime/A3802/A380203/38002100/；https://ehime-epuri.jp/62390；https://www.hotpepper.jp/strJ000544073/；https://tabelog.com/ehime/A3802/A380203/38002100/dtlrvwlst/B111745407/
g-ChIJw_gnDI07UDURHu4NWa6AuP0,きく麺,白・黒を確認。豚骨と鶏白湯の合わせスープ、細麺。にんにくは黒の焦がしニンニクに対応。 タグ調査：2026-10-08。出典：https://tabelog.com/ehime/A3802/A380201/38014311/dtlrvwlst/B449262939/ https://tabelog.com/ehime/A3802/A380201/38014311/dtlrvwlst/B534831007/ https://miton-imabari.jp/kikumen-newopen/
g-ChIJw0vsOcnPUTUR9gh8vzSOObs,マシマシらーめん物語はここから始まるのだ。新居浜店,"【タグ調査 2026-10-09】新居浜店の取材で鶏ガラ・豚骨・醤油のあっさりスープと細麺、濃厚まぜそばを確認。鰹風味と鰹節・背脂・ニンニクの調整あり。保留：有料辛味の現在の提供。
根拠URL：https://tabelog.com/ehime/A3802/A380203/38016275/ | https://ehime-epuri.jp/58028 | https://www.e-komachi.com/gourmet/42024_20260203/ | https://www.e-komachi.com/gourmet/26085_20250521/"
g-ChIJW6rc8_ftTzURAf0TFV716b8,えい吉,タグ一次確認 2026-10-08：ラーメン・ちゃんぽんを口コミで確認。鶏豚野菜の出汁と細麺・背脂を確認。メニュー全体の網羅確認は未了。 出典：https://tabelog.com/ehime/A3801/A380103/38001025/dtlrvwlst/ https://r.gnavi.co.jp/7me4tsd90000/ https://ehime-epuri.jp/63116
g-ChIJw8M0ww2HRTURDcf7TguAFCM,麺や だんここ,2026-10-09 タグ再調査：訪問記事のメニュー紹介でらーめん・つけめん・まぜめん、辛・カレーを確認。まぜめんは少し縮れた中太麺、濃厚なタレとにんにく。保留：煮干し・豚骨の出汁は確認できず外した。卓上いりこ酢だけを煮干し出汁の根拠にしない。太麺は確認記述に合わせ中太麺に修正。 根拠URL：https://tabelog.com/ehime/A3804/A380402/38017344/dtlmenu/photo/ ; https://yurimaman.com/archives/84891 ; https://www.instagram.com/dan_coco_ramen/
g-ChIJW973u4OXRTURBIAkKRKJP8Q,いりふね,三机の当店Instagram自己紹介でちゃんぽん確認。検索結果の他投稿に当店説明が混ざるため、出汁・麺・特徴は保留。 保留項目：Soup・Noodle・Character（具体的記述を確認できず）。 2026-10-09調査。根拠・確認先：https://www.instagram.com/p/DdI-9dBH2eV/ 更新前タグ：Style=ちゃんぽん / Soup= / Noodle= / Character=。
g-ChIJW9blg3TlTzURQ02RKzooqzY,雁飯店 久万ノ台店,2026-10-09 タグ再調査：メニュー写真一覧の料理名に味噌ラーメン、同店実食に醤油/塩選択、汁なし担々麺、曜日替わりちゃんぽん。動物出汁・麺太さ・辛さは確証不足で保留。曜日メニューは現在の提供日未確認。 根拠URL：https://tabelog.com/ehime/A3801/A380101/38002802/dtlmenu/photo/ ; https://ehimesasurai.blog.jp/archives/61656048.html ; https://ehimesasurai.blog.jp/archives/53819508.html ; https://retty.me/area/PRE38/ARE145/SUB14501/100001189706/47433197/
g-ChIJW9iTpe7OUTURttw5qiL2-rw,お食事処麺匠夢屋,"【タグ調査 2026-10-09】店舗掲載メニューに魚だし／あっさり鶏だしのつけ麺。中華そばは豚骨醤油、2026年口コミの黄金は濃い魚介。保留：麺の太さと縮れ、古い味噌・塩メニューの現在の提供。
根拠URL：https://tabelog.com/ehime/A3802/A380203/38002098/ | https://www.hotpepper.jp/strJ000792766/food/ | https://tabelog.com/ehime/A3802/A380203/38002098/dtlrvwlst/B534791778/ | https://tabelog.com/ehime/A3802/A380203/38002098/dtlrvwlst/B111746378/"
g-ChIJwaSW1-coUDURY2QlzNiVbKQ,みつぼし醤油,対象店の実食記事に伊吹いりこ出汁・醤油、別記事に中細ストレート麺・あっさりの記述。澄んだ見た目だけから製法タグを推定しない。 2026-10-09調査。根拠・確認先：https://www.hovis-niihama.com/hovis_contents/toyo-info/?p=2327 ; https://ameblo.jp/nao-nao511522/entry-12750144995.html 食べログメニュー確認先：https://tabelog.com/ehime/A3802/A380202/38014312/dtlmenu/（一部ページ閲覧不可のため口コミ・公式情報で補完）。 更新前タグ：Style=ラーメン / Soup=醤油 / Noodle=太麺 / Character=辛い。
g-ChIJwdPwW3YvUDURDCKR6GHGwjg,タオル美術館 新創作中国料理 王府井,2026-10-09 タグ再調査：訪問記事で担々麺のゴマ味とピリ辛を確認。2025年1月のラーメンフェアは終了した期間限定なので、その鯛・塩・レモンを現行常設タグへ追加しない。基本出汁・麺は確認できず保留。 根拠URL：https://tabelog.com/ehime/A3802/A380201/38000914/dtlmenu/photo/ ; https://mrs.living.jp/ehime/town_gourmet/reporter/3067227 ; https://prefehime.goguynet.jp/2025/01/17/imabari-wannhu-tinn--prefehimelc2--/ ; https://www.towelmuseum.com/restaurant/wang/
g-ChIJWffhWI6HRTURzab550uu7lk,ARISU,対象店紹介に豊富な麺類メニューはあるが、ラーメン・ちゃんぽんの具体的品名を本文で再確認できず。Instagram検索の関連投稿文が混在するため確定根拠にせず。 保留項目：Style・Soup・Noodle・Character（具体的記述を確認できず）。 2026-10-09調査。根拠・確認先：https://kitonaru.com/arisu-uwa/ ; https://www.instagram.com/reel/DdBPn-dBFLL/ 食べログメニュー確認先：https://tabelog.com/ehime/A3804/A380402/38009754/dtlmenu/（一部ページ閲覧不可のため口コミ・公式情報で補完）。 更新前タグ：Style=ちゃんぽん / Soup= / Noodle= / Character=。
g-ChIJwSt7KszOUTURloQMURbyR9w,ハイジ,対象店の実食口コミに中華そば定食を確認。出汁・麺の具体的説明は未確認。 保留項目：Soup・Noodle・Character（具体的記述を確認できず）。 2026-10-09調査。根拠・確認先：https://tabelog.com/ehime/A3802/A380203/38003504/dtlrvwlst/B535167972/ 食べログメニュー確認先：https://tabelog.com/ehime/A3802/A380203/38003504/dtlmenu/（一部ページ閲覧不可のため口コミ・公式情報で補完）。 更新前タグ：Style=中華そば / Soup= / Noodle= / Character=あっさり。
g-ChIJwUbQ5CzpTzURCwlsVnyQIc0,蔵グルメあこう,対象店メニューに鍋焼き中華そば・冷やし中華、別掲載にあさり塩ラーメンを確認。あさりや牛タンの商品名だけでは貝・牛の出汁を断定しない。麺仕様は未確認。 保留項目：Noodle・Character（具体的記述を確認できず）。 2026-10-09調査。根拠・確認先：https://matsuyama.mypl.net/shop/00000362252/menu ; https://www.hotpepper.jp/strJ000722469/ ; https://map.yahoo.co.jp/v3/place/1J1XuHplrfM/menu 食べログメニュー確認先：https://tabelog.com/ehime/A3801/A380103/38001305/dtlmenu/（一部ページ閲覧不可のため口コミ・公式情報で補完）。
g-ChIJwwTGhTJ5RTUROTCdQbyjYu8,山食堂,ラーメンを確認。やさしいのみではあっさりを断定しない。細麺の根拠は再確認できず保留。 保留項目：Soup・Noodle・Character（確定できる記述なし）。 更新前タグ：Style=ラーメン / Soup= / Noodle=細麺 / Character=あっさり。 2026-10-09調査。食べログの料理メニューは一部閲覧不可。根拠・確認先：https://ameblo.jp/lp500s88/entry-11734890996.html
g-ChIJwY3ErGrdTzURiVE8I7TQLp8,やすまるキッチン,横河原366・愛媛医療センター店の掲載情報を照合。ラーメン・冷やし・豚骨の提供を再確認できず。同グループのやすまるラーメンや他店舗の煮干豚骨・自家製麺は転用しない。 保留項目：Style・Soup・Noodle・Character（具体的記述を確認できず）。 2026-10-09調査。根拠・確認先：https://map.yahoo.co.jp/v3/place/J19kZt6V3P2 ; https://ehime-epuri.jp/4382 食べログメニュー確認先：https://tabelog.com/ehime/A3801/A380102/38013609/dtlmenu/（一部ページ閲覧不可のため口コミ・公式情報で補完）。 更新前タグ：Style=ラーメン｜冷やし / Soup=豚骨 / Noodle= / Character=。
g-ChIJWYCuCDp0TzURZpr9x7-xsJI,かつやま,下鍵山112の対象店の紹介を確認。セット料理中心でラーメン提供を再確認できず。町のガイドPDFは取得制限により詳細閲覧できず。 保留項目：Style・Soup・Noodle・Character（具体的記述を確認できず）。 2026-10-09調査。根拠・確認先：https://s-imanani.com/blog/?p=54606 ; https://www.town.kihoku.ehime.jp/uploaded/attachment/19344.pdf 食べログメニュー確認先：https://tabelog.com/ehime/A3804/A380403/38012281/dtlmenu/（一部ページ閲覧不可のため口コミ・公式情報で補完）。 更新前タグ：Style=ラーメン｜ちゃんぽん / Soup=醤油｜味噌 / Noodle= / Character=。
g-ChIJWYObQLGFTzURH9gkfX8gZxE,中華料理 かば忠,2026-10-09 タグ再調査：メニュー写真欄のチャンポンと口コミのメニュー名・価格付き中華そばを確認。出汁・味種・麺太さ・Characterは記載不足で保留。 根拠URL：https://tabelog.com/ehime/A3803/A380303/38001747/dtlmenu/photo/ ; https://tabelog.com/ehime/A3803/A380303/38001747/dtlrvwlst/
g-ChIJX_tmSXpWTzURikknzilGJyQ,みかど食堂,2026-10-09 タグ再調査：当該店のちゃんぽん実食記載に細めのストレート麺。出汁材料・味種・Characterは未確認のため保留。 根拠URL：https://tabelog.com/ehime/A3804/A380404/38010219/dtlmenu/photo/ ; https://tabelog.com/ehime/A3804/A380404/38010219/
g-ChIJx5hKmE6RUTURjZYKCg3dUFU,パンダ,2026-10-09 タグ再調査：食べログメニュー欄とタンタンメン・冷麺実食を照合。冷麺は醤油味/胡麻味、胡麻味はさっぱりしたスープで中細麺。平べったいとの記載はあるが平打ちタグは追加しない。動物出汁・担々麺の辛さは未確認で保留。 根拠URL：https://tabelog.com/ehime/A3802/A380204/38013660/dtlmenu/photo/ ; https://tabelog.com/ehime/A3802/A380204/38013660/dtlrvwlst/?type=0 ; https://tabelog.com/ehime/A3802/A380204/38013660/dtlrvwlst/B529591518/
g-ChIJX69e5mc6UDURkIgCO9w1TPk,こきんや,塩味・魚介出汁（えそ、鯛、いりこ）・レモンの口コミと自家製麺の実食記事を確認。軽いウエーブの記述だけではちぢれ麺と断定しない。 保留項目：Character（具体的記述を確認できず）。 2026-10-09調査。根拠・確認先：https://tabelog.com/ehime/A3802/A380201/38002271/dtlrvwlst/B111745573/ ; https://tabelog.com/ehime/A3802/A380201/38002271/dtlrvwlst/B534619248/ ; https://ameblo.jp/koohg3/entry-12522852412.html 食べログメニュー確認先：https://tabelog.com/ehime/A3802/A380201/38002271/dtlmenu/（一部ページ閲覧不可のため口コミ・公式情報で補完）。
g-ChIJXaMLhv3rTzURqnQaBLDsxo4,ちとせ食堂,野菜をスープで煮込む・中細麺を確認。鶏出汁は確定情報なし。 保留項目：Character（確定できる記述なし）。 更新前タグ：Style=中華そば / Soup=鶏｜野菜 / Noodle= / Character=。 2026-10-09調査。食べログの料理メニューは一部閲覧不可。根拠・確認先：https://ameblo.jp/yoshichyan/entry-12379427624.html メニュー確認先：https://tabelog.com/ehime/A3801/A380103/38007998/dtlmenu/
g-ChIJxasJDgA7UDUR1mVeLza247w,丸起,旭町2-1-7の旧店舗記事にカレーラーメン・細麺、旧店舗口コミに海鮮出汁の記述。食べログは掲載保留で現況は未確認。住所の異なる松本店の情報は混在させない。 保留項目：Character（具体的記述を確認できず）。 2026-10-09調査。根拠・確認先：https://miton-imabari.jp/maruki/ ; https://tabelog.com/ehime/A3802/A380201/38015775/dtlrvwlst/?type=0 食べログメニュー確認先：https://tabelog.com/ehime/A3802/A380201/38015775/dtlmenu/（一部ページ閲覧不可のため口コミ・公式情報で補完）。
g-ChIJXawqhnDAUTUR8Jl7FY_7-ZA,四川亭,2026-10-09 タグ再調査：食べログメニュー写真欄と口コミに汁なし担々麺。既存中華そばは明確なメニュー表記を確認できず外す。公式テイクアウトは汁麺の説明がなくSoup/Noodle/Character保留。店名の四川だけで辛い/痺れは付けない。 根拠URL：https://tabelog.com/ehime/A3802/A380204/38001742/dtlmenu/photo/ ; https://tabelog.com/ehime/A3802/A380204/38001742/dtlrvwlst/ ; https://r.goope.jp/sisentei/free/menu
g-ChIJXbTfchqRUTURmVfxm251X6g,東麺照 一寛,【タグ保留】Style・Soup：つけめん／鶏豚白湯は2023年実食資料で現行提供は未確認。 【タグ調査 2026-10-08】看板の媛いりこらぁめんは自家製全粒粉麺、濃厚ないりこ出汁。あっさり塩は鶏ガラ清湯。白湯は豚骨＋鶏、標準は細麺。各ラーメンの縮れ麺変更とつけ麺の縮れ麺を確認。 根拠：https://tabelog.com/ehime/A3802/A380204/38014468/ https://www.kawanoe-shinkin.co.jp/corporate_support/others/ https://yurimaman.com/archives/35736
g-ChIJxd1niFvvTzURtAVNjApCkyw,味千拉麺 朝生田店,"【タグ調査 2026-10-09】朝生田店の食べログ料理メニューで味千・みそ・たんたん麺・辛みそ・黒マー油を確認。当店口コミに豚骨・細麺・濃厚スープ。細麺を複数実食で照合。保留：担々麺の胡麻配合、つけ麺の現行メニュー、口コミの中細表記との仕様差。
根拠URL：https://tabelog.com/ehime/A3801/A380101/38007851/dtlmenu/ | https://tabelog.com/ehime/A3801/A380101/38007851/dtlrvwlst/ | https://map.yahoo.co.jp/v3/place/uYqqlczFxvE/review | https://ehimesasurai.blog.jp/archives/57149761.html"
g-ChIJxdxtQQDlTzURnidQV2D1yHM,中国料理 四川之門,2026-10-09 タグ再調査：メニュー欄・実食に汁あり/汁なし四川之門担々麺、胡麻の濃厚なコクと辛み・痺れ。麺太さ・自家製・動物出汁は明記なしで保留。 根拠URL：https://tabelog.com/ehime/A3801/A380101/38015641/dtlmenu/photo/ ; https://tabelog.com/ehime/A3801/A380101/38015641/dtlmenu/lunch/ ; https://map.yahoo.co.jp/v3/place/Y0mz1EtuB_w/review/8igXVLFYQIKgSPIxDSAiyA
g-ChIJxSaou3CRUTURwbE2R5qF2KI,朝皆笑味,【タグ保留】Style・Character：冷やしそば／冷やしピリカラは夏季限定。現在の提供は未確認。 【タグ調査 2026-10-08】塩そばは地元ひうち媛いりこ出汁、細麺であっさり。釜玉そばも掲載されるが、まぜそばの名称は確認できず未付与。辛いは冷やしピリカラのみ。 根拠：https://tabelog.com/ehime/A3802/A380204/38013799/dtlrvwlst/ https://www.city.shikokuchuo.ehime.jp/site/shodo-performance/28142.html https://yurimaman.com/archives/2040
g-ChIJxTwZOMbOUTURTIRz0qZcgkU,京珉,2026-10-09 タグ再調査：店舗メニュー・口コミに柳麺（ラーメン）、ちゃんぽん、冷しそば。柳麺実食は細めのストレート・あっさり。出汁材料は不明でSoup保留。中華そばは感想中の表現のため商品名として採用しない。 根拠URL：https://tabelog.com/ehime/A3802/A380203/38001722/dtlmenu/photo/ ; https://tabelog.com/ehime/A3802/A380203/38001722/dtlrvwlst/B522304422/
g-ChIJxxft0ojlTzURVNSD0_-1bgQ,麺屋 勝十銭,"【タグ調査 2026-10-09】三番町店のメニューと2026年取材を照合。醤油・海老塩、イリコ・カツオ節・鶏ガラの出汁、背脂と白麺／黄麺を確認。当店口コミに細麺・あっさり。海老塩の海老油と干しエビの具は出汁とは区別。保留：白・黄それぞれの厳密な麺幅。平打ちは備考のみ。
根拠URL：https://tabelog.com/ehime/A3801/A380101/38007186/dtlmenu/photo/ | https://tabelog.com/ehime/A3801/A380101/38007186/dtlrvwlst/B426228626/ | https://ehime-epuri.jp/69675 | https://gourmet.tsuku2.jp/shop/0000070814/review | https://plaza.rakuten.co.jp/irome/diary/201809010003/"
g-ChIJxYT89No7UDURO9wXZg0FURM,ラーメン道場,【タグ保留】Noodle・Characterと出汁素材未確認。醤油・塩・味噌の選択と冷やし中華を口コミで確認。旧中太麺は太さの明記未確認のため除外。 タグ調査：2026-10-08。出典：https://tabelog.com/ehime/A3802/A380201/38002090/dtlrvwlst/ https://tabelog.com/ehime/A3802/A380201/38002090/dtlrvwlst/B531132561/
g-ChIJy1m1IhnPUTURgL3ZNGFBFuU,らーめん みやび屋,"【タグ調査 2026-10-09】2026年取材で鶏ガラ醤油・鶏ガラ魚介塩・つけ麺・ニンニク油まぜそばを確認。塩には背脂。店主作成資料に県産小麦の自家製中太麺。保留：旧タグの煮干しの配合と清湯の明記、麺幅の現行変更有無。
根拠URL：https://tabelog.com/ehime/A3802/A380203/38011043/ | https://ehime-epuri.jp/69059 | https://www.niicci.or.jp/wp/wp-content/uploads/2021/06/miyabiya2020.pdf"
g-ChIJY3wUMi_nTzURkWHRUj5BTUk,笑夢,牛渕1941の対象店の訪問記事・Instagramを確認したが、ちゃんぽんの具体的メニューと魚介出汁を再確認できず。博多Dining笑夢等の同名店メニューは転用しない。 保留項目：Style・Soup・Noodle・Character（具体的記述を確認できず）。 2026-10-09調査。根拠・確認先：https://ameblo.jp/tomeo28119/entry-12929323195.html ; https://www.instagram.com/emu05.01/ 食べログメニュー確認先：https://tabelog.com/ehime/A3801/A380102/38016140/dtlmenu/（一部ページ閲覧不可のため口コミ・公式情報で補完）。 更新前タグ：Style=ちゃんぽん / Soup=魚介 / Noodle= / Character=。
g-ChIJy5_GJD-VUTURptIt6RddHT4,中華飯店 誉 ほまれ,2026-10-09 タグ再調査：食べログメニュー写真ページ取得不可。口コミの五目そば・ラーメンを確認。担々麺は口コミで候補として言及されるだけで提供根拠を確証できず追加保留。出汁・麺太さ・Characterも具体的記載不足。 根拠URL：https://tabelog.com/ehime/A3802/A380204/38015330/dtlmenu/photo/ ; https://tabelog.com/ehime/A3802/A380204/38015330/dtlmenu/photo/ ; https://note.com/brave_duck832/n/n700e25676e5c ; https://tabelog.com/ehime/A3802/A380204/38015330/dtlrvwlst/B473901264/
g-ChIJy6ENvFx5TzURSOKK7dR5l0U,ときわ食堂,当該店舗の公開情報を検索したが、メニューのラーメン詳細と出汁・麺・特徴の明記を再確認できず保留。 保留項目：Style・Soup・Noodle・Character（確定できる記述なし）。 更新前タグ：Style=ちゃんぽん / Soup= / Noodle= / Character=。 2026-10-09調査。食べログの料理メニューは一部閲覧不可。根拠・確認先：https://tabelog.com/ehime/A3804/A380402/38010079/ メニュー確認先：https://tabelog.com/ehime/A3804/A380402/38010079/dtlmenu/
g-ChIJy873QhPvTzURreIiTQRLS3g,古川屋台ソウヅ,"【タグ調査 2026-10-08】和泉南の本店を照合。食べログ写真に東京二郎系油そば・つけ麺・冷やし油そば、口コミに太麺・豚骨魚介。店舗配達メニューのカレー油麺と、冷やし油そばの醤油・にんにく記述を確認。保留：創作商品の分類・提供時期、各商品の出汁配合。古川BASE・南堀端店の情報は別店舗。平打ちは備考のみ。
根拠URL：https://tabelog.com/ehime/A3801/A380101/38007304/dtlmenu/photo/ | https://tabelog.com/ehime/A3801/A380101/38007304/dtlphotolst/smp2/ | https://tabelog.com/ehime/A3801/A380101/38007304/dtlrvwlst/B426228690/ | https://tabelog.com/ehime/A3801/A380101/38007304/dtlrvwlst/B508778782/ | https://kuroboushi.exblog.jp/241922032/ | https://www.ubereats.com/jp/store/古川屋台ソウヅ本店/V7tKrJAVUgOBH1IEvbXH0g"
g-ChIJY8eLGCgvUDUR03Q0tdmv9TU,豚太郎 東予店,料理メニューの三味、口コミで味噌豚骨・細麺・にんにくありを確認。料理メニューは2019年、現行変更の可能性を留保。 2026-10-09調査。根拠・確認先：https://tabelog.com/ehime/A3802/A380202/38006261/dtlmenu/ ; https://tabelog.com/ehime/A3802/A380202/38006261/dtlrvwlst/ ; https://map.yahoo.co.jp/v3/place/gW-7xFbhulQ/review 食べログメニュー確認先：https://tabelog.com/ehime/A3802/A380202/38006261/dtlmenu/（一部ページ閲覧不可のため口コミ・公式情報で補完）。 更新前タグ：Style=ラーメン / Soup=味噌｜塩｜醤油 / Noodle= / Character=。
g-ChIJy8ELu2nOUTURZOU0IMxXrOQ,台湾料理 福銘源,2026-10-09 タグ再調査：当該店の食べログメニュー欄にラーメン。口コミも確認したが出汁・麺太さ・辛さを確定できずSoup/Noodle/Character保留。 根拠URL：https://tabelog.com/ehime/A3802/A380203/38007871/dtlmenu/photo/ ; https://ameblo.jp/yofukashi0719/entry-12971008723.html
g-ChIJYbhOBgDlTzURQnOdNzVTGkM,麺屋 鮮太,"【タグ調査 2026-10-09】当店メニュー紹介の中華そば醤油・塩・味噌、つけめん・油そばを確認。食べログにも油そばの実食、塩の実食記事に魚介系の旨み。保留：Noodleの太さ・自家製の明記、Character、魚介の具体的素材・動物系出汁。
根拠URL：https://tabelog.com/ehime/A3801/A380101/38016143/ | https://tabelog.com/ehime/A3801/A380101/38016143/dtlrvwlst/B529914055/ | https://machiraku.net/menya-senta/ | https://haisai.jp/top/senta/"
g-ChIJYcHETVLlTzURJM6Deqt2NGA,つけめん 真中（本店）,【タグ調査 2026-10-08】三津3-34-11の本店。真中つけ麺は公式説明で鶏白湯＋醤油、イリコ・鯖節、自家製極太縮れ麺。食べログメニューで醤油ラーメン、旨辛・味噌・海老味噌つけ麺を確認、同店油そばは実食記事あり。新居浜店の濃厚豚骨メニューは混ぜない。鯛出汁麦味噌は過去限定品で現行未確認のためタグ未付与。 根拠：https://tabelog.com/ehime/A3801/A380101/38005383/dtlmenu/ https://az-earth.com/shop/ https://www.michikusaehime.com/manaka/
g-ChIJyd9xaM76TzURc8dq1ZFlgC4,みなとや食堂,中華そばの記述を確認。 保留項目：Soup・Noodle・Character（確定できる記述なし）。 更新前タグ：Style=中華そば / Soup= / Noodle= / Character=。 2026-10-09調査。食べログの料理メニューは一部閲覧不可。根拠・確認先：https://tabelog.com/ehime/A3801/A380101/38003916/ メニュー確認先：https://tabelog.com/ehime/A3801/A380101/38003916/dtlmenu/
g-ChIJyeLUSPPlTzUR5p6iPFffdyY,炎やらーめん,【タグ調査 2026-10-08】当店食べログメニュー・実食で京都屋台風豚骨醤油、赤ラーメン、味噌ラーメン。細ストレート麺と背脂を確認。あっさりは基本スープの実食評、辛いは赤に対応。白湯は豚骨という名称だけから付けない。 根拠：https://tabelog.com/ehime/A3801/A380101/38000057/ https://tabelog.com/ehime/A3801/A380101/38000057/dtlrvwlst/ https://tabelog.com/ehime/A3801/A380101/38000057/dtlrvwlst/B19338423/ https://map.yahoo.co.jp/v3/place/-UwrPTJKuek/review
g-ChIJyQmUuH46UDURJXNLNAMU2W4,麺舞 龍e,公式メニューで本丸しょうゆ・二の丸白湯・三の丸つけめん・油そば・辛ラーメンを確認。本丸は鶏と魚介の清湯、二の丸は丸鶏の白湯。細麺は本丸口コミ、中太麺とレモンの味変は三の丸口コミ。ウェーブ形状は2025年の本丸実食記事。塩は金曜限定の今治ラーメン。酸辣湯麺は期間限定のため独立Styleを追加しない。 タグ調査：2026-10-08。出典：https://tabelog.com/ehime/A3802/A380201/38014824/ https://menbu-tatue.com/menu/ https://menbu-tatue.com/ https://tabelog.com/ehime/A3802/A380201/38014824/dtlrvwlst/B504811520/ https://plaza.rakuten.co.jp/irome/diary/202511010000/ https://imabariramen.com/
g-ChIJYR905HxwTzUREoE5M33r7Z0,憩ふ食空間 風,対象店公式のキジ料理等を確認したが、対象となるラーメン提供と出汁・麺の具体的記述を再確認できず。 保留項目：Style・Soup・Noodle・Character（具体的記述を確認できず）。 2026-10-09調査。根拠・確認先：https://r.goope.jp/kazeikofu/ 食べログメニュー確認先：https://tabelog.com/ehime/A3804/A380403/38005040/dtlmenu/（一部ページ閲覧不可のため口コミ・公式情報で補完）。 更新前タグ：Style=ラーメン｜ちゃんぽん / Soup= / Noodle= / Character=。
g-ChIJYT1KdTyRUTURd1uwMbXiB38,ミサオ商店,当店の中華そば・ラーメン実食記事に海老スープ、細ストレート麺の記述を確認。 保留項目：Character（具体的記述を確認できず）。 2026-10-09調査。根拠・確認先：https://matarikoko.livedoor.blog/archives/16525890.html ; https://note.com/11jun13/n/n0e709f2bcb00 食べログメニュー確認先：https://tabelog.com/ehime/A3802/A380204/38014052/dtlmenu/（一部ページ閲覧不可のため口コミ・公式情報で補完）。
g-ChIJYUH6W4blTzURP37OHNz6Hh8,俺のギョーザ,2026-10-09 タグ再調査：当店食べログ口コミに担々麺、店舗メニュー掲載・2026年9月訪問記事に鶏そば。保留：中華そば表記と醤油の根拠を今回確認できず既存タグを外した。鶏そばの詳しい出汁配合・麺・担々麺の胡麻や辛さは未確定。飯塚市の同名店メニューは使用しない。 根拠URL：https://tabelog.com/ehime/A3801/A380103/38013600/ ; https://tabelog.com/ehime/A3801/A380103/38013600/dtlmenu/photo/ ; https://mrs.living.jp/ehime/town_gourmet/reporter/6932748 ; https://map.yahoo.co.jp/v3/place/FOHbx4QeCBY
g-ChIJyW_u7M_PUTUR8c-c-ygW_FE,横浜家系ラーメン 稲和家,"【タグ調査 2026-10-09】2026年取材に醤油豚骨・塩豚骨・中華そば・つけ麺・時間数量限定稲二郎。家系は特注中太麺、細麺に変更可。背脂量と卓上ニンニクで調整。保留：鶏ガラ配合、つけ汁の魚介配合。
根拠URL：https://tabelog.com/ehime/A3802/A380203/38013442/ | https://ehime-epuri.jp/69622 | https://tabelog.com/ehime/A3802/A380203/38013442/dtlmenu/"
g-ChIJYXJ87pKXRTURa9zQRZ_67Ic,れすとらん風車,商工会の現店舗住所は塩成2300-1でCSV住所と差異。複数店まとめ検索の帆立豚骨等は当店帰属を特定できず、既存ちゃんぽん・鯛出汁も保留。 保留項目：Style・Soup・Noodle・Character（具体的記述を確認できず）。 2026-10-09調査。根拠・確認先：https://isci.or.jp/shop/239 ; https://earlybird.life/campingcar24-020 食べログメニュー確認先：https://tabelog.com/ehime/A3803/A380302/38005248/dtlmenu/（一部ページ閲覧不可のため口コミ・公式情報で補完）。 更新前タグ：Style=ちゃんぽん / Soup=鯛・鮮魚 / Noodle= / Character=。
g-ChIJYXQKT7GFTzURJCgrN73z5NY,りんすけ,内子町観光公式に中華そば掲載、食べログメニュー写真ページにも中華そばを確認。鯛めしの鯛や麦めしをラーメン出汁・麺の根拠にしない。 保留項目：Soup・Noodle・Character（具体的記述を確認できず）。 2026-10-09調査。根拠・確認先：https://www.we-love-uchiko.jp/gourmet/uorin_rinsuke/ ; https://tabelog.com/ehime/A3803/A380303/38000287/dtlmenu/photo/?sby=D 食べログメニュー確認先：https://tabelog.com/ehime/A3803/A380303/38000287/dtlmenu/（一部ページ閲覧不可のため口コミ・公式情報で補完）。 更新前タグ：Style=中華そば｜ラーメン / Soup= / Noodle= / Character=。
g-ChIJyxr2GHuDRTURrOu-8a7XMk4,丸山,対象店の紹介・口コミにかつお節・昆布・鶏ガラ・野菜からとるスープ、醤油・あっさりを確認。麺は新しい取材記事の中太麺を採用し、中細との別口コミもあるため時期や商品差は未確定。 2026-10-09調査。根拠・確認先：https://map.yahoo.co.jp/v3/place/oBKvn_Ypnqw?from_srv=loco_web ; https://ehime-epuri.jp/62804 ; https://tabelog.com/ehime/A3803/A380302/38001149/dtlrvwlst/B492940981/ 食べログメニュー確認先：https://tabelog.com/ehime/A3803/A380302/38001149/dtlmenu/（一部ページ閲覧不可のため口コミ・公式情報で補完）。 更新前タグ：Style=ラーメン / Soup= / Noodle= / Character=。
g-ChIJYY7-UcGATzURFwVGJ1lVYHg,十夜ヶ橋食堂,醤油・あっさりを確認。太麺は当該店食べログ口コミ。野菜は具材のみのため出汁タグにしない。 更新前タグ：Style=中華そば / Soup=醤油｜野菜 / Noodle=太麺 / Character=。 2026-10-09調査。食べログの料理メニューは一部閲覧不可。根拠・確認先：https://map.yahoo.co.jp/v3/place/NxuFzhETeSg/review/d99lqRLsQVGKYXRVxGyQzw メニュー確認先：https://tabelog.com/ehime/A3803/A380301/38008149/dtlmenu/ 補完URL：https://tabelog.com/ehime/A3803/A380301/38008149/dtlrvwlst/
g-ChIJYYbbvLzSUTURdfz1ZRIiZHc,毎日食堂,調査2026-10-09：伝説の中華そばメニューと同店口コミで鶏ガラ醤油、中太麺、透明・あっさり、鰹の風味を確認。保留：いりこは口コミでも推測のため煮干しは未設定。出汁の正式な配合、自家製麺。 根拠：https://tabelog.com/ehime/A3802/A380202/38006402/；https://tabelog.com/ehime/A3802/A380202/38006402/dtlrvwlst/B290910318/；https://tabelog.com/ehime/A3802/A380202/38006402/dtlrvwlst/B113920992/；https://ameblo.jp/mansjjr561-20201108/entry-12690198187.html
g-ChIJYz49njKARTURWyjDNyEz_SY,豚太郎 平野店,当店口コミの味噌・若干細めのストレートを反映。基礎出汁と特徴は不明。 保留項目：Character（具体的記述を確認できず）。 2026-10-09調査。根拠・確認先：https://tabelog.com/ehime/A3803/A380301/38003618/dtlrvwlst/B372977465/ 食べログメニュー確認先：https://tabelog.com/ehime/A3803/A380301/38003618/dtlmenu/（一部ページ閲覧不可のため口コミ・公式情報で補完）。 更新前タグ：Style=ラーメン / Soup=味噌｜塩｜醤油｜カレー / Noodle= / Character=。
g-ChIJZ1OcY106UDURZQZsWkSANG0,〇の,【タグ保留】Character未確認。ラーメンと中華ざるを確認。鶏ガラ・イリコ・鰹の醤油スープは過去口コミ。細麺と中細麺は口コミで表現差あり。 タグ調査：2026-10-08。出典：https://tabelog.com/ehime/A3802/A380201/38010369/dtlrvwlst/B111746920/ https://tabelog.com/ehime/A3802/A380201/38010369/
g-ChIJz2VbHVbPUTURxjU8YgyIHyg,中華そば 居酒屋 うらめしや～,調査2026-10-09：公式Instagramの中華そば提供と西町5番32号を確認。保留：判読できる詳細メニュー、味付け・出汁、麺、Character。取得できない情報は追跡を止め次店へ進めた。 根拠：https://www.instagram.com/p/C7L8io4P5pd/；https://map.yahoo.co.jp/v3/place/azIuUsTCRTY/review
g-ChIJz3rxRe7lTzUR2uvNrnD8A7o,萬楽 塩田屋,"【タグ調査 2026-10-09】豚骨醤油・味噌・鶏ブイヨン・塩とりとん・つけ麺を店主取材で確認。清湯は透き通った鶏だし商品に対応。細ストレートはねぎらーめんの実食。保留：全商品の麺の共通性と白湯分類。
根拠URL：https://tabelog.com/ehime/A3801/A380101/38005431/ | https://note.com/mappy_e/n/n38fdd87de529 | https://tabelog.com/ehime/A3801/A380101/38005431/dtlrvwlst/B417239212/"
g-ChIJz5F-eFfvTzURHNfPjHNmPBQ,リンガーハット イオン松山店,当店実食記事で太麺・豚骨系白スープを確認。白湯工程は不明なので白湯タグは保留。 保留項目：Character（具体的記述を確認できず）。 2026-10-09調査。根拠・確認先：https://ameblo.jp/topgun11/entry-12392196358.html ; https://map.yahoo.co.jp/v3/place/w1g8dR5lZUk/menu 食べログメニュー確認先：https://tabelog.com/ehime/A3801/A380101/38011375/dtlmenu/（一部ページ閲覧不可のため口コミ・公式情報で補完）。 更新前タグ：Style=ちゃんぽん / Soup= / Noodle= / Character=。
g-ChIJz8xAsILSUTUR9baxkODGzf4,ごはんどき 西条店,対象店料理メニューに醤油・味噌・辛うま味噌ラーメン、鶏ガラ・豚ガラ・魚介（かつお、煮干し、さば）を使うスープ説明を確認。麺仕様は未確認。 保留項目：Noodle（具体的記述を確認できず）。 2026-10-09調査。根拠・確認先：https://tabelog.com/ehime/A3802/A380202/38009292/dtlmenu/ 食べログメニュー確認先：https://tabelog.com/ehime/A3802/A380202/38009292/dtlmenu/（一部ページ閲覧不可のため口コミ・公式情報で補完）。
g-ChIJZa1Zv9rSUTUR4_MtSsSg9AE,こんなもん屋,調査2026-10-09：店舗メニューと口コミで醤油・鶏ガラ、細いストレート麺とあっさりを確認。保留：既存の魚介タグは出汁の裏付けを得られず削除。自家製麺。 根拠：https://tabelog.com/ehime/A3802/A380202/38007949/；https://www.ekiten.jp/shop_6872580/；https://tabelog.com/ehime/A3802/A380202/38007949/dtlrvwlst/
g-ChIJzbs659yDRTURJ9uWA0beuiQ,平家谷そうめん流し,対象施設のそうめんメニュー・口コミを確認。そうめんは対象外で、ラーメンの具体的提供を再確認できず。既存ラーメンタグは保留。 保留項目：Style・Soup・Noodle・Character（具体的記述を確認できず）。 2026-10-09調査。根拠・確認先：https://tabelog.com/ehime/A3803/A380302/38004625/dtlrvwlst/ ; https://map.yahoo.co.jp/v3/place/3aIm2zxVggE 食べログメニュー確認先：https://tabelog.com/ehime/A3803/A380302/38004625/dtlmenu/（一部ページ閲覧不可のため口コミ・公式情報で補完）。 更新前タグ：Style=ラーメン / Soup= / Noodle= / Character=。
g-ChIJzROZBgDlTzURRB64ce3eXLI,だし川うま吉【不定休】,【タグ調査 2026-10-08】うま吉ラーメンは鶏・魚介とたまり醤油の透き通るスープ、京都老舗製麺所の全粒粉中太麺。汁なしの商品名は芳醇油そばなので既存まぜそばを油そばへ修正。自家製キーマはトッピングでカレースープではなく、カレー／自家製麺タグは付けない。 根拠：https://tabelog.com/ehime/A3801/A380101/38017037/dtlrvwlst/ https://ehime-epuri.jp/75887
g-ChIJzVFW4ZnvTzURLwDWBazhTsM,中国料理 香港,2026-10-09 タグ再調査：空港通店メニュー欄と実食に醤油/塩/味噌、あっさり醤油のチャーシュー麺。過去同店に白湯ラーメン注文記録。白湯から鶏/豚骨は推測しない。ちゃんぽん・麺太さは当店根拠不足で保留。 根拠URL：https://tabelog.com/ehime/A3801/A380101/38000588/dtlmenu/photo/ ; https://map.yahoo.co.jp/v3/place/7tBt5JLSz8I/review/sxeY2Z_HSR6LBzU0JmZ0Cg ; https://ehimesasurai.blog.jp/archives/54797100.html
g-ChIJzVxgQVCRUTURYGmAZigZEbw,料亭 即今,料亭即今の口コミに〆ラーメンを確認。同じ運営の朝ラーメン業態の出汁・麺情報は料亭の品に転用しない。 保留項目：Soup・Noodle・Character（具体的記述を確認できず）。 2026-10-09調査。根拠・確認先：https://map.yahoo.co.jp/v3/place/uO2NE0e_RBw/review 食べログメニュー確認先：https://tabelog.com/ehime/A3802/A380204/38000787/dtlmenu/（一部ページ閲覧不可のため口コミ・公式情報で補完）。 更新前タグ：Style=ラーメン / Soup= / Noodle= / Character=。
g-ChIJZWDXYxPPUTURUPTf5ePlvuQ,来来亭 新居浜店,調査2026-10-09：当支店のメニュー・口コミで醤油鶏ガラ、赤味噌、細麺、背脂と辛味を確認。保留：他支店やチェーン共通のまぜそば・担々麺・カレー等を当店へ転用しない。味噌等の麺幅、自家製麺。 根拠：https://tabelog.com/ehime/A3802/A380203/38010397/；https://hitosara.com/0004026593/food.html；https://map.yahoo.co.jp/v3/place/qeld6WJ31ms/menu；https://tabelog.com/ehime/A3802/A380203/38010397/dtlrvwlst/
g-ChIJZWja2EWDRTURALRu--eaB7I,食堂ごりらくん,実食記事でちゃんぽん・あっさりを確認。出汁内訳と麺の明記は不足。 保留項目：Soup・Noodle（具体的記述を確認できず）。 2026-10-09調査。根拠・確認先：https://blog.livedoor.jp/hidegoforbroke/archives/10175417.html 食べログメニュー確認先：https://tabelog.com/ehime/A3803/A380302/38005840/dtlmenu/（一部ページ閲覧不可のため口コミ・公式情報で補完）。 更新前タグ：Style=ちゃんぽん / Soup= / Noodle= / Character=。
g-ChIJzwN8iUGUUTURC4CGPlMKgA4,いせき食堂,いりこ出汁を確認。製麺所の表示のみでは中華麺の自家製を確定しない。 保留項目：Noodle・Character（確定できる記述なし）。 更新前タグ：Style=中華そば / Soup=煮干し / Noodle=自家製麺 / Character=。 2026-10-09調査。食べログの料理メニューは一部閲覧不可。根拠・確認先：https://tabelog.com/ehime/A3802/A380204/38003393/ メニュー確認先：https://tabelog.com/ehime/A3802/A380204/38003393/dtlmenu/
g-ChIJZzHonX05UDURfKYoRGp71ps,あかさき食堂,2026-10-09 タグ再調査：同一店実食にラーメン注文、鶏ガラ醤油と魚介、中細ストレート・あっさり。いりこか煮干しと思うという推測は煮干しに採用せず保留。中華そばは正式商品名と確認できず分類しない。過去記事のため現行仕様は保留。 根拠URL：https://tabelog.com/ehime/A3802/A380201/38007382/dtlmenu/photo/ ; https://ameblo.jp/yoshichyan/entry-11416131136.html
g-ChIJZzvJg73lTzURDbFmvJTtm6s,中華飯店 鳳来,2026-10-09 タグ再調査：メニュー欄とラーメン炒飯セット実食を照合。スープは中華スープとの説明のみで出汁・醤油等を特定できずSoup保留。麺太さ・Characterも明記なし。炒飯の濃い味を汁麺へ転用しない。 根拠URL：https://tabelog.com/ehime/A3801/A380101/38001687/dtlmenu/photo/ ; https://barrysan.hatenablog.com/entry/2024/07/13/223645
manual-mogumogura,もぐもぐら,【タグ保留】食べログ掲載保留。現在の営業・提供とCharacter未確認。過去口コミの魚介ベース醤油ダレ、中太麺・ちぢれ選択を記録。現行確定タグとしては扱わない。 タグ調査：2026-10-08。出典：https://tabelog.com/ehime/A3802/A380201/38017111/ https://tabelog.com/ehime/A3802/A380201/38017111/dtlrvwlst/B529372892/
osm-n10203839326,八平,中華そばと冷たい中華そば、細麺の選択を口コミ・掲載メニューで確認。温かい中華そばは鶏・昆布の醤油ベース、冷たい中華そばは塩といりこ出汁。自家製の縮れ麺・清湯・背脂は冷たい中華そばの実食記述。平打ち麺は追加せず備考のみ。 タグ調査：2026-10-08。出典：https://tabelog.com/ehime/A3802/A380201/38011678/ https://tabelog.com/ehime/A3802/A380201/38011678/dtlrvwlst/B524446467/?followee_only=false https://map.yahoo.co.jp/v3/place/MDszsGlQNgI/review
osm-n10275126705,横浜家系ラーメン一門家 大街道店,【タグ保留】Soup・Character：既存の味噌、担々の胡麻・辛さ、家系二郎の背脂・にんにくは明確な当店根拠不足で保留。まぜそば・担々麺は過去投稿メニューのため現行提供要確認。 【タグ調査 2026-10-08】当店食べログで家系豚骨醤油、二郎系・担々麺・魚介つけ麺。投稿メニューに豚骨塩・特製中華そば・担々まぜそば・家系担々麺。麺は中太でやや平たいウェーブとの当店実食に基づき、同じ基本麺を太めと呼ぶ別評だけで太麺を重ねない。 根拠：https://tabelog.com/ehime/A3801/A380101/38012794/ https://tabelog.com/ehime/A3801/A380101/38012794/dtlrvwlst/B421062397/ https://tabelog.com/ehime/A3801/A380101/38012794/dtlmenu/photo/ https://map.yahoo.co.jp/v3/place/t3YEigYxra6/menu
osm-n10314032064,生守ラーメン,調査2026-10-09：西条店の店舗発信メニューでつけ麺、同店口コミ・取材で豚骨醤油、細麺、濃厚だが後味あっさりを確認。保留：つけ麺の麺幅、自家製麺、その他の出汁。新居浜店のメニューを直接転用していない。 根拠：https://tabelog.com/ehime/A3802/A380202/38012724/；https://saijo.mypl.net/shop/00000357288/menu；https://www.e-komachi.com/gourmet/41772_20260131/；https://tabelog.com/ehime/A3802/A380202/38012724/dtlrvwlst/B523871864/
osm-n10605774688,餃子 のぶ,2026-10-09 タグ再調査：店舗紹介に鳥ガラのあっさりした中華そば、つけそば。麺太さ・製法は確証がなくNoodle保留。 根拠URL：https://tabelog.com/ehime/A3801/A380101/38009907/dtlmenu/photo/ ; https://www.hotpepper.jp/strJ001101406/ ; https://www.mitsuhamaru.com/map/detail.php?id=81
osm-n10681345782,中華麺飯茶屋 佳,2026-10-09 タグ再調査：食べログ料理メニューと店舗掲載メニューに中華そば、魚介そば、鶏そば、パイタンそば、担々麺、冷麺・つけそば。魚介そばはちぢれ麺・あっさり、パイタンは白濁スープ、担々麺は1～3辛。鶏白湯は鶏そばとパイタンの出汁が同一と未確認のため保留。海老練り込み麺を海老出汁へ転用しない。麺太さ・ラーメンの自家製麺は不明。冷麺・つけそばは5～9月限定。 根拠URL：https://tabelog.com/ehime/A3802/A380203/38013171/dtlmenu/photo/ ; https://tabelog.com/ehime/A3802/A380203/38013171/dtlmenu/ ; https://niihama.mypl.net/shop/00000359088/menu
osm-n11422947210,丸源ラーメン今治店,当店メニュー検索と丸源公式の現行メニューで肉そば・醤油豚骨・塩・味噌・つけ麺・油そば・辛肉そばを確認。自家製麺は店舗製麺と断定できず保留。商品別の麺太さは保留。 保留項目：Noodle（具体的記述を確認できず）。 2026-10-09調査。根拠・確認先：https://www.syodai-marugen.jp/menu ; https://tabelog.com/ehime/A3802/A380201/38014264/ 食べログメニュー確認先：https://tabelog.com/ehime/A3802/A380201/38014264/dtlmenu/（一部ページ閲覧不可のため口コミ・公式情報で補完）。 更新前タグ：Style=ラーメン / Soup=醤油 / Noodle= / Character=。
osm-n11527404085,ラーメンショップ KANTOチェーン野間店,当店口コミで豚骨醤油・こってり。ストレートとの記載のみで麺太さは保留。 保留項目：Noodle（具体的記述を確認できず）。 2026-10-09調査。根拠・確認先：https://tabelog.com/ehime/A3802/A380201/38008690/dtlrvwlst/ 食べログメニュー確認先：https://tabelog.com/ehime/A3802/A380201/38008690/dtlmenu/（一部ページ閲覧不可のため口コミ・公式情報で補完）。 更新前タグ：Style=ラーメン / Soup=醤油｜豚骨 / Noodle= / Character=背脂。
osm-n11527413036,俺のラーメン,【タグ保留】Noodleの太さ・魚介出汁未確認。食べログPRの濃厚醤油・背脂・平麺を確認。平麺は既存タグに該当なし。旧魚介は根拠未確認のため除外。 タグ調査：2026-10-08。出典：https://tabelog.com/ehime/A3802/A380201/38009428/ https://sideline-spl.tokyo/2021/02/23/tanbou548/
osm-n11559743688,久留米とんこつラーメン 松山分校,【タグ調査 2026-10-08】食べログ店側料理メニューに呼び戻しスープの基本ラーメン、こってり系の分校ラーメン、ちゃんぽん拉麺。最近の当店実食で細ストレート麺と濃厚豚骨を確認。麺が久留米から直送という情報だけでは店舗の自家製麺タグは付けない。揚げ豚脂と背脂は同一視しない。 根拠：https://tabelog.com/ehime/A3801/A380101/38000137/ https://tabelog.com/ehime/A3801/A380101/38000137/dtlmenu/ https://tabelog.com/ehime/A3801/A380101/38000137/dtlrvwlst/B533945236/ https://tabelog.com/ehime/A3801/A380101/38000137/dtlrvwlst/B503134424/
osm-n11814665969,天下一品,調査2026-10-09：新居浜店の店舗メニューと公式店舗情報でこってり・あっさり、鶏と野菜のスープを確認。保留：麺幅・自家製の裏付け、白湯等の分類。当CSV高木町2-122と食べログ2-112の差異は備考に留め住所を変更していない。 根拠：https://tabelog.com/ehime/A3802/A380203/38006406/；https://www.tenkaippin.co.jp/shop/929/；https://tabelog.com/ehime/A3802/A380203/38006406/dtlmenu/
osm-n11936672019,和歌山らーめん らぐまん,タグ一次確認 2026-10-08：白醤油・鶏ガラの標準らぐまんと豚骨らぐまんを確認。細麺を確認。料理名の語源説明だけから自家製麺とは判断しない。 出典：https://tabelog.com/ehime/A3804/A380401/38000247/dtlrvwlst/ https://tabelog.com/ehime/A3804/A380401/38000247/dtlrvwlst/B424065219/ https://r.gnavi.co.jp/ew1m6ykb0000/
osm-n11936672053,中国亭,2026-10-09 タグ再調査：食べログ公式料理・ランチメニューにとんこつラーメン、味噌、担々麺、チャンポン、ピリ辛チャンポン、季節冷麺。店舗口コミに中細ストレートで少しウェーブの麺。保留：各商品の出汁配合・胡麻・製麺方式と季節品の現在提供は未確定。 根拠URL：https://tabelog.com/ehime/A3804/A380401/38001469/dtlmenu/ ; https://tabelog.com/ehime/A3804/A380401/38001469/dtlmenu/lunch/ ; https://map.yahoo.co.jp/v3/place/mRyRw1NBitg/review/lC52hV5yRIySRbvNMajV8A
osm-n12161936305,久万山食堂,2026-10-09 タグ再調査：施設公式の冬季中華そばに鶏ガラ・鰹節・いりこ、冷やし担々麺にピリ辛と明記。生麺という記述のみでは太さ・製法を確定できずNoodle保留。2024年の季節商品告知で現行の提供時期は保留。 根拠URL：https://tabelog.com/ehime/A3803/A380304/38015817/dtlmenu/photo/ ; https://michinoeki-mikawa.com/info/5483054 ; https://michinoeki-mikawa.com/info/5758261
osm-n12208660713,中華旬彩 西尾,2026-10-09 タグ再調査：メニュー欄と実食口コミにスープそば、夏限定冷やし担々麺のピリ辛・冷たい胡麻濃厚スープ。旧辛麺は独立メニュー表記を確認できず外す。海鮮や野菜は具材であり出汁に転用しない。麺太さ・動物出汁保留。 根拠URL：https://tabelog.com/ehime/A3801/A380101/38014190/dtlmenu/photo/ ; https://tabelog.com/ehime/A3801/A380101/38014190/dtlrvwlst/ ; https://tabelog.com/ehime/A3801/A380101/38014190/dtlrvwlst/B503044830/
osm-n12269045004,中華料理 幸楽,2026-10-09 タグ再調査：三瓶の当該店口コミに牛もつラーメン・ちゃんぽん。担々麺と味種の根拠を確定できず追加分類保留。牛もつの具から牛出汁を推定せずSoup/Noodle/Character保留。 根拠URL：https://tabelog.com/ehime/A3804/A380402/38007007/dtlmenu/photo/ ; https://tabelog.com/ehime/A3804/A380402/38007007/dtlrvwlst/
osm-n12365032866,大阪王将,2026-10-09 タグ再調査：フジグラン北宇和島店のユーザー投稿に醤油ラーメン実食、公式で店舗と店舗別メニュー入口を確認。保留：公式メニュー本文を取得できず、食べログ画像の品名も確定できない。Yahooの他店舗共通項目は使用せず、中華そば・担々麺は当店の現行メニューとして保留。出汁・麺・特徴も未確定。 根拠URL：https://tabelog.com/ehime/A3804/A380401/38009587/dtlmenu/photo/ ; https://www.osaka-ohsho.com/store/store_detail.php?shop_id=322 ; https://www.osaka-ohsho.com/menu/store.html?shop_id=322 ; https://map.yahoo.co.jp/v3/place/8JxuQZ0uoeU/menu
osm-n12709583673,しらす食堂,2026-10-09 タグ再調査：三崎はなはなへの移転後メニュー・公式2025年改訂PDFを確認したがしらすラーメンの掲載を確定できず全項目保留。旧川之浜店舗の提供・出汁を現店舗へ転用しない。 根拠URL：https://tabelog.com/ehime/A3803/A380302/38013412/dtlmenu/photo/ ; https://www.shirasu.jp/shirasupark/wp-content/uploads/2025/04/menu6%EF%BC%8825.05%E6%94%B9%E8%A8%82%EF%BC%89.pdf ; https://www.shirasu.jp/park/
osm-n12848296788,リンガーハット,当店ちゃんぽんメニューを確認。出汁と麺は当該店舗の明記を再確認できず保留。他店舗の説明は流用しない。 保留項目：Soup・Noodle・Character（具体的記述を確認できず）。 2026-10-09調査。根拠・確認先：https://tabelog.com/ehime/A3801/A380103/38006314/ 食べログメニュー確認先：https://tabelog.com/ehime/A3801/A380103/38006314/dtlmenu/（一部ページ閲覧不可のため口コミ・公式情報で補完）。 更新前タグ：Style=ちゃんぽん / Soup= / Noodle= / Character=。
osm-n13189759734,ラーメンショップ フライブルク店,当店ぐるなび詳細の出汁・細麺・自家製麺・背脂説明、口コミつけ麺で補完。各要素は商品により異なる。 2026-10-09調査。根拠・確認先：https://r.gnavi.co.jp/a8bea48s0000/ ; https://tabelog.com/ehime/A3801/A380101/38000132/dtlrvwlst/COND-0/ 食べログメニュー確認先：https://tabelog.com/ehime/A3801/A380101/38000132/dtlmenu/（一部ページ閲覧不可のため口コミ・公式情報で補完）。 更新前タグ：Style=ラーメン / Soup=醤油｜豚骨 / Noodle= / Character=背脂。
osm-n13189759750,ラーメンショップ KANTOチェーン西四国本部,当店ラーメンとつけ麺の実食を確認。味噌・塩無しの口コミがあり他店から補わない。出汁と麺は保留。 保留項目：Soup・Noodle・Character（具体的記述を確認できず）。 2026-10-09調査。根拠・確認先：https://tabelog.com/ehime/A3802/A380201/38007409/dtlrvwlst/B255449033/?type=0 ; https://tabelog.com/ehime/A3802/A380201/38007409/dtlrvwlst/B111745921/ 食べログメニュー確認先：https://tabelog.com/ehime/A3802/A380201/38007409/dtlmenu/（一部ページ閲覧不可のため口コミ・公式情報で補完）。 更新前タグ：Style=ラーメン / Soup=醤油｜豚骨 / Noodle= / Character=背脂。
osm-n13744174061,ラーメン凩,タグ一次確認 2026-10-08：麺屋凩の白・黒・赤・味噌・つけ麺・油そばを確認。極細自家製麺を確認。二郎系は別レコードの凩紋二郎と区別。鶏白湯・柑橘は再確認できず除外。 出典：https://tabelog.com/ehime/A3804/A380401/38012318/ https://kaizoku-ehime.jp/190221/ https://ameblo.jp/topgun11/entry-12823759485.html https://majimena.ehime.jp/majimeshi/shop/2905/
osm-n13904181616,奉天,2026-10-09 タグ再調査：メニュー写真一覧のラーメン・ネギラーメンと宇和島の店舗口コミの担々麺を確認。出汁・醤油/塩・麺・辛さの具体的説明は確認できず保留。同名の創作中華奉天飯店の説明は別店舗のため不採用。270行と住所・食べログURLが同一。 根拠URL：https://tabelog.com/ehime/A3804/A380401/38009107/dtlmenu/photo/ ; https://retty.me/area/PRE38/ARE255/SUB25501/LCAT14/
osm-n13904181632,いごっそ,タグ一次確認 2026-10-08：中華そば・こってりチャーシュー麺と細麺・背脂を確認。既存の豚骨は出汁の根拠が未確認のため除外。 出典：https://tabelog.com/ehime/A3804/A380401/38007295/ https://ameblo.jp/topgun11/entry-12949120237.html
osm-n13954951301,麺鮮醤油房 周月,"【タグ調査 2026-10-09】内宮町の松山北店として照合。つけ麺・油そば・辛味噌つけ麺と魚介出汁を確認。公式が各店製麺を明記。保留：鶏白湯・煮干し・節・貝の配合は他支店と同一と断定できない。通常ラーメンの現行提供も未確認。
根拠URL：https://tabelog.com/ehime/A3801/A380101/38016311/ | https://www.instagram.com/shugetsu_kita/ | https://az-earth.com/shop/ | https://www.nyhome.jp/blog/entry-655663/ | https://tabelog.com/ehime/A3801/A380101/38016311/dtlrvwlst/"
osm-n2182962658,豚太郎 新居浜店,当店公式メニューを確認。基礎出汁・麺・特徴は具体的説明不足。 保留項目：Noodle・Character（具体的記述を確認できず）。 2026-10-09調査。根拠・確認先：https://mys1115.com/service 食べログメニュー確認先：https://tabelog.com/ehime/A3802/A380203/38008075/dtlmenu/（一部ページ閲覧不可のため口コミ・公式情報で補完）。 更新前タグ：Style=ラーメン / Soup=味噌｜塩｜醤油｜カレー / Noodle= / Character=。
osm-n2182966393,からし屋,"【タグ調査 2026-10-09】オロチョン・火を吹くオロチョン・豚骨ラーメンをメニューで確認。細麺の実食記載あり。辛さ調整とニンニク風味を確認。保留：オロチョンの出汁・タレ分類、2016年掲載豚骨メニューの提供継続。6～9月のビビン冷麺は未反映。
根拠URL：https://tabelog.com/ehime/A3802/A380203/38003347/ | https://tabelog.com/ehime/A3802/A380203/38003347/dtlmenu/ | https://tabelog.com/ehime/A3802/A380203/38003347/dtlrvwlst/B533108607/ | https://r.gnavi.co.jp/k9tr6ykz0000/"
osm-n2201048594,麺や吉村 磯浦店,当該磯浦店の鶏ガラ醤油を確認。 保留項目：Noodle（確定できる記述なし）。 2026-10-09調査。食べログの料理メニューは一部閲覧不可。根拠・確認先：https://tabelog.com/ehime/A3802/A380203/38007910/dtlrvwlst/ メニュー確認先：https://tabelog.com/ehime/A3802/A380203/38007910/dtlmenu/
osm-n2305044388,ラーメン来来亭 松山大前店,【タグ保留】Style・Soup：冷麺は夏季限定。塩・赤味噌・まぜそば・旨辛麺は数量限定で提供状況要確認。担々の胡麻材料は未確認。麺は味噌を太麺／中太麺と呼ぶ資料差があり、現行の太さは要再確認。 【タグ調査 2026-10-08】当店食べログでメニューと細麺実食。基本は京都風鶏ガラ醤油に背脂。当店掲載料理メニューに味噌・塩・赤味噌・まぜそばR・台湾まぜ・担担麺・カレーラーメン・旨辛麺。味噌の太麺記録あり。旨辛麺の名称だけで独立した辛麺スタイルとは断定せず、辛さはCharacterに記録。 根拠：https://tabelog.com/ehime/A3801/A380101/38008349/ https://tabelog.com/ehime/A3801/A380101/38008349/dtlmenu/photo/ https://tabelog.com/ehime/A3801/A380101/38008349/dtlrvwlst/B42572633/ https://hitosara.com/0004026349/food.html 麺根拠：https://retty.me/area/PRE38/ARE145/SUB14501/100000381254/menu/
osm-n2305778256,かめ福,【タグ保留】Style・Noodle：冷やしラーメンと中細縮れ麺への変更は過去の夏季実食情報で、現在の提供／選択可否は未確認。 【タグ調査 2026-10-08】醤油、味噌、胡麻入り博多風ラーメンを確認。胡麻入りは豚骨ベースで白胡麻の風味。基本は細ストレート、縮れ麺選択記録あり。辛いは辛ネギ商品。広島風つけ麺は古い季節品で現行未確認のためタグ未付与。 根拠：https://tabelog.com/ehime/A3801/A380101/38002070/dtlrvwlst/ https://ehimesasurai3.blogspot.com/2024/12/blog-post_23.html https://mrs.living.jp/ehime/town_gourmet/reporter/5246076
osm-n2306396513,さくら食堂,瀬戸内塩つけ麺の中太・ちぢれ麺を確認。同名県外店舗の情報は除外。鶏出汁は推測のため保留。 保留項目：Character（確定できる記述なし）。 更新前タグ：Style=ラーメン / Soup=塩｜魚介 / Noodle= / Character=。 2026-10-09調査。食べログの料理メニューは一部閲覧不可。根拠・確認先：https://tabelog.com/ehime/A3801/A380101/38008041/dtlrvwlst/B412675692/ メニュー確認先：https://tabelog.com/ehime/A3801/A380101/38008041/dtlmenu/
osm-n2308403680,りょう花 フライブルク店,当店料理メニュー掲載の塩・塩つけ麺・味噌・期間限定すだちを反映。丸鶏・昆布・煮干し・うるめ・さば節、自家製麺の説明あり。濃厚は味噌のコク、あっさりはすだち。平麺はタグ追加せず、麺の太さと旧鶏白湯メニューの現行提供は保留。 2026-10-09調査。根拠・確認先：https://tabelog.com/ehime/A3801/A380101/38007009/dtlmenu/ 食べログメニュー確認先：https://tabelog.com/ehime/A3801/A380101/38007009/dtlmenu/（一部ページ閲覧不可のため口コミ・公式情報で補完）。 更新前タグ：Style=ラーメン｜つけ麺｜油そば / Soup=塩｜節｜味噌｜煮干し｜魚介｜鶏｜柑橘 / Noodle= / Character=。
osm-n2385772454,食堂はなみずきごはんや,食べログ料理メニューは開けたがラーメン類の記載を確認できず保留。記載なしのみではラーメン無しと判定しない。 保留項目：Style・Soup・Noodle・Character（確定できる記述なし）。 更新前タグ：Style=中華そば / Soup=醤油 / Noodle= / Character=。 2026-10-09調査。食べログの料理メニューは一部閲覧不可。根拠・確認先：https://tabelog.com/ehime/A3801/A380101/38004763/ メニュー確認先：https://tabelog.com/ehime/A3801/A380101/38004763/dtlmenu/
osm-n2385956566,来来亭,"【タグ調査 2026-10-09】和泉北1-7-5の支店として照合。店舗メニューに味噌・塩・旨辛麺・まぜそば・担担麺・カレー。通常は鶏ガラ醤油に背脂、こってりも選択可。保留：担担麺の胡麻とこってりの豚骨配合。夏季冷麺は現行提供未確認。
根拠URL：https://tabelog.com/ehime/A3801/A380101/38008968/ | https://hitosara.com/0004026400/food.html | https://ehimesasurai3.blogspot.com/2025/02/blog-post_8.html | https://ameblo.jp/cafeblogehime/entry-12901468870.html"
osm-n2385960074,チャイナハウスすけろく 小栗店,2026-10-09 タグ再調査：小栗店メニュー欄・実食で汁なし担々麺、すけろくラーメンの醤油餡かけ・細ウェーブ麺。料理名に夏野菜のサラダ冷麺。豚骨は当支店根拠不足で外す。出汁材料・Character保留。 根拠URL：https://tabelog.com/ehime/A3801/A380101/38009925/dtlmenu/photo/ ; https://tabelog.com/ehime/A3801/A380101/38009925/dtlrvwlst/B259304703/?type=0 ; https://map.yahoo.co.jp/v3/place/oupyb92_Eis/menu
osm-n2386739845,らーめん工房りょう花松前店,当店料理メニュー掲載の塩・塩つけ麺・味噌・期間限定すだちを反映。丸鶏・昆布・煮干し・うるめ・さば節、自家製麺の説明あり。濃厚は味噌のコク、あっさりはすだち。平麺はタグ追加せず、麺の太さと旧鶏白湯メニューの現行提供は保留。 2026-10-09調査。根拠・確認先：https://tabelog.com/ehime/A3801/A380103/38005398/dtlmenu/ 食べログメニュー確認先：https://tabelog.com/ehime/A3801/A380103/38005398/dtlmenu/（一部ページ閲覧不可のため口コミ・公式情報で補完）。 更新前タグ：Style=ラーメン｜つけ麺｜油そば / Soup=塩｜節｜味噌｜煮干し｜魚介｜鶏｜柑橘 / Noodle= / Character=。
osm-n2386756946,豚太郎松前店,当店口コミのメニュー列挙と鶏豚骨ベース・あっさり醤油を反映。冷麺は訪問当時の記述で現行提供未確認。 保留項目：Noodle（具体的記述を確認できず）。 2026-10-09調査。根拠・確認先：https://tabelog.com/ehime/A3801/A380103/38000195/dtlrvwlst/B17766308/ 食べログメニュー確認先：https://tabelog.com/ehime/A3801/A380103/38000195/dtlmenu/（一部ページ閲覧不可のため口コミ・公式情報で補完）。 更新前タグ：Style=ラーメン / Soup=味噌｜塩｜醤油｜カレー / Noodle= / Character=。
osm-n2387958471,ラーメン 一興 鷹子店,【タグ調査 2026-10-08】当店の食べログで台湾まぜそば、伊予路のみそつけ麺、豚しゃぶつけ麺。店舗メニューに醤油も掲載。自家製玉子麺は細・中太・平麺を使い分け、平打ちはタグ化しない。こってりこく味は香油と辛みそ。鷹子店の豚しゃぶつけ麺は豚骨出汁で、立花・久万ノ台の鶏出汁を混ぜない。 根拠：https://tabelog.com/ehime/A3801/A380101/38011853/ https://korepano.jp/web/ikkou-takanoko/ https://www.city-matsuyama.com/%E4%B8%80%E8%88%88%E7%A0%A5%E9%83%A8%E5%BA%97-%E9%B7%B9%E5%AD%90%E5%BA%97/ https://ehime-epuri.jp/65081 https://tabelog.com/ehime/A3801/A380101/38011853/dtlrvwlst/
osm-n2441099695,こだわりラーメン海鮮とんこつ家,【タグ保留】店舗照合：CSVの北土居5-17-12と食べログの越智町296-2は住所表記が異なる。同一店の旧名であることは食べログで確認できるが、所在地の対応は要確認。Soup：醤油は旧店名時代の情報のみで現行未確認のため外す。【タグ調査 2026-10-08】元CSVの食べログは旧名の掲載を引き継ぐ現店名オサカナトンチャン（旧名：海鮮とんこつ家）。現店の魚介とんこつ塩は細縮れ麺でクリーミー。魚介豚骨つけ麺、中華そば、まぜそばも実食で確認。旧店名時代の太縮れ・海老蟹風味は現行の根拠にせず未付与。店名列は保持。 根拠：https://tabelog.com/ehime/A3801/A380101/38001078/ https://tabelog.com/ehime/A3801/A380101/38001078/dtlrvwlst/ https://tabelog.com/keywords/%E9%86%A4%E6%B2%B9%E3%81%A8%E3%82%93%E3%81%93%E3%81%A4/ehime/A3801/A380101/kwdLst/
osm-n2441105205,中華つけ麺大王,"【タグ調査 2026-10-08】北土居5-16-29の「中華飯店 大王 石井店」と照合。食べログメニュー・口コミと2026年取材に、つけ麺・油そば・ちゃんぽん。つけ汁醤油、味噌バターの口コミ、油そばの中太麺・ニンニクと小豆島醤油を確認。保留：動物系出汁・麺種ごとの幅、濃厚／こってり等の判定。東京の同名チェーンは参照しない。
根拠URL：https://tabelog.com/ehime/A3801/A380101/38005160/dtlmenu/photo/ | https://tabelog.com/ehime/A3801/A380101/38005160/dtlrvwlst/B534486071/ | https://ehime-epuri.jp/52575 | https://ehime-epuri.jp/76671 | https://www.e-komachi.com/gourmet/3385_20231009/ | https://map.yahoo.co.jp/v3/place/RgKsrhQw5xo/review/YWZZHqMcTByxRifF2LbF6A"
osm-n4593625390,豚太郎砥部店,当店味噌口コミの中太麺、冷麺実食記事を確認。冷麺記事は旧情報で現行提供は保留。濃い味付けのみでは濃厚と断定しない。 保留項目：Character（具体的記述を確認できず）。 2026-10-09調査。根拠・確認先：https://tabelog.com/ehime/A3801/A380103/38005434/dtlrvwlst/B445654183/ ; https://ameblo.jp/bamboo-design/entry-10622321585.html 食べログメニュー確認先：https://tabelog.com/ehime/A3801/A380103/38005434/dtlmenu/（一部ページ閲覧不可のため口コミ・公式情報で補完）。 更新前タグ：Style=ラーメン / Soup=味噌｜塩｜醤油 / Noodle= / Character=。
osm-n5266225899,多賀屋食堂,当該住所の取材記事に出汁・中細の自家製麺を明記。 更新前タグ：Style=中華そば / Soup= / Noodle= / Character=。 2026-10-09調査。食べログの料理メニューは一部閲覧不可。根拠・確認先：https://ehime-epuri.jp/66229 メニュー確認先：https://tabelog.com/ehime/A3802/A380203/38004429/dtlmenu/
osm-n5907316483,豚太郎北条店,当店味噌にんにく・カレーの実食記述。中太麺の口コミを反映。カレーの麺は中細〜中太の幅がある。 2026-10-09調査。根拠・確認先：https://tabelog.com/ehime/A3801/A380101/38009011/dtlrvwlst/B503306099/ ; https://map.yahoo.co.jp/v3/place/sUN1Se0DQ4U/review/vn5rqpuwQfu5V9QqdrYF4w ; https://tabelog.com/ehime/A3801/A380101/38009011/dtlrvwlst/B24630322/?type=0 食べログメニュー確認先：https://tabelog.com/ehime/A3801/A380101/38009011/dtlmenu/（一部ページ閲覧不可のため口コミ・公式情報で補完）。 更新前タグ：Style=ラーメン / Soup=味噌｜塩｜醤油 / Noodle= / Character=。
osm-n6363720469,豚太郎 久米店,当店味噌ラーメンの記述のみ確認。他の味と出汁・麺は保留。 保留項目：Noodle・Character（具体的記述を確認できず）。 2026-10-09調査。根拠・確認先：https://tabelog.com/ehime/A3801/A380101/38006618/ 食べログメニュー確認先：https://tabelog.com/ehime/A3801/A380101/38006618/dtlmenu/（一部ページ閲覧不可のため口コミ・公式情報で補完）。 更新前タグ：Style=ラーメン / Soup=味噌｜塩｜醤油｜カレー / Noodle= / Character=。
osm-n6980180437,さんわ,伯方の塩ラーメンを確認。店舗紹介で鶏ガラ・豚骨・小魚干物の出汁。細ストレート麺、透明なスープ。旧煮干しは本店での明示確認未了のため魚介まで。 タグ調査：2026-10-08。出典：https://tabelog.com/ehime/A3802/A380201/38001018/dtlrvwlst/B345359126/ https://www.mapple.net/spot/38001047/ https://oising.jp/sanwa/
osm-n7023064536,三和食堂,観光公式で鶏ガラ・かつお・昆布、口コミであっさりを確認。麺の太さは表現が揺れるため保留。 保留項目：Noodle（具体的記述を確認できず）。 2026-10-09調査。根拠・確認先：https://cycling-ehime.com/gourmet/05/ ; https://tabelog.com/ehime/A3803/A380302/38008286/dtlrvwlst/B523996097/?type=0 食べログメニュー確認先：https://tabelog.com/ehime/A3803/A380302/38008286/dtlmenu/（一部ページ閲覧不可のため口コミ・公式情報で補完）。
osm-n7023076989,どーや食堂,当該店の鶏ガラ・太めの中華麺の記述。 保留項目：Character（確定できる記述なし）。 更新前タグ：Style=ちゃんぽん｜ラーメン / Soup= / Noodle= / Character=。 2026-10-09調査。食べログの料理メニューは一部閲覧不可。根拠・確認先：https://map.yahoo.co.jp/v3/place/-qWupTACNJM/review メニュー確認先：https://tabelog.com/ehime/A3803/A380302/38010080/dtlmenu/
osm-n7023212929,ロンドン,2026-10-09 タグ再調査：食べログ料理メニューにちゃんぽん。店舗紹介に鶏ガラと薄口醤油、店舗実食に中太丸麺とあっさりスープ。既存太麺は具体記述に合わせ中太麺へ。保留：魚介・煮干しなどは八幡浜全体の説明から当店へ推定しない。 根拠URL：https://tabelog.com/ehime/A3803/A380302/38001147/dtlmenu/ ; https://www.mapple.net/spot/38010921/ ; https://ameblo.jp/edge-1967/entry-12804494886.html ; https://ameblo.jp/a-takeshita/entry-12359487739.html
osm-n7023308270,清家食堂,料理メニューと取材でちゃんぽんを確認。うどんのダシ使用との取材記述はあるが原材料不明。一般的な八幡浜の説明を当店出汁に転用しない。 保留項目：Soup・Noodle・Character（具体的記述を確認できず）。 2026-10-09調査。根拠・確認先：https://tabelog.com/ehime/A3803/A380302/38005148/dtlmenu/ ; https://ehime-epuri.jp/65784 食べログメニュー確認先：https://tabelog.com/ehime/A3803/A380302/38005148/dtlmenu/（一部ページ閲覧不可のため口コミ・公式情報で補完）。 更新前タグ：Style=ちゃんぽん / Soup= / Noodle= / Character=。
osm-n8202430157,喜多方ラーメン 麺小町 今治店,【タグ保留】Characterと担々麺の出汁詳細未確認。中太縮れ麺。塩つけ麺の鶏・豚・魚介・野菜出汁は口コミ。冷やしは2026年季節メニュー。旧味噌・海老は現行提供根拠未確認のため除外。 タグ調査：2026-10-08。出典：https://tabelog.com/ehime/A3802/A380201/38005437/ https://imabari.keizai.biz/column/9/ https://r.gnavi.co.jp/js13rsys0000/ https://miton-imabari.jp/kitakataramen-coldramen2026/
osm-n8204027599,ごくうs,2026-10-09 タグ再調査：訪問記録で塩ラーメンは細め・ほぼストレート・あっさり、2025年夏季限定の冷やしラーメンは醤油。鶏ガラ/魚介は筆者の推測表現のため保留。緩やかなウェーブほぼストレートをちぢれ麺と断定しない。287行と同一店舗。 根拠URL：https://tabelog.com/ehime/A3802/A380201/38000155/dtlmenu/photo/ ; https://plaza.rakuten.co.jp/irome/diary/201812010001/ ; https://plaza.rakuten.co.jp/irome/diary/202507250000/
osm-n8226539068,辛麺屋 桝元,【タグ保留】Soup・Noodleの太さ・にんにくの当店個別根拠未確認。辛麺と中華麺／韓国麺などの選択を当店口コミで確認。チェーン本部のメニューを当店の提供と断定しない。 タグ調査：2026-10-08。出典：https://tabelog.com/ehime/A3802/A380201/38012932/ https://www.karamenya-masumoto.com/
osm-n8236246319,公園堂食堂,魚介塩味・中細麺の写真説明を確認。鶏出汁は口コミ間で解釈が異なるため保留。 更新前タグ：Style=中華そば / Soup=魚介 / Noodle= / Character=あっさり。 2026-10-09調査。食べログの料理メニューは一部閲覧不可。根拠・確認先：https://tabelog.com/ehime/A3802/A380201/38006246/dtlphotolst/smp2/ メニュー確認先：https://tabelog.com/ehime/A3802/A380201/38006246/dtlmenu/
osm-n8236301077,かねと食堂,カレー中華そば・いりこ醤油・中細麺を確認。 更新前タグ：Style=中華そば / Soup=カレー / Noodle= / Character=。 2026-10-09調査。食べログの料理メニューは一部閲覧不可。根拠・確認先：https://tabelog.com/ehime/A3802/A380201/38000824/dtlrvwlst/B111745506/ メニュー確認先：https://tabelog.com/ehime/A3802/A380201/38000824/dtlmenu/
osm-n8244379251,源氏車,"【タグ調査 2026-10-08】食べログ料理メニューに中華そば・辛醤中華そば・まぜそば。口コミで魚介豚骨つけ麺・太麺、まぜそばのニンニク注文を確認。保留：自家製麺。ブログの自家製表記と製麺所の取引店掲載・特注麺記述があるため、現行製造主体を確定しない。
根拠URL：https://tabelog.com/ehime/A3801/A380101/38006437/dtlmenu/ | https://tabelog.com/ehime/A3801/A380101/38006437/dtlrvwlst/ | https://ameblo.jp/cafeblogehime/entry-12875781417.html | https://soupparty.co.jp/"
osm-n8252622178,ラーメンショップ 市場店,当店豚骨醤油・味噌・つけ麺の記述。麺は細・中細が混在するため太さ保留。 保留項目：Noodle・Character（具体的記述を確認できず）。 2026-10-09調査。根拠・確認先：https://tabelog.com/ehime/A3802/A380201/38007612/dtlrvwlst/?type=0 ; https://retty.me/area/PRE38/ARE232/SUB23201/100000636719/ ; https://tabelog.com/ehime/A3802/A380201/38007612/dtlrvwlst/B111745986/ 食べログメニュー確認先：https://tabelog.com/ehime/A3802/A380201/38007612/dtlmenu/（一部ページ閲覧不可のため口コミ・公式情報で補完）。 更新前タグ：Style=ラーメン / Soup=醤油｜豚骨 / Noodle= / Character=背脂。
osm-n8252656518,麺食堂 とまと,醤油味とあっさりを確認。鶏・豚骨は「と思われる」のため保留。細麺と中細麺の記述差があるため麺径保留。汁なしラーメンはまぜそばに対応。 保留項目：Noodle（確定できる記述なし）。 更新前タグ：Style=ラーメン / Soup= / Noodle= / Character=。 2026-10-09調査。食べログの料理メニューは一部閲覧不可。根拠・確認先：https://plaza.rakuten.co.jp/irome/diary/202511200000/ メニュー確認先：https://tabelog.com/ehime/A3802/A380201/38004745/dtlmenu/ 補完URL：https://tabelog.com/ehime/A3802/A380201/38004745/dtlrvwlst/ ; https://miton-imabari.jp/tomato-higashimoncho/
osm-n8254952344,檜垣食堂,中華そばの注文記録を確認。 保留項目：Soup・Noodle・Character（確定できる記述なし）。 更新前タグ：Style=ラーメン / Soup= / Noodle= / Character=。 2026-10-09調査。食べログの料理メニューは一部閲覧不可。根拠・確認先：https://tabelog.com/ehime/A3802/A380201/38007845/dtlrvwlst/B118690429/ メニュー確認先：https://tabelog.com/ehime/A3802/A380201/38007845/dtlmenu/
osm-n8256307943,生香楼,2026-10-09 タグ再調査：2025年の訪問口コミでラーメン・醤油スープ・中太麺を確認。過去の中細麺との記載は時期が異なるため併記せず。出汁素材・自家製麺・味の特徴は裏付け不足で保留。 根拠URL：https://tabelog.com/ehime/A3802/A380201/38010191/dtlmenu/photo/ ; https://map.yahoo.co.jp/v3/place/Eqv8VlYN3EE/review/sYNDjTYJRm2PXaBMAGtu4g
osm-n8256470931,麺屋 武吉,【タグ保留】ラーメン／塩味の現行提供とまぜそばの個別メニュー未確認。既存まぜそばはジャンル名だけでは確認できず除外。近年の口コミでつけ麺・カレー味、太めの麺、唐辛子の辛さ、鰹の割スープを確認。中太は別のつけ麺口コミ、こってり醤油は過去の注文名。提供変更の可能性あり。 タグ調査：2026-10-08。出典：https://tabelog.com/ehime/A3802/A380201/38001449/ https://tabelog.com/ehime/A3802/A380201/38001449/dtlrvwlst/B526940480/ https://tabelog.com/ehime/A3802/A380201/38001449/dtlrvwlst/B116027484/ https://tabelog.com/ehime/A3802/A380201/38001449/dtlrvwlst/B111244001/
osm-n8257953286,翔龍,2026-10-09 タグ再調査：食べログメニュー欄と日替わりランチ口コミにあっさり醤油ラーメン。2025年冷麺の実食記載も確認。出汁材料と麺の太さ・製法は不明で保留。 根拠URL：https://tabelog.com/ehime/A3802/A380201/38012830/dtlmenu/photo/ ; https://tabelog.com/ehime/A3802/A380201/38012830/dtlrvwlst/B522996053/ ; https://tabelog.com/ehime/A3802/A380201/38012830/dtlrvwlst/
osm-n8267499637,重松飯店,2026-10-09 タグ再調査：投稿メニュー・訪問口コミでラーメン、チャンポンを確認。2026年口コミの中細ストレート・澄んだスープと他口コミの薄味醤油/あっさりを採用。出汁素材とちゃんぽんの麺仕様は未確認。口コミ上の一般的呼称だけで中華そばは追加しない。 根拠URL：https://tabelog.com/ehime/A3802/A380201/38000101/dtlmenu/photo/ ; https://map.yahoo.co.jp/v3/place/rUi15SEfMYc/review/ZdJ5-C5lS3CQZndpaYv_sg ; https://tabelog.com/ehime/A3802/A380201/38000101/dtlrvwlst/B425018906/ ; https://www.hotpepper.jp/strJ000544827/report/
osm-n8288823645,にじいろ食堂,冷やしラーメンのゴマ味の記述を確認。 保留項目：Noodle（確定できる記述なし）。 更新前タグ：Style=ラーメン｜冷やし / Soup= / Noodle= / Character=。 2026-10-09調査。食べログの料理メニューは一部閲覧不可。根拠・確認先：https://tabelog.com/ehime/A3802/A380201/38007618/dtlrvwlst/B529480497/ メニュー確認先：https://tabelog.com/ehime/A3802/A380201/38007618/dtlmenu/
osm-n8288889733,骨太味覚 桜井店,【タグ保留】濃厚・にんにくの個別根拠未確認のため旧タグから除外。背脂豚骨・こってり・太麺は口コミで確認。 タグ調査：2026-10-08。出典：https://tabelog.com/ehime/A3802/A380201/38010742/ https://map.yahoo.co.jp/v3/place/r3BqQ8Gt_7E/menu?filter=menu https://www.ekiten.jp/shop_7059659/
osm-n8292222174,ときわ食堂,中華そばとあっさりの口コミを確認。 保留項目：Soup・Noodle（確定できる記述なし）。 更新前タグ：Style=ラーメン / Soup= / Noodle= / Character=。 2026-10-09調査。食べログの料理メニューは一部閲覧不可。根拠・確認先：https://tabelog.com/ehime/A3802/A380201/38003862/dtlrvwlst/?trailing_slash=true&type=0 メニュー確認先：https://tabelog.com/ehime/A3802/A380201/38003862/dtlmenu/
osm-n8292616460,福寿園,2026-10-09 タグ再調査：食べログメニュー写真一覧と口コミを確認したが、メニュー画像の文字とラーメンの出汁・麺の太さ・特徴を確証できずSoup/Noodle/Character保留。冷めんは検索表示と取得後の口コミ本文が一致しないため追加保留。 根拠URL：https://tabelog.com/ehime/A3802/A380201/38007139/dtlmenu/photo/ ; https://tabelog.com/ehime/A3802/A380201/38007139/dtlmenu/photo/ ; https://tabelog.com/ehime/A3802/A380201/38007139/dtlrvwlst/
osm-n8314578551,中華料理 福龍,2026-10-09 タグ再調査：地域訪問記事のメニュー名中華そばと店舗口コミのチャンポンを確認。食べログ口コミのやや細い中太ストレートを採用。鶏ガラは二次サイトの説明しかなく、出汁・味付け・特徴は保留。 根拠URL：https://tabelog.com/ehime/A3802/A380201/38001695/dtlmenu/photo/ ; https://imabari-saijo.goguynet.jp/2024/08/13/hukuryuu/ ; https://map.yahoo.co.jp/v3/place/5al2zSL-TrA/review ; https://tabelog.com/ehime/A3802/A380201/38001695/dtlrvwlst/
osm-n8315503581,白龍,2026-10-09 タグ再調査：295行の白龍と店名・住所・食べログIDが一致する重複行。同店メニューの老麺・ミソ・カレー・チャンポン・夏期冷しそば、鶏ガラのもつラーメンと中細手もみウェーブ麺を既確認資料で照合。豚骨は確実な記載がなく保留。 根拠URL：https://tabelog.com/ehime/A3802/A380201/38000991/dtlmenu/photo/ ; https://tabelog.com/ehime/A3802/A380201/38000991/dtlmenu/ ; https://plaza.rakuten.co.jp/irome/diary/202409160000/ ; https://tabelog.com/ehime/A3802/A380201/38000991/dtlrvwlst/B433834578/?type=0
osm-n8315503592,中華そば 阿部,中華そば・塩・味噌・冷し中華の提供を当店の口コミとメニュー紹介で確認。中華そばは鶏ガラ＋魚介の醤油味、中細で軽いウェーブのある麺。胡麻は冷し中華のタレ、辛いは唐辛子の効いた味噌らーめんに対応。冷し中華は2026年5月の口コミでも確認。 タグ調査：2026-10-08。出典：https://tabelog.com/ehime/A3802/A380201/38007053/dtlrvwlst/B111745727/ https://miton-imabari.jp/abe-gohonmachi/ https://www.instagram.com/p/DIRFnV0zqyQ/
osm-n8323931369,歌町,2026-10-09 タグ再調査：2026年4月訪問記録でメニュー名は中華そば・味玉中華そば、麺は細めほぼストレート、鶏ガラベースの透き通ったあっさり醤油。独立したラーメン名は確認できず中華そばのみ。自家製麺・ちぢれ麺は保留。 根拠URL：https://tabelog.com/ehime/A3802/A380201/38007014/dtlmenu/photo/ ; https://plaza.rakuten.co.jp/irome/diary/202604130000/
osm-n8430959261,麺屋 田所商店 西条店,2026-10-09 タグ再調査：北海道・江戸前・信州味噌を公式店舗情報で確認。店舗口コミに中太ちぢれ麺。保留：豚骨等の出汁材料は当店の記述を確認できず、既存の豚骨を外した。 根拠URL：https://misoya.net/store/tadokoro-saijo-2/ ; https://tabelog.com/ehime/A3802/A380202/38011881/dtlrvwlst/B296146065/ ; https://suketaroh.com/tadokoroshoten-saijo-ramen/
osm-n9718648379,愛南市場食堂,2026-10-09 タグ再調査：現店舗のメニュー・料理記事を確認したが麺商品の具体的商品名を確定できずStyle/Soup/Noodle/Character全項目保留。魚料理の素材をラーメン出汁へ転用しない。 根拠URL：https://tabelog.com/ehime/A3804/A380404/38007391/dtlmenu/photo/ ; https://tabelog.com/ehime/A3804/A380404/38007391/dtlmenu/
osm-w1168234816,味源,2026-10-09 タグ再調査：食べログメニュー写真欄と同住所店舗の醤油ラーメン表記、地域編集記事の四川ラーメンの辛さを確認。出汁材料、麺の太さ・製法は記載不足で保留。 根拠URL：https://tabelog.com/ehime/A3802/A380204/38009472/dtlmenu/photo/ ; https://map.yahoo.co.jp/v3/place/B3pfGw0Gi8E/menu ; https://shikokuchuo.mypl.net/article/lunch_shikokuchuo/84932
osm-w1272055841,新居浜昭和通り食堂,当該店舗の公開情報を検索したが、メニューのラーメン詳細と出汁・麺・特徴の明記を再確認できず保留。 保留項目：Style・Soup・Noodle・Character（確定できる記述なし）。 更新前タグ：Style=中華そば / Soup=醤油 / Noodle= / Character=。 2026-10-09調査。食べログの料理メニューは一部閲覧不可。根拠・確認先：https://tabelog.com/ehime/A3802/A380203/38004932/ メニュー確認先：https://tabelog.com/ehime/A3802/A380203/38004932/dtlmenu/
osm-w1272396756,丸源ラーメン,当店メニュー検索と丸源公式の現行メニューで肉そば・醤油豚骨・塩・味噌・つけ麺・油そば・辛肉そばを確認。自家製麺は店舗製麺と断定できず保留。商品別の麺太さは保留。 保留項目：Noodle（具体的記述を確認できず）。 2026-10-09調査。根拠・確認先：https://www.syodai-marugen.jp/menu ; https://tabelog.com/ehime/A3802/A380203/38013710/ 食べログメニュー確認先：https://tabelog.com/ehime/A3802/A380203/38013710/dtlmenu/（一部ページ閲覧不可のため口コミ・公式情報で補完）。 更新前タグ：Style=ラーメン / Soup=醤油 / Noodle= / Character=。
osm-w1307422631,北京飯店,2026-10-09 タグ再調査：店舗口コミにみそラーメン。メニュー写真の詳細取得が不十分で、他の味・出汁材料・麺太さ・Character保留。同名の県外店舗は使用しない。 根拠URL：https://tabelog.com/ehime/A3801/A380101/38001207/dtlmenu/photo/ ; https://map.yahoo.co.jp/v3/place/AF3Zjkz9kDg/review ; https://korepano.jp/web/pekin-hanten/
osm-w1434978177,ラーメンショップ R56店,当店ラーメンメニューを確認。検索で他店や複数店記事が混在し、出汁・麺・背脂を当店に帰属できず保留。 保留項目：Soup・Noodle・Character（具体的記述を確認できず）。 2026-10-09調査。根拠・確認先：https://www.ekiten.jp/shop_2217984/ ; https://tabelog.com/ehime/A3801/A380103/38000316/ 食べログメニュー確認先：https://tabelog.com/ehime/A3801/A380103/38000316/dtlmenu/（一部ページ閲覧不可のため口コミ・公式情報で補完）。 更新前タグ：Style=ラーメン / Soup=醤油｜豚骨 / Noodle= / Character=背脂。
osm-w1434979125,ラーメンショップ 11号バイパス店,当店口コミで細麺・あっさりを確認。出汁内訳、背脂は保留。 保留項目：Soup（具体的記述を確認できず）。 2026-10-09調査。根拠・確認先：https://tabelog.com/ehime/A3801/A380102/38007814/dtlrvwlst/ ; https://tabelog.com/ehime/A3801/A380102/38007814/dtlrvwlst/?type=0 食べログメニュー確認先：https://tabelog.com/ehime/A3801/A380102/38007814/dtlmenu/（一部ページ閲覧不可のため口コミ・公式情報で補完）。 更新前タグ：Style=ラーメン / Soup=醤油｜豚骨 / Noodle= / Character=背脂。
osm-w1434979126,ラーメンショップ 川内店,当店口コミで味噌、細目ストレート、あっさり。つけ麺は店舗ジャンルで確認。基本出汁と背脂は明記不足。 2026-10-09調査。根拠・確認先：https://map.yahoo.co.jp/v3/place/SSylqLSw2jA/review ; https://meruma2018.livedoor.blog/archives/36735273.html ; https://tabelog.com/ehime/A3801/A380102/38010368/ 食べログメニュー確認先：https://tabelog.com/ehime/A3801/A380102/38010368/dtlmenu/（一部ページ閲覧不可のため口コミ・公式情報で補完）。 更新前タグ：Style=ラーメン / Soup=醤油｜豚骨 / Noodle= / Character=背脂。
osm-w1434979127,ラーメンショップ 東予店,当店ホットペッパー口コミで中細ストレートを確認。出汁内訳・背脂は保留。 保留項目：Soup・Character（具体的記述を確認できず）。 2026-10-09調査。根拠・確認先：https://www.hotpepper.jp/strJ000545540/report/detail_om0000573591_rn20140204C03154/ 食べログメニュー確認先：https://tabelog.com/ehime/A3802/A380202/38001282/dtlmenu/（一部ページ閲覧不可のため口コミ・公式情報で補完）。 更新前タグ：Style=ラーメン / Soup=醤油｜豚骨 / Noodle= / Character=背脂。
osm-w1434979128,ラーメンショップ 西条東店,当店の味噌つけ麺の口コミを確認。出汁・麺・背脂は明記不足。 保留項目：Noodle・Character（具体的記述を確認できず）。 2026-10-09調査。根拠・確認先：https://tabelog.com/ehime/A3802/A380202/38010783/dtlrvwlst/ 食べログメニュー確認先：https://tabelog.com/ehime/A3802/A380202/38010783/dtlmenu/（一部ページ閲覧不可のため口コミ・公式情報で補完）。 更新前タグ：Style=ラーメン / Soup=醤油｜豚骨 / Noodle= / Character=背脂。
osm-w1434979129,ラーメンショップ 三島店,当店口コミとRDBで豚骨醤油・味噌を確認。濃厚・薄め、ちぢれ・ストレートの相反記述があり麺と特徴は保留。 保留項目：Noodle・Character（具体的記述を確認できず）。 2026-10-09調査。根拠・確認先：https://tabelog.com/ehime/A3802/A380204/38010360/dtlrvwlst/?type=0 ; https://map.yahoo.co.jp/v3/place/NddzJXHfaAk/review ; https://ramendb.supleks.jp/s/73475/review 食べログメニュー確認先：https://tabelog.com/ehime/A3802/A380204/38010360/dtlmenu/（一部ページ閲覧不可のため口コミ・公式情報で補完）。 更新前タグ：Style=ラーメン / Soup=醤油｜豚骨 / Noodle= / Character=背脂。
osm-w1442586905,りょう花 新居浜店,当店料理メニュー掲載の塩・塩つけ麺・味噌・期間限定すだちを反映。丸鶏・昆布・煮干し・うるめ・さば節、自家製麺の説明あり。濃厚は味噌のコク、あっさりはすだち。平麺はタグ追加せず、麺の太さと旧鶏白湯メニューの現行提供は保留。 2026-10-09調査。根拠・確認先：https://tabelog.com/ehime/A3802/A380203/38008718/dtlmenu/ 食べログメニュー確認先：https://tabelog.com/ehime/A3802/A380203/38008718/dtlmenu/（一部ページ閲覧不可のため口コミ・公式情報で補完）。 更新前タグ：Style=ラーメン｜つけ麺｜油そば / Soup=塩｜節｜味噌｜煮干し｜魚介｜鶏｜柑橘 / Noodle= / Character=。
osm-w1451130602,蓬莱閣,2026-10-09 タグ再調査：朔日市の店舗口コミに担々麺、市の紹介に半ラーメンセット。当該店の出汁材料・麺・具体的辛さは確定できず保留。他支店の内容を転用しない。 根拠URL：https://tabelog.com/ehime/A3802/A380202/38016571/dtlmenu/photo/ ; https://tabelog.com/ehime/A3802/A380202/38016571/ ; https://x.com/love_saijo/status/2022145635064086544 ; https://www.instagram.com/houraikaku/
osm-w1495311508,若水飯店,2026-10-09 タグ再調査：食べログメニュー欄・同店実食に豚骨醤油ラーメン、中太麺、ちゃんぽん・冷麺の記載。旧味噌の提供根拠は今回確証できず保留。麺の製法・Character・その他出汁は明記不足。 根拠URL：https://tabelog.com/ehime/A3801/A380101/38002804/dtlmenu/photo/ ; https://ameblo.jp/topgun11/entry-12976588650.html ; https://tabelog.com/ehime/A3801/A380101/38002804/dtlrvwlst/B469930643/ ; https://2103center.blog112.fc2.com/blog-entry-1284.html
osm-w1498210928,チャイナハウス すけろく,2026-10-09 タグ再調査：平井店の食べログメニュー欄にとんこつラーメン、すけろくラーメン・冷麺の実食。餡かけスープは確認できるが醤油や動物出汁の店固有根拠は不足。麺太さとCharacterも保留。他支店レビューから転用しない。 根拠URL：https://tabelog.com/ehime/A3801/A380101/38008210/dtlmenu/photo/ ; https://tabelog.com/ehime/A3801/A380101/38008210/dtlrvwlst/B113944971/?type=0 ; https://map.yahoo.co.jp/v3/place/7dWSNdmz7dU/menu
osm-w230964592,天下一品 土居田店,"【タグ調査 2026-10-09】当店の食べログ料理メニューにこってり・屋台の味・あっさり・こってりMAX・味噌・塩。鶏ガラと野菜、当店口コミの細ストレート麺を確認。保留：醤油ダレの明記、麺の中太表記との仕様差。透明感だけで清湯、粘度だけで鶏白湯とは判定しない。
根拠URL：https://tabelog.com/ehime/A3801/A380101/38000335/dtlmenu/ | https://tabelog.com/ehime/A3801/A380101/38000335/dtlrvwlst/B519043946/"
osm-w305044128,ラーメンショップ 銀天街店,料理メニューで味噌・つけ麺、当店実食口コミで豚骨醤油・中細ストレート。背脂の明記は再確認できず保留。 保留項目：Character（具体的記述を確認できず）。 2026-10-09調査。根拠・確認先：https://tabelog.com/ehime/A3801/A380101/38000131/dtlmenu/ ; https://tabelog.com/ehime/A3801/A380101/38000131/dtlrvwlst/B357294859/ 食べログメニュー確認先：https://tabelog.com/ehime/A3801/A380101/38000131/dtlmenu/（一部ページ閲覧不可のため口コミ・公式情報で補完）。 更新前タグ：Style=ラーメン / Soup=醤油｜豚骨 / Noodle= / Character=背脂。
osm-w407607874,天下一品四国中央店,【タグ保留】Style・Soup：食べログの塩・坦々麺は過去メニュー掲載で現行提供は未確認。 【タグ調査 2026-10-08】基本はこってり／あっさり／屋台の味。鶏ガラと十数種の野菜を煮込むこってり白湯、あっさりは透明な醤油。当店実食で中細ストレート確認。味噌・赤んこってりも当店メニューに記載。辛いは赤んこってりに対応。 根拠：https://tabelog.com/ehime/A3802/A380204/38006192/dtlmenu/ https://tabelog.com/ehime/A3802/A380204/38006192/ https://www.hotpepper.jp/strJ000831974/food/
osm-w464219416,丸源ラーメン松山インター店,当店メニュー検索と丸源公式の現行メニューで肉そば・醤油豚骨・塩・味噌・つけ麺・油そば・辛肉そばを確認。自家製麺は店舗製麺と断定できず保留。商品別の麺太さは保留。 保留項目：Noodle（具体的記述を確認できず）。 2026-10-09調査。根拠・確認先：https://www.syodai-marugen.jp/menu ; https://tabelog.com/ehime/A3801/A380101/38009594/ 食べログメニュー確認先：https://tabelog.com/ehime/A3801/A380101/38009594/dtlmenu/（一部ページ閲覧不可のため口コミ・公式情報で補完）。 更新前タグ：Style=ラーメン / Soup=醤油 / Noodle= / Character=。
osm-w525065622,みなと食堂,鶏ガラを確認。太さは太め・中細で相違のため保留。辛いは牛ホルモンそばのみ。 保留項目：Noodle（確定できる記述なし）。 更新前タグ：Style=中華そば / Soup= / Noodle= / Character=。 2026-10-09調査。食べログの料理メニューは一部閲覧不可。根拠・確認先：https://map.yahoo.co.jp/v3/place/wfj6CoKX0u-/review メニュー確認先：https://tabelog.com/ehime/A3801/A380101/38001571/dtlmenu/ 補完URL：https://tabelog.com/ehime/A3801/A380101/38001571/dtlmenu/ ; https://tabelog.com/ehime/A3801/A380101/38001571/dtlrvwlst/B36812813/?type=0
osm-w607355673,ラーメンショップKANTO大洲店,当店名入り投稿で大地の味噌・とんこつラーメンを確認。投稿情報のみで麺と特徴は保留。 保留項目：Noodle・Character（具体的記述を確認できず）。 2026-10-09調査。根拠・確認先：https://search.yahoo.co.jp/realtime/search?ei=UTF-8&fr=lmd_poi&p=%E3%83%A9%E3%83%BC%E3%83%A1%E3%83%B3+%E3%81%B2%E3%82%8D%E3%81%97&save=5 ; https://eats.nowtice.net/s/%EF%BC%AB%EF%BC%A1%EF%BC%AE%EF%BC%B4%EF%BC%AF/ 食べログメニュー確認先：https://tabelog.com/ehime/A3803/A380301/38009610/dtlmenu/（一部ページ閲覧不可のため口コミ・公式情報で補完）。 更新前タグ：Style=ラーメン / Soup=醤油｜豚骨 / Noodle= / Character=背脂。
osm-w612765302,ラーメンショップKANTO 双海店,当店口コミのメニュー列挙と細麺の記述を確認。スープ別の原材料と背脂は保留。 保留項目：Character（具体的記述を確認できず）。 2026-10-09調査。根拠・確認先：https://tabelog.com/ehime/A3801/A380103/38010984/dtlrvwlst/B391275985/?type=0 ; https://tabelog.com/ehime/A3801/A380103/38010984/dtlrvwlst/ 食べログメニュー確認先：https://tabelog.com/ehime/A3801/A380103/38010984/dtlmenu/（一部ページ閲覧不可のため口コミ・公式情報で補完）。 更新前タグ：Style=ラーメン / Soup=醤油｜豚骨 / Noodle= / Character=背脂。
osm-w636158091,大黒屋飯店,2026-10-09 タグ再調査：食べログ料理メニューでラーメン・チャンポン・味噌・各種冷麺、ちゃんぽんの塩/鶏ガラ/豚骨ベース、冷麺のピリ辛を確認。冷しラーメンの醤油は訪問口コミで補完。麺はストレート記述のみで太さ未確認。ごま風味・ゴマ油だけでは胡麻ベース出汁と断定せず。 根拠URL：https://tabelog.com/ehime/A3802/A380201/38000913/dtlmenu/photo/ ; https://tabelog.com/ehime/A3802/A380201/38000913/dtlmenu/ ; https://tabelog.com/ehime/A3802/A380201/38000913/dtlrvwlst/B111745031/
osm-w806282867,白楽天,2026-10-09 タグ再調査：食べログメニュー欄を照合、ラーメンは口コミで醤油味・細めの縮れ麺。チャンポン実食記事も確認。動物・魚介出汁とCharacterは明記なしで保留。 根拠URL：https://tabelog.com/ehime/A3802/A380201/38000122/dtlmenu/photo/ ; https://tabelog.com/ehime/A3802/A380201/38000122/dtlrvwlst/B441709232/ ; https://plaza.rakuten.co.jp/irome/diary/202101220000/
osm-w806293311,豚太郎 今治店,当店味噌・カレーの実食を確認。細・中細・ちぢれの記述が混在するため麺保留。 保留項目：Noodle・Character（具体的記述を確認できず）。 2026-10-09調査。根拠・確認先：https://tabelog.com/ehime/A3802/A380201/38008017/dtlrvwlst/B111746202/?type=0 ; https://tabelog.com/ehime/A3802/A380201/38008017/dtlrvwlst/B525918226/ ; https://tabelog.com/ehime/A3802/A380201/38008017/dtlrvwlst/B513107031/ 更新前タグ：Style=ラーメン / Soup=味噌｜塩｜醤油｜カレー / Noodle= / Character=。
osm-w806303052,武夷山,2026-10-09 タグ再調査：メニュー欄とラーメン口コミを照合。口コミは醤油・鶏ガラのあっさりスープ、ストレート麺。太さ・自家製の説明がなくNoodle保留。 根拠URL：https://tabelog.com/ehime/A3802/A380201/38006934/dtlmenu/photo/ ; https://tabelog.com/ehime/A3802/A380201/38006934/dtlrvwlst/B35250686/
osm-w806314037,桃仙楼,2026-10-09 タグ再調査：現店舗の食べログ口コミで醤油ラーメン・味噌ラーメン・冷麺、2024年訪問記で台湾ラーメンの細め縮れ/醤油/マイルドな辛さ、2026年夏の冷やし中華を確認。旧店舗掲載保留ページと区別。出汁素材・自家製麺は未確認。 根拠URL：https://tabelog.com/ehime/A3802/A380201/38015706/dtlmenu/photo/ ; https://tabelog.com/ehime/A3802/A380201/38015706/dtlrvwlst/B484756778/ ; https://plaza.rakuten.co.jp/irome/diary/202406260000/ ; https://miton-imabari.jp/tosenro-coldramen2026/
osm-w806362857,りょう花 今治店,当店料理メニュー掲載の塩・塩つけ麺・味噌・期間限定すだちを反映。丸鶏・昆布・煮干し・うるめ・さば節、自家製麺の説明あり。濃厚は味噌のコク、あっさりはすだち。平麺はタグ追加せず、麺の太さと旧鶏白湯メニューの現行提供は保留。 2026-10-09調査。根拠・確認先：https://tabelog.com/ehime/A3802/A380201/38000128/dtlmenu/ 食べログメニュー確認先：https://tabelog.com/ehime/A3802/A380201/38000128/dtlmenu/（一部ページ閲覧不可のため口コミ・公式情報で補完）。 更新前タグ：Style=ラーメン｜つけ麺｜油そば / Soup=塩｜節｜味噌｜煮干し｜魚介｜鶏｜柑橘 / Noodle= / Character=。
osm-w806387242,彩鳳,2026-10-09 タグ再調査：店舗口コミで醤油ラーメン、2026年7月訪問記録で新メニューのカレー麻婆麺と辛さを確認。出汁・麺の太さ/形状は未確認。麻婆麺を担々麺として扱わない。 根拠URL：https://tabelog.com/ehime/A3802/A380201/38006547/dtlmenu/photo/ ; https://map.yahoo.co.jp/v3/place/_6mBflRYar2/review?m_from=ppg ; https://plaza.rakuten.co.jp/irome/diary/202607010000/
osm-w806420430,長安,2026-10-09 タグ再調査：288行と住所・食べログURLが同一。登録メニューのラーメン・担々麺・もやしにんにくラーメンを採用。出汁・味付け・麺・担々麺の胡麻/辛さは未確認で保留。 根拠URL：https://tabelog.com/ehime/A3802/A380201/38000104/dtlmenu/photo/ ; https://tabelog.com/ehime/A3802/A380201/38000104/dtlmenu/
osm-w806424880,久留米ラーメン光屋,【タグ保留】今治ラーメンの塩味の明示・現行限定商品を未確認。豚骨呼び戻しの濃厚白濁スープ、細ストレート麺。夏季豚骨つけ麺を食べログで確認。魚介スープは口コミに基づく。 タグ調査：2026-10-08。出典：https://tabelog.com/ehime/A3802/A380201/38005273/ https://www.hotpepper.jp/strJ000792678/ https://home.tsuku2.jp/storeDetail.php?scd=0000142678 https://webdesign-gourmet.com/mitsuya-ramen-imabari
osm-w806460114,ラーメンなる,鶏がら醤油・とんこつ味噌・担々麺を食べログメニューで確認。細麺と優しい豚骨の口コミあり。冷やしは2026年夏メニュー。旧柑橘は出汁・味付けの根拠未確認のため除外。 タグ調査：2026-10-08。出典：https://tabelog.com/ehime/A3802/A380201/38011143/dtlmenu/ https://tabelog.com/ehime/A3802/A380201/38011143/dtlrvwlst/ https://miton-imabari.jp/ramennaru-coldramen2026/
osm-w879605108,蓬莱閣,2026-10-09 タグ再調査：食べログメニュー取得不可。店舗掲載メニューにラーメン・ちゃんぽん、食べログ実食に新韓国風冷麺。出汁・麺の太さ・Character明記不足で保留。古い記事の中華そば・台湾辛口麺は再開後の提供未確認につき追加保留。 根拠URL：https://tabelog.com/ehime/A3802/A380201/38001703/dtlmenu/photo/ ; https://tabelog.com/ehime/A3802/A380201/38001703/dtlmenu/photo/ ; https://www.hotpepper.jp/strJ000552271/food/ ; https://tabelog.com/ehime/A3802/A380201/38001703/dtlrvwlst/B533611959/
osm-w880153168,榕城,2026-10-09 タグ再調査：食べログメニュー写真一覧を確認、ぐるなびの料理名に中華そば（口コミ由来）。Soup/Noodle/Characterは現在店舗の具体的記載が不足し保留。移転前レビューの出汁・麺は転用しない。 根拠URL：https://tabelog.com/ehime/A3802/A380201/38014265/dtlmenu/photo/ ; https://r.gnavi.co.jp/cpfpkx4w0000/
osm-w880914542,揚子江,2026-10-09 タグ再調査：食べログメニュー欄・実食でラーメン、ちゃんぽん、冷やし中華を確認。2024年四川らーめん記事に中細ウェーブ麺・白濁スープ・ラー油の辛さ。記事の豚骨＋鶏ガラは「おそらく」と推測のためSoupには採用せず保留。 根拠URL：https://tabelog.com/ehime/A3802/A380201/38009542/dtlmenu/photo/ ; https://tabelog.com/ehime/A3802/A380201/38009542/dtlrvwlst/ ; https://plaza.rakuten.co.jp/irome/diary/202408140000/
osm-w880917293,ラーメンハウス ミニ鳥生店,【タグ保留】Character未確認。太い手打ち縮れ麺・自家製麺、中華ざるを口コミで確認。既存の味の種類はメニュー網羅の再確認が必要。 タグ調査：2026-10-08。出典：https://tabelog.com/ehime/A3802/A380201/38006548/ https://tabelog.com/ehime/A3802/A380201/38006548/dtlrvwlst/B58494340/ https://imabari.mypl.net/article/tanken_imabari/102210
osm-w881949796,中華そば うまてつ,【タグ保留】セメント系は灰色の説明だけでは濃度まで断定できず除外。中華そば・味噌ラーメン・つけそば・和えそばを店舗掲載メニューで確認。和えそばは混ぜそばと明記。中華そばは鶏ガラ・魚介・香味野菜・干し椎茸。細麺の口コミと、限定煮干しそばの中細麺の口コミがある。柑橘・清湯は冷やしすだちそば、辛いは辛味噌／辛つけそば。冷やしとつけそばは季節限定。 タグ調査：2026-10-08。出典：https://tabelog.com/ehime/A3802/A380201/38012631/dtlmenu/ https://tabelog.com/ehime/A3802/A380201/38012631/ https://tabelog.com/ehime/A3802/A380201/38012631/dtlrvwlst/B532673603/
osm-w884615813,錦海楼,2026-10-09 タグ再調査：食べログメニュー写真一覧と掲載口コミでラーメン、ホットペッパー料理メニューで担々麺を確認。ラーメンはあっさりとの口コミ。出汁・味付け・麺・担々麺の素材や辛さは具体的確認ができず保留。 根拠URL：https://tabelog.com/ehime/A3802/A380201/38000100/dtlmenu/photo/ ; https://www.hotpepper.jp/strJ000545024/food/ ; https://map.yahoo.co.jp/v3/place/8elVQDfJbbY/review
rdb-100266,地鶏白醤油拉麺 鶏真 大街道店,"【タグ調査 2026-10-08】CSV食べログURL38010592は旧掲載。大街道2-1-2に一致する38012139で確認。白醤油鶏スープ・白濁鶏ガラ、煮干し商品、塩だれ油そば・白醤油辛麺、細／太麺・背脂選択。保留：つけ麺の現在の継続提供（実食記事の過去メニュー）、商品別麺・出汁の詳細。自家製油そばという商品名だけでは自家製麺にしない。
根拠URL：https://tabelog.com/ehime/A3801/A380101/38012139/dtlmenu/photo/ | https://tabelog.com/ehime/A3801/A380101/38012139/dtlrvwlst/ | https://tabelog.com/ehime/A3801/A380101/38012139/dtlrvwlst/B349313060/ | https://ehimesasurai.blog.jp/archives/56909028.html"
rdb-100854,中国料理 白龍,2026-10-09 タグ再調査：食べログ登録メニューでラーメン・チャンポン・カレー・ミソ・夏期冷しそば。2024年訪問記のもつラーメンは中細ウェーブ・醤油・辛味、口コミで鶏ガラのあっさりと冷麺の胡麻ベースを確認。豚骨との二次サイト記述は他根拠と一致せず保留。 根拠URL：https://tabelog.com/ehime/A3802/A380201/38000991/dtlmenu/photo/ ; https://tabelog.com/ehime/A3802/A380201/38000991/dtlmenu/ ; https://plaza.rakuten.co.jp/irome/diary/202409160000/ ; https://tabelog.com/ehime/A3802/A380201/38000991/dtlrvwlst/B433834578/?type=0 ; https://tabelog.com/ehime/A3802/A380201/38000991/
rdb-108064,本場中華料理 長楽,2026-10-09 タグ再調査：358行の長楽と同一店舗URL・住所。麻婆ラーメンと特製担々麺の根拠を再利用。出汁・麺太さ・辛さの確証不足によりSoup/Noodle/Character保留。 根拠URL：https://tabelog.com/ehime/A3801/A380101/38001663/dtlmenu/photo/ ; https://ehime-epuri.jp/52572 ; https://retty.me/area/PRE38/ARE145/SUB14501/100000856754/
rdb-109161,万寿,2026-10-09 タグ再調査：355行の中国料理万寿と同一店舗URL・住所。五目あんかけラーメン等と実食記載の醤油スープ・細めの麺。出汁材料・製法・Characterは保留。 根拠URL：https://tabelog.com/ehime/A3801/A380101/38011427/dtlmenu/photo/ ; https://map.yahoo.co.jp/v3/place/DtqtozcnOWw/review ; https://map.yahoo.co.jp/v3/place/DtqtozcnOWw/review/1CH7ECdQQ22ivJu19VH8cA
rdb-109964,麺場 田所商店 新空港通り店,"【タグ調査 2026-10-09】北海道・信州・九州麦味噌と中太ウェーブ麺を確認。保留：当該店の動物系出汁の配合。夏の冷やし担々麺は現在の提供を確認できずタグ未反映。
根拠URL：https://tabelog.com/ehime/A3801/A380101/38012474/ | https://ehime-epuri.jp/69308 | https://tabelog.com/ehime/A3801/A380101/38012474/dtlrvwlst/B525370119/ | https://ehimesasurai.blog.jp/archives/61683816.html"
rdb-110997,辛麺kitchen 彩,"【タグ調査 2026-10-08】住所三番町1-15-1の店舗を照合。店舗配達メニューで辛麺・辛つけ麺・0辛の鶏ガラ説明、2026年取材で中華麺（中・太）・韓国麺（中・細）・うどん。太麺は中華麺の選択肢に対応。保留：醤油等タレ、ニンニクの当店での仕様、中華麺「中」の厳密分類。韓国麺・うどんは種類を備考に残す。
根拠URL：https://tabelog.com/ehime/A3801/A380101/38012749/ | https://ehime-epuri.jp/69897 | https://www.ubereats.com/jp/store/辛麺kitchen-彩/fXlPhIUKQsGpSM5YuVZ9Lw"
rdb-114518,チャイナ大岩 フジグラン松山店,2026-10-09 タグ再調査：食べログメニュー欄とテナント公式に醤油・塩・味噌・野菜らーめん・手作りラー油の担々麺。実食記事にあっさり醤油。野菜は具の説明で出汁根拠ではないため旧野菜タグを外す。動物・魚介出汁と麺太さは保留。 根拠URL：https://tabelog.com/ehime/A3801/A380101/38012694/dtlmenu/photo/ ; https://matsuyama-fuji.com/archives/tenant/103 ; https://ameblo.jp/yoshichyan/entry-12422373271.html
rdb-118036,辛麺屋 桝元 松山店,"【タグ調査 2026-10-08】二番町2-5-45のメニューで辛麺・冷麺、口コミで鶏ガラ醤油とニンニク。2026年取材は鶏ガラ・牛ダシを説明。韓国冷麺用の麺を温かい辛麺にも使うため、麺種だけを根拠に冷やしとはしない（独立した冷麺メニューに対応）。保留：Noodle、牛出汁のタグ分類。
根拠URL：https://tabelog.com/ehime/A3801/A380101/38000349/dtlrvwlst/B524691521/ | https://ehime-epuri.jp/69885 | https://www.e-komachi.com/gourmet/41214_20260205/"
rdb-120587,中華菜飯 愛華,2026-10-09 タグ再調査：食べログメニュー写真ページ取得不可。移転を含む店舗記載は確認したが、ちゃんぽんの明確なメニュー表記・醤油/豚骨出汁・麺を確証できず全タグ保留。ちゃんぽんの様なラーメンという一般記載は料理名の根拠にしない。 根拠URL：https://tabelog.com/ehime/A3801/A380101/38011530/dtlmenu/photo/ ; https://tabelog.com/ehime/A3801/A380101/38011530/ ; https://www.ekiten.jp/shop_10175199/
rdb-121506,餃子の王将 松山南久米店,2026-10-09 タグ再調査：当該店舗の食べログ料理メニューに醤油・塩・みそ・こってりラーメン。登録は2017年で現行の全商品は未確定。出汁材料・麺太さは店舗資料で確証がなく保留。他支店の情報は転用しない。 根拠URL：https://tabelog.com/ehime/A3801/A380101/38010128/dtlmenu/photo/ ; https://tabelog.com/ehime/A3801/A380101/38010128/dtlmenu/
rdb-121960,餃子の王将 パルティ・フジ衣山店,2026-10-09 タグ再調査：当該店舗の食べログ料理メニューに醤油・塩・みそ・こってりラーメン。登録は2017年で現行の全商品は未確定。出汁材料・麺太さは店舗資料で確証がなく保留。他支店の情報は転用しない。 根拠URL：https://tabelog.com/ehime/A3801/A380101/38010596/dtlmenu/photo/ ; https://tabelog.com/ehime/A3801/A380101/38010596/dtlmenu/
rdb-122499,本格中華料理 奉天,2026-10-09 タグ再調査：269行と住所・食べログURLが同一のため同じ根拠を反映。ラーメン・担々麺は確認、出汁・醤油/塩・麺・辛さは具体的な裏付けを得られず保留。同名他店の情報は不採用。 根拠URL：https://tabelog.com/ehime/A3804/A380401/38009107/dtlmenu/photo/ ; https://retty.me/area/PRE38/ARE255/SUB25501/LCAT14/
rdb-124080,中華料理 長安,2026-10-09 タグ再調査：食べログ店舗登録メニューでラーメン・担々麺・もやしにんにくラーメンを確認。出汁・醤油/塩等の味付け・麺・担々麺の胡麻や辛さは具体的説明未確認のため保留。296行も同一店舗。 根拠URL：https://tabelog.com/ehime/A3802/A380201/38000104/dtlmenu/photo/ ; https://tabelog.com/ehime/A3802/A380201/38000104/dtlmenu/
rdb-124183,中華そば 京楽軒,屋台の中華そばを確認。鶏ガラ醤油、あっさり、中細で少し縮れた麺。既調査の「すずえ 京楽軒」と住所・食べログURLが一致し重複候補。行は削除せず同じ根拠でタグを記入。 タグ調査：2026-10-08。出典：https://tabelog.com/ehime/A3802/A380201/38008351/dtlrvwlst/B111746276/
rdb-126548,辛麺kitchen 彩 山西店,"【タグ調査 2026-10-08】山西店の食べログ・店掲載ぐるなびメニューを照合。韓国麺・中華麺・うどん、辛さ選択。公式掲載にあっさりしたスープ、当店口コミにゴロゴロしたニンニク。保留：Soupの出汁素材・タレとNoodleの太さ。他店の仕様は転用しない。
根拠URL：https://tabelog.com/ehime/A3801/A380101/38013439/dtlmenu/photo/ | https://tabelog.com/ehime/A3801/A380101/38013439/dtlrvwlst/ | https://r.gnavi.co.jp/6jck22w10000/menu1/ | https://r.gnavi.co.jp/6jck22w10000/kodawari/"
rdb-126592,拉麺酒場 乙,"【タグ調査 2026-10-09】塩ラーメンの鶏系あっさりスープと細めの麺を実食記事で確認。保留：つけ麺は同所の別営業『広島つけ麺 辛家』と区別が必要なため未反映。現在の麺の仕様の再確認も必要。
根拠URL：https://tabelog.com/ehime/A3801/A380101/38013579/ | https://haisai.jp/top/otsu1/ | https://matsuyama.goguynet.jp/2026/05/27/karaya-2/"
rdb-131622,中華料理 梁山泊 共栄町店,2026-10-09 タグ再調査：食べログ訪問口コミでラーメン・冷麺・カレーラーメン、天津麺のあっさり醤油スープ、麺は中細ストレートに少し縮れと確認。出汁素材・自家製麺は未確認。ジャージャー麺の肉味噌をスープタグへ転用しない。 根拠URL：https://tabelog.com/ehime/A3802/A380201/38002811/dtlmenu/photo/ ; https://tabelog.com/ehime/A3802/A380201/38002811/dtlrvwlst/B111745899/?smp=1&use_type=0 ; https://tabelog.com/ehime/A3802/A380201/38002811/dtlrvwlst/175607934/
rdb-133749,ラーメン源骨,【タグ保留】Style・Soup：冷やし汁なし担々麺と胡麻は夏限定の2026年実食記録で、調査日の提供は未確認。つけ麺にも日による非提供記録あり。 【タグ調査 2026-10-08】食べログで豚骨ラーメン、つけ麺、2026年夏の冷やし汁なし担々麺。担々は濃厚な胡麻、辛味、自家製太麺と明記。豚骨の替玉は細麺、油そばの実食記事は太縮れ。胡麻の濃厚さと豚骨の背脂は別商品に対応。 根拠：https://tabelog.com/ehime/A3801/A380101/38013856/ https://tabelog.com/ehime/A3801/A380101/38013856/dtlrvwlst/B520479803/ https://tabelog.com/ehime/A3801/A380101/38013856/dtlrvwlst/B453855904/ https://matsuyama.goguynet.jp/2022/08/24/genkotsu-2/
rdb-137984,四川料理 龍の子,2026-10-09 タグ再調査：メニュー欄・同店口コミに中華そばと半炒飯セット、細麺担々麺、クリーミーな白胡麻風味と軽い辛み、醤油系の冷麺。白胡麻は口コミ評価に基づく。旧油そばは明確なメニュー表記を確証できず保留。動物出汁・製法保留。 根拠URL：https://tabelog.com/ehime/A3801/A380101/38014086/dtlmenu/photo/ ; https://map.yahoo.co.jp/v3/place/drhgSQveOfk/review/xbiui-nfQLaM5Yd5r7aw4A
rdb-138885,中華そば 鶴姫,【タグ保留】タグ要再確認 2026-10-08：過去は冬季限定の中華そば・台湾ラーメン。うどんのみという口コミもあるため現行提供は保留。既存タグは過去情報として保持。 出典：https://tabelog.com/ehime/A3803/A380304/38014116/dtlrvwlst/B498066654/ https://matsuyama.goguynet.jp/2023/03/08/tsuruhime/
rdb-150777,お食事処 瀬戸,当該店舗の公開情報を検索したが、メニューのラーメン詳細と出汁・麺・特徴の明記を再確認できず保留。 保留項目：Style・Soup・Noodle・Character（確定できる記述なし）。 更新前タグ：Style=中華そば / Soup= / Noodle= / Character=。 2026-10-09調査。食べログの料理メニューは一部閲覧不可。根拠・確認先：https://matsuyama.goguynet.jp/2023/12/21/seto/
rdb-151187,麺屋 颯 今治店,今治店のメニューでラーメン・中華そば・まぜそばを確認。特製ラーメンは鶏ガラ＋魚介のあっさり醤油、背脂と中細ストレート麺。冷やしラーメンは2025年9月の当店口コミ。北条本店の麺・商品を当店へ転用しない。 タグ調査：2026-10-08。出典：https://tabelog.com/ehime/A3802/A380201/38015137/ https://tabelog.com/ehime/A3802/A380201/38015137/dtlrvwlst/B515359621/ https://gojokai.net/i-link/archives/71790
rdb-151188,中華飯店 ごくう,2026-10-09 タグ再調査：277行と住所・食べログURLが同一。塩ラーメンの細めほぼストレート・あっさり、夏季冷やし醤油ラーメンの訪問記録を採用。鶏ガラ/魚介は推測表現なので保留。ちぢれ麺・自家製麺は未確認。 根拠URL：https://tabelog.com/ehime/A3802/A380201/38000155/dtlmenu/photo/ ; https://plaza.rakuten.co.jp/irome/diary/201812010001/ ; https://plaza.rakuten.co.jp/irome/diary/202507250000/
rdb-152574,元帥 平和通り店,2026-10-09 タグ再調査：メニュー写真欄と実食検索記載で冷やしラーメン・汁なし担々麺、醤油ラーメンの細麺・あっさり。ブログ本文は取得不可のため記載以上は採用せず、動物出汁と製法保留。348行と同住所・同食べログIDの重複。 根拠URL：https://tabelog.com/ehime/A3801/A380101/38001006/dtlmenu/photo/ ; https://tabelog.com/ehime/A3801/A380101/38001006/dtlrvwlst/B534939876/ ; https://drunkardrunner34.blog137.fc2.com/blog-entry-4265.html
rdb-153715,らーめん おが多 二番町店,【タグ保留】Noodle・Soup：当該店舗の麺の太さと既存の塩ラーメンの現行提供は未確認。店舗照合：CSV住所と食べログの二番町2-3-13に表記差があり要確認。 【タグ調査 2026-10-08】CSVの食べログID38015148、古唐人松山館B1Fで照合。現掲載口コミは鶏出汁醤油・あっさり系。閉店した旧二番町店38009929やキスケ店の細麺情報は流用しない。住所列は保持。 根拠：https://tabelog.com/ehime/A3801/A380101/38015148/ https://tabelog.com/ehime/A3801/A380101/38015148/dtlrvwlst/
rdb-154705,お食事処 川志,かつお出汁・醤油味・中太麺の記述。2013年の口コミのため現行仕様は保留。 保留項目：Character（確定できる記述なし）。 更新前タグ：Style=ラーメン / Soup= / Noodle= / Character=。 2026-10-09調査。食べログの料理メニューは一部閲覧不可。根拠・確認先：https://map.yahoo.co.jp/v3/place/5wiXec9P-lU/review/i720zCrqSwGVFoDjAQvOXA メニュー確認先：https://tabelog.com/ehime/A3802/A380201/38009340/dtlmenu/
rdb-155257,いりの亭 入野パーキングエリア上り店,味噌味のラーメンを確認。 保留項目：Noodle・Character（確定できる記述なし）。 更新前タグ：Style=ラーメン / Soup= / Noodle= / Character=にんにく。 2026-10-09調査。食べログの料理メニューは一部閲覧不可。根拠・確認先：https://tabelog.com/ehime/A3802/A380204/38013014/dtlrvwlst/ メニュー確認先：https://tabelog.com/ehime/A3802/A380204/38013014/dtlmenu/
rdb-156659,麺屋 颯,"【タグ調査 2026-10-09】下難波の店舗を照合。食べログに醤油・背脂、2026年10月実食に鶏ガラの特製ラーメン、新ちゃんぽん・特製冷やしラーメン。旧訪問記事に太麺・特製中華そば。保留：魚介出汁の根拠、麺の現行仕様と新商品の個別出汁。名古屋の同名店メニューは転用しない。
根拠URL：https://tabelog.com/ehime/A3801/A380101/38015887/ | https://ehimeossanpo.com/2026/10/02/%E3%80%90%E9%BA%BA%E5%B1%8B-%E9%A2%AF-sow-%E3%80%91%E5%84%AA%E3%81%97%E3%81%84%E5%91%B3%E3%81%AE%E9%B6%8F%E3%82%AC%E3%83%A9%E3%82%B9%E3%83%BC%E3%83%97%E3%81%8C%E9%BA%BA%E3%81%AB%E7%B5%A1%E3%82%93/"
rdb-156926,馬立パーキングエリア 上り,公式メニューに濃厚な豚骨醤油と明記。 保留項目：Noodle（確定できる記述なし）。 更新前タグ：Style=ラーメン / Soup=醤油｜豚骨 / Noodle= / Character=。 2026-10-09調査。食べログの料理メニューは一部閲覧不可。根拠・確認先：https://www.w-holdings.co.jp/sapa/21010/gourmet/ メニュー確認先：https://tabelog.com/ehime/A3802/A380204/38006421/dtlmenu/
rdb-157062,辛麺 kitchen 彩 二番町店,"【タグ調査 2026-10-08】二番町店のメニュー・口コミを確認。辛さ選択、韓国麺、ニンニク・ニラ・豚ミンチ・かき玉。保留：Soupの出汁・タレとNoodleの太さ。韓国麺という種類だけで細麺・中太麺に置換しない。三番町店の鶏ガラ説明は直接転用しない。
根拠URL：https://tabelog.com/ehime/A3801/A380101/38015584/dtlmenu/photo/ | https://tabelog.com/ehime/A3801/A380101/38015584/dtlrvwlst/B514486175/ | https://kaizoku-ehime.jp/165216/"
rdb-157557,麺 一,"【タグ調査 2026-10-09】大街道3丁目のうどん店の中華そばメニューを照合。当店の実食記事にあっさりした味、口コミにつるもち麺。保留：Soupのタレ・出汁素材、Noodleの太さ。うどんの出汁・麺仕様は中華そばへ転用しない。
根拠URL：https://tabelog.com/ehime/A3801/A380101/38013748/dtlmenu/photo/ | https://map.yahoo.co.jp/v3/place/rmSKkWqQeFM/menu | https://map.yahoo.co.jp/v3/place/rmSKkWqQeFM/review/FVqoGok8QE69zlImDNWDIA | https://ameblo.jp/1090134/entry-12383118420.html"
rdb-159200,LANTAN,【タグ調査 2026-10-08】食べログ料理メニューは醤油・塩・味噌、煮干し中華そば、背脂煮干し、汁なし背脂煮干し、担々麺、温／冷の油そば・広島式汁なし担々麺。塩ダレは帆立・鰹、担々は胡麻。中細／中太／太麺の選択記載。2026年3月にぼ二郎の通常メニュー化を確認。平打ちは備考に留め、自家製のラー油から自家製麺を推定しない。 根拠：https://tabelog.com/ehime/A3801/A380101/38015881/dtlmenu/ https://tabelog.com/ehime/A3801/A380101/38015881/dtlrvwlst/ https://matsuyama.goguynet.jp/2026/03/12/lantan-3/
rdb-160382,凩紋二郎,タグ一次確認 2026-10-08：二郎系・豚骨白濁・太め自家製オーション麺を確認。既存の醤油は明記した根拠を再確認できず除外。ニンニクは選択トッピング。 出典：https://tabelog.com/ehime/A3804/A380401/38015962/ https://www.e-komachi.com/gourmet/16358_20241019/ https://majimena.ehime.jp/majimeshi/shop/2905/
rdb-161479,中華料理 潯陽,2026-10-09 タグ再調査：潯陽の食べログ訪問口コミでラーメン醤油/あっさり・冷麺、別口コミと地域訪問記でちゃんぽん麺を確認。旧店シルクロードと混同しない。出汁・麺は二次サイト要約以外の具体的裏付けを得られず保留。 根拠URL：https://tabelog.com/ehime/A3802/A380201/38015308/dtlmenu/photo/ ; https://tabelog.com/ehime/A3802/A380201/38015308/dtlrvwlst/B477804171/ ; https://imabari-saijo.goguynet.jp/2024/01/24/zinnrou/
rdb-163493,天領 二番町店,"【タグ調査 2026-10-09】現住所に更新された店公式メニューで元味・ばりこく（にんにく味噌）・キムチラーメン・つけ麺を確認。公式が豚骨醤油、自家製細麺、あっさりと明記。味噌・にんにくはばりこく、辛いはキムチ商品に対応。
根拠URL：https://tabelog.com/ehime/A3801/A380101/38016204/dtlmenu/photo/ | https://tenryou2.com/ | https://ehime-epuri.jp/53489"
rdb-164374,笑福,"【タグ調査 2026-10-08】丸鶏だし中華そばと辛味噌追加による味変を確認。店舗配達説明に鶏・魚介スープ、取材にあっさり。味噌・辛いは追加選択時の特徴。保留：Noodleと基本タレの種類（見た目から醤油とは断定しない）。
根拠URL：https://tabelog.com/ehime/A3801/A380101/38016278/ | https://machiraku.net/shofuku/ | https://www.ubereats.com/jp/store/笑福/bsiwqWozV96SnjpQ96Zp-A"
rdb-164512,一風堂 エミフルMASAKI,"【タグ調査 2026-10-09】エミフル店の白丸・赤丸・極からかと豚骨魚介つけ麺を店舗メニュー・口コミで確認。ラーメンは細麺、つけ麺は太麺。保留：現行つけダレの醤油分類とCharacterの濃厚／白湯の当店商品別明記。
根拠URL：https://tabelog.com/ehime/A3801/A380103/38014096/ | https://stores.ippudo.com/en_id/3026 | https://tabelog.com/ehime/A3801/A380103/38014096/dtlrvwlst/ | https://ameblo.jp/cafeblogehime/entry-12853465053.html"
rdb-165706,うさぎ家,【タグ保留】Soup：塩は実食の味の記述、煮干しはイリコ出汁の実食情報。調味ダレ・出汁配合の店側説明は未確認。 【タグ調査 2026-10-08】中華そばは透明で優しい味、野菜等の旨み。太めの麺を確認。2026年10月の掲載メニューにざる中華あり、つけ麺として分類。ちゃんぽん風の具・麺でも商品名は中華そばで、ちゃんぽんタグにはしない。 根拠：https://tabelog.com/ehime/A3801/A380101/38016386/dtlrvwlst/B527075569/ https://retty.me/area/PRE38/city/382017992662/ https://www.tj-matsuyama.com/lunch-pass/special1.php?id=3
rdb-168235,せるすた秘密基地食堂,【タグ保留】Noodle・Characterと出汁素材未確認。醤油光麺・塩光麺・ラーメン・担々麺の提供を確認。担々麺という名称のみから胡麻・辛い・痺れは付けない。 タグ調査：2026-10-08。出典：https://tabelog.com/ehime/A3802/A380201/38016648/ https://imabari.keizai.biz/photoflash/1730/ https://www.instagram.com/serusuta_/
rdb-168651,ゴールデンゴリラ,【タグ保留】Style：冷やし中華・ざる中華は季節商品で現在の提供未確認。Soup：既存の節は当店の出汁材料として確認できず外して保留。 【タグ調査 2026-10-08】背脂醤油と煮干しラーメンの提供実績。煮干しは食べログでセメント系と記述。冷やし中華は中太麺、ざる中華は冷やしつけ麺。2026年の背脂醤油は鶏の風味、旨辛REDの記録もあり。麺は棣鄂製の記述があり自家製タグは付けない。 根拠：https://tabelog.com/ehime/A3801/A380101/38016476/dtlrvwlst/ https://tabelog.com/ehime/A3801/A380101/38016476/dtlrvwlst/B523587831/ https://haisai.jp/top/golden-gorilla-15/
rdb-173409,ラー麺ずんどう屋 松山問屋町店,【タグ保留】店舗照合：CSV住所は問屋町1-4、当店食べログは1-5。住所列は変更せず相違を記録。 【タグ調査 2026-10-08】当店実食で濃厚豚骨、背脂量の選択、細麺／ちぢれ麺の選択。チェーン公式説明で自家製細ストレート・中太ちぢれと確認し、当店の選択肢と対応させた。他支店だけの限定メニューは付けない。 根拠：https://tabelog.com/ehime/A3801/A380101/38017128/dtlrvwlst/B533363352/ https://tabelog.com/ehime/A3801/A380101/38017128/dtlrvwlst/B534226789/ https://zundouya.com/wp-content/themes/zundouya-wp-theme/assets/img/240401_PRESSRELEASE.pdf
rdb-173414,55China 大街道店,【タグ保留】Style・Soup：既存まぜそば・鶏・煮干しは当店の現行メニューで根拠を確認できず外して保留。食べログ旧掲載ページは掲載保留だが同住所の新掲載あり。 【タグ調査 2026-10-08】大街道2-3-7の新掲載番号38017072と同住所を確認。えび塩・豚骨白は極細麺、家系は豚骨醤油、二郎は太麺、魚介豚骨つけ麺と八幡浜ちゃんぽんあり。自家製麺は当店所在地の紹介に明記。食べログURL列は元のまま、新URLを備考に残す。 根拠：https://tabelog.com/ehime/A3801/A380101/38016968/ https://tabelog.com/ehime/A3801/A380101/38017072/ https://ameblo.jp/cafeblogehime/entry-12967051057.html https://foodiscovery.jp/shop-list/page/10/
rdb-173558,森店（もりみせ）,2026-10-09 タグ再調査：観光協会の店舗紹介に価格付き中華そば。出汁・味種・麺太さ・あっさり等の具体的記述は未確認で保留。 根拠URL：https://tabelog.com/ehime/A3801/A380103/38005312/dtlmenu/photo/ ; https://iyokankou.jp/spot/spot-2139/
rdb-173658,麺工房 遥海,"【タグ調査 2026-10-09】油そばと太麺・魚粉を口コミで確認。保留：タレの醤油／塩分類、動物系出汁、自家製麺、Characterの裏付け不足。
根拠URL：https://tabelog.com/ehime/A3801/A380101/38017121/ | https://tabelog.com/ehime/A3801/A380101/38017121/dtlrvwlst/B529879858/ | https://machiraku.net/menkobo-harumi-open/"
rdb-22192,丸山ちゃんぽん,鶏ガラ・鰹節・昆布の出汁。麺は中太・中細の記述が混在するため太さ保留。 保留項目：Noodle（具体的記述を確認できず）。 2026-10-09調査。根拠・確認先：https://tabelog.com/ehime/A3803/A380302/38001149/ ; https://ehime-epuri.jp/62804 ; https://tabelog.com/ehime/A3803/A380302/38001149/dtlrvwlst/B492940981/ ; https://map.yahoo.co.jp/v3/place/oBKvn_Ypnqw/review 食べログメニュー確認先：https://tabelog.com/ehime/A3803/A380302/38001149/dtlmenu/（一部ページ閲覧不可のため口コミ・公式情報で補完）。 更新前タグ：Style=ちゃんぽん / Soup=醤油｜魚介 / Noodle= / Character=。
rdb-26036,丸源ラーメン 松山中央通り店,当店メニュー検索と丸源公式の現行メニューで肉そば・醤油豚骨・塩・味噌・つけ麺・油そば・辛肉そばを確認。自家製麺は店舗製麺と断定できず保留。商品別の麺太さは保留。 保留項目：Noodle（具体的記述を確認できず）。 2026-10-09調査。根拠・確認先：https://www.syodai-marugen.jp/menu ; https://tabelog.com/ehime/A3801/A380101/38006546/ 食べログメニュー確認先：https://tabelog.com/ehime/A3801/A380101/38006546/dtlmenu/（一部ページ閲覧不可のため口コミ・公式情報で補完）。 更新前タグ：Style=ラーメン / Soup=醤油 / Noodle= / Character=。
rdb-26587,マリンオアシス はかた,塩ラーメン・レモンを公式情報で確認。つけ麺・冷し中華は食べログ掲載メニュー（旧情報）。 保留項目：Noodle・Character（確定できる記述なし）。 更新前タグ：Style=ラーメン / Soup=塩 / Noodle= / Character=。 2026-10-09調査。食べログの料理メニューは一部閲覧不可。根拠・確認先：https://imabari-shimanami.jp/hakata/ メニュー確認先：https://tabelog.com/ehime/A3802/A380201/38001392/dtlmenu/ 補完URL：https://tabelog.com/ehime/A3802/A380201/38001392/dtlmenu/
rdb-58591,大澤麺工房 一葵,"【タグ調査 2026-10-08】食べログのメニュー・味噌と野菜の口コミ、取材記事のあっさり鶏ガラ細麺、こってり・辛まぜそばを確認。保留：自家製麺（麺工房という店名だけでは断定しない）、商品別の出汁配合・まぜそばの太さ。
根拠URL：https://tabelog.com/ehime/A3801/A380101/38007145/dtlmenu/photo/ | https://tabelog.com/ehime/A3801/A380101/38007145/dtlrvwlst/B533726009/ | https://ehime-epuri.jp/64798"
rdb-63851,ラーメンショップ 小松店,当店口コミで細麺を確認。基本出汁と背脂の根拠不足。 保留項目：Soup・Character（具体的記述を確認できず）。 2026-10-09調査。根拠・確認先：https://tabelog.com/ehime/A3802/A380202/38008904/dtlrvwlst/B495282111/ 食べログメニュー確認先：https://tabelog.com/ehime/A3802/A380202/38008904/dtlmenu/（一部ページ閲覧不可のため口コミ・公式情報で補完）。 更新前タグ：Style=ラーメン / Soup=豚骨｜醤油 / Noodle= / Character=背脂。
rdb-63916,フジ観光,県の紹介に鶏ガラ・鰹・いりこを明記。中太麺は訪問記事。醤油/塩の解釈差のためタレは保留。 更新前タグ：Style=ちゃんぽん / Soup=鶏｜魚介 / Noodle= / Character=。 2026-10-09調査。食べログの料理メニューは一部閲覧不可。根拠・確認先：https://majimena.ehime.jp/majimeshi/shop/2438/ メニュー確認先：https://tabelog.com/ehime/A3803/A380302/38001171/dtlmenu/ 補完URL：https://note.com/calm_dill516/n/na97f976118d8
rdb-71307,一天張,【タグ保留】Style：冷やしつけ麺は通年との取材記事と夏季扱いのメニュー資料があり、現在の提供期間は要確認。 【タグ調査 2026-10-08】汁あり・汁なしタンタン麺、タンタン冷麺を確認。取材説明は鶏・野菜・かつお・昆布のスープに芝麻醤と山椒。つけ麺は太めの麺、食べログはラー油の辛さと山椒の痺れと明記。ラー油が自家製という説明から自家製麺は推定しない。 根拠：https://tabelog.com/ehime/A3801/A380101/38000893/ https://tabelog.com/ehime/A3801/A380101/38000893/dtlmenu/ https://tabelog.com/ehime/A3801/A380101/38000893/dtlrvwlst/B111227705/ https://ehime-epuri.jp/26600
rdb-7213,博多一風堂 松山店,"【タグ調査 2026-10-09】松山店の白丸・赤丸・極からか掲載と、極細豚骨麺の店舗メニューを確認。辛いは辛味商品の特徴。保留：現在の全商品ごとの麺仕様・白湯等の明記。検索に出る他支店のメニュー画像は使用しない。
根拠URL：https://tabelog.com/ehime/A3801/A380101/38000365/dtlmenu/photo/ | https://www.hotpepper.jp/strJ000651453/food/ | https://stores.ippudo.com/1034 | https://www.ubereats.com/jp-en/store/一風堂-松山店-ippudo-ramen/MU5C6kw9SRKcGguSH3x9Kw"
rdb-78024,風風亭 樽味本店,"【タグ調査 2026-10-09】樽味本店の掲載と店公式を照合。公式が本店・久米店を紹介し、共通メニューにカレーらーめん・夏季冷し中華。豚げんこつのみのあっさりスープ、自家製24番ストレート麺、細麺の店掲載を確認。冷し中華は夏季限定。
根拠URL：https://tabelog.com/ehime/A3801/A380101/38000409/dtlmenu/photo/ | https://www.fu-fu-tei.co.jp/menu | https://www.fu-fu-tei.co.jp/concept | https://www.fu-fu-tei.co.jp/customer"
rdb-86674,横浜家系らーめん 黒帯,【タグ保留】Style・Noodle：まぜそばの中太麺・にんにくは過去実食記録で、現在の提供は要確認。ベジ郎は名称だけで二郎系と断定せず保留。 【タグ調査 2026-10-08】本町6-2-12の店舗。取材で生豚骨・生鶏ガラと昆布出汁、濃厚豚骨醤油、製麺所特注太麺。つけ麺は家系と同じスープ。食べログまぜそば実食は中太の平たいウェーブ麺とガーリックチップ。平打ちは備考のみ。 根拠：https://tabelog.com/ehime/A3801/A380101/38010868/ https://www.e-komachi.com/gourmet/32320_20250824/ https://tabelog.com/ehime/A3801/A380101/38010868/dtlrvwlst/B453812800/?type=0 https://tabelog.com/ehime/A3801/A380101/38010868/dtlmenu/photo/
rdb-95928,食房 夢而今,"【タグ調査 2026-10-08】食べログメニュー写真・屋台ラーメンの豚骨口コミ、醤油ラーメンと担々麺の実食記事を確認。保留：冷やしの現行提供、既存の塩・味噌・鶏・魚介の根拠、胡麻の使用、Noodle（中細／中太の記述差）。根拠を確認できない既存タグは確定欄から外す。
根拠URL：https://tabelog.com/ehime/A3801/A380101/38008182/dtlmenu/photo/ | https://tabelog.com/ehime/A3801/A380101/38008182/dtlrvwlst/B412269551/ | https://tabelog.com/ehime/A3801/A380101/38008182/dtlrvwlst/B370959427/ | https://ehimesasurai.blog.jp/archives/47183971.html | https://ameblo.jp/topgun11/entry-12212528019.html"
rdb-97456,びいどろ,【タグ保留】Soup・Noodle：現行ちゃんぽんの出汁配合と麺の太さを明確に確認できない。 【タグ調査 2026-10-08】大街道2-5-9の店舗を照合。ちゃんぽんとピリ辛味噌ちゃんぽんを食べログ実食で確認。麺はちゃんぽん特有の麺ながらやや細めとの相対表現に留まるためサイズタグは保留。具のアサリ・豚肉・野菜から各出汁を推定しない。同名の大手町の店のスープ情報は流用しない。 根拠：https://tabelog.com/ehime/A3801/A380101/38001433/ https://tabelog.com/ehime/A3801/A380101/38001433/dtlrvwlst/B486399772/ https://tabelog.com/ehime/A3801/A380101/38001433/dtlrvwlst/B517895396/ https://tabelog.com/ehime/A3801/A380101/38001433/dtlmenu/photo/
rdb-99417,Chef's kitchen (松山空港),鯛塩ラーメン・細麺・すっきりしたスープの記述。レモンはトッピングのため柑橘出汁として付与しない。 更新前タグ：Style=ラーメン｜ちゃんぽん / Soup=塩｜鯛・鮮魚 / Noodle= / Character=。 2026-10-09調査。食べログの料理メニューは一部閲覧不可。根拠・確認先：https://probeerer.blog26.fc2.com/blog-entry-2473.html メニュー確認先：https://tabelog.com/ehime/A3801/A380101/38011778/dtlmenu/
rdb-99854,豚太郎 松山駅前通り店,当店味噌の実食口コミを確認。「三種スープ」の具体的な種類は検索抜粋で特定できず保留。 保留項目：Noodle・Character（具体的記述を確認できず）。 2026-10-09調査。根拠・確認先：https://tabelog.com/ehime/A3801/A380101/38011925/dtlrvwlst/B433201513/ 食べログメニュー確認先：https://tabelog.com/ehime/A3801/A380101/38011925/dtlmenu/（一部ページ閲覧不可のため口コミ・公式情報で補完）。 更新前タグ：Style=ラーメン / Soup=味噌｜塩｜醤油｜カレー / Noodle= / Character=。
rdb-99977,博多ラーメン 大郷 大洲本店,2026-10-09 タグ再調査：公式メニューにとんこつチャンポン・旨辛まぜそば・とん濃くらーめん・季節冷麺。公式に自家製麺、店舗口コミと取材に細麺。保留：ちゃんぽん・まぜそばの麺の太さと冷麺の出汁は確認できず。冷やしは季節提供。248行と住所・電話・食べログURLが同一。 根拠URL：https://www.suigou-daigou.com/menu1 ; https://www.suigou-daigou.com/concept ; https://tabelog.com/ehime/A3803/A380301/38002109/dtlrvwlst/ ; https://www.e-komachi.com/gourmet/16557_20241028/
