id,店名,ジャンル,ラーメン,市区町村,住所,営業時間,電話,Instagram,食べログ点数,食べログ件数,食べログURL,RDB点数,RDB件数,RDBURL,Style,Soup,Noodle,Character,状態,備考,緯度,経度
g-ChIJW6rc8_ftTzURAf0TFV716b8,えい吉,ラーメン専門店,専門,伊予市,〒799-3111 愛媛県伊予市下吾川１２１８−３,,089-983-2970,eikichi1125,3.25,57,https://tabelog.com/ehime/A3801/A380103/38001025/,84.32,4,https://ramendb.supleks.jp/s/88950.html,ラーメン｜ちゃんぽん,醤油｜豚骨｜鶏,,,,,33.7723276,132.70857709999999
g-ChIJN1MKv33yTzURRV2nTpf2XBY,くし坊らーめん麺人,ラーメン専門店,専門,伊予市,〒799-3113 愛媛県伊予市米湊１４８１−１,,089-982-5060,mento_club,3.23,38,https://tabelog.com/ehime/A3801/A380103/38002113/,82.34,3,https://ramendb.supleks.jp/s/83740.html,ラーメン,味噌｜豚骨,,,,,33.7495778,132.7014917
g-ChIJKfZIXobyTzURjTmYeEe25MQ,みかさ,ラーメン専門店,専門,伊予市,〒799-3122 愛媛県伊予市市場１５４−１,,089-982-0646,,3.39,103,https://tabelog.com/ehime/A3801/A380103/38001614/,82.21,8,https://ramendb.supleks.jp/s/5859.html,中華そば,豚骨｜鶏,,あっさり,,,33.745475,132.7000591
g-ChIJNaDDdgDzTzURFtN48ik27_M,志乃や,ラーメン専門店,専門,伊予市,〒799-3113 愛媛県伊予市米湊８２７−４,,080-6379-9050,cafe.fuku,3.03,6,https://tabelog.com/ehime/A3801/A380103/38008252/,,,,ラーメン｜冷やし,,,,,,33.7560365,132.70265990000001
g-ChIJTVP-SdKNTzURQ5H5IElwOyw,上灘水産,ラーメン専門店,専門,伊予市,〒799-3202 愛媛県伊予市双海町上灘甲5729,,089-989-8981,,3.05,22,https://tabelog.com/ehime/A3801/A380103/38012552/,85.22,4,https://ramendb.supleks.jp/s/111186.html,ラーメン,塩｜魚介,,,,,33.6886243,132.6374925
g-ChIJ99x91XbyTzURgX11B7gb1WQ,朝日食堂,ラーメン専門店,専門,伊予市,〒799-3114 愛媛県伊予市灘町１６,,089-982-0254,,3.2,19,https://tabelog.com/ehime/A3801/A380103/38002343/,80.1,1,https://ramendb.supleks.jp/s/74185.html,中華そば,塩,,あっさり,,,33.7591775,132.70286099999998
osm-n13904181632,いごっそ,ラーメン専門店,専門,宇和島市,〒798-0080 愛媛県宇和島市新田町２丁目２−７,,,igosso_uwajima,3.02,7,https://tabelog.com/ehime/A3804/A380401/38007295/,81.8,1,https://ramendb.supleks.jp/s/94571.html,中華そば,醤油｜豚骨,細麺,背脂,,,33.2126173,132.5588172
g-ChIJPzTFEgBhTzUR0SCVe4dp0hE,げんきや,ラーメン専門店,専門,宇和島市,〒798-0073 愛媛県宇和島市山際４丁目５−１１,,,,,,,,,https://ramendb.supleks.jp/s/163130.html,ラーメン,豚骨,,,,,33.209540499999996,132.5585915
g-ChIJOfdmDQBhTzUR68Zq0f28xTA,ストライク軒 宇和島総本山,ラーメン専門店,専門,宇和島市,〒798-0006 愛媛県宇和島市弁天町１丁目１−１３,,090-7155-0069,strikeken.uwajima,3.16,28,https://tabelog.com/ehime/A3804/A380401/38016058/,84.14,2,https://ramendb.supleks.jp/s/160809.html,ラーメン,醤油｜鶏白湯｜魚介｜貝,,,,,33.2229367,132.5581662
g-ChIJIVm56SNgTzUR_NC5byb3R60,とんこつのあべ家,ラーメン専門店,専門,宇和島市,〒798-0081 愛媛県宇和島市中沢町１丁目５−１２,,0895-24-6063,,3.09,37,https://tabelog.com/ehime/A3804/A380401/38013396/,83.06,1,https://ramendb.supleks.jp/s/113042.html,,豚骨,,,,,33.2074029,132.556705
g-ChIJ985RMABhTzURebL6b5udxzA,ラーメン屋 ユニコーン,ラーメン専門店,専門,宇和島市,〒798-0040 愛媛県宇和島市中央町１丁目１０−２０,,0895-22-1328,unicornramen.jun,,,,,,,ラーメン,豚骨,,辛い,,,33.2202392,132.5670927
osm-n13744174061,ラーメン凩,ラーメン専門店,専門,宇和島市,〒798-0040 愛媛県宇和島市中央町１丁目５−１３,,0895-49-2314,menya_kogarashi,3.07,22,https://tabelog.com/ehime/A3804/A380401/38012318/,85.73,5,https://ramendb.supleks.jp/s/107754.html,ラーメン｜二郎系｜つけ麺,豚骨｜鶏白湯｜魚介｜柑橘,自家製麺,濃厚,,,33.2198221,132.5680211
g-ChIJ9evJFpxhTzUREP46ppXhW3I,華艶（はなえん）,ラーメン専門店,専門,宇和島市,〒798-0035 愛媛県宇和島市新町１丁目７−１,,,,,,,,,,ラーメン,醤油｜塩｜味噌｜魚介,,,,,33.2221048,132.5657545
g-ChIJhTJ1QcT1RTURkEZlpSkoTVM,八戒,ラーメン専門店,専門,宇和島市,〒798-3302 愛媛県宇和島市津島町高田甲２３３５−３,,0895-32-5452,,3.05,17,https://tabelog.com/ehime/A3804/A380401/38005440/,,,https://ramendb.supleks.jp/s/121640.html,ラーメン｜ちゃんぽん,塩｜味噌,,,,,33.137485,132.52505399999998
g-ChIJhVeJy8thTzURPu7IqifkbkY,麺処 菊屋,ラーメン専門店,専門,宇和島市,〒798-0040 愛媛県宇和島市中央町２丁目３−３３,,0895-22-1145,uwajima.kikuya,3.45,168,https://tabelog.com/ehime/A3804/A380401/38000245/,81.9,4,https://ramendb.supleks.jp/s/5967.html,ラーメン｜ちゃんぽん,煮干し,,,,,33.2213111,132.56795929999998
osm-n11936672019,和歌山らーめん らぐまん,ラーメン専門店,専門,宇和島市,愛媛県宇和島市栄町港2丁目56,,0895-20-0102,,3.19,40,https://tabelog.com/ehime/A3804/A380401/38000247/,,,,ラーメン,醤油｜豚骨,,あっさり,,,33.2225393,132.5612049
rdb-160382,凩紋二郎,ラーメン専門店,専門,宇和島市,愛媛県宇和島市中央町1-5-13,,0895-49-2314,,3.05,8,https://tabelog.com/ehime/A3804/A380401/38015962/,,,https://ramendb.supleks.jp/s/160382.html,二郎系,豚骨｜醤油,,にんにく,,,33.219864,132.567932
g-ChIJ3U_YulfATzURintvm83Be-w,まんなか,ラーメン専門店,専門,久万高原町,〒791-1201 愛媛県上浮穴郡久万高原町久万１２８１−１,,0892-21-0228,,3.06,13,https://tabelog.com/ehime/A3803/A380304/38013961/,,,,中華そば,醤油｜煮干し,,,,,33.6553457,132.9009391
rdb-138885,中華そば 鶴姫,ラーメン専門店,専門,久万高原町,愛媛県上浮穴郡久万高原町中津7027-2,,0892-54-2518,,3.03,4,https://tabelog.com/ehime/A3803/A380304/38014116/,83.11,1,https://ramendb.supleks.jp/s/138885.html,中華そば,煮干し｜鶏,,,,,33.551849,133.043854
g-ChIJZ1OcY106UDURZQZsWkSANG0,〇の,ラーメン専門店,専門,今治市,〒794-0041 愛媛県今治市松本町１丁目２−１０,,,,3.02,2,https://tabelog.com/ehime/A3802/A380201/38010369/,,,,ラーメン,魚介,,,,,34.0654654,132.9997979
g-ChIJz38EEaA7UDUR3HVVLQdNZIU,GLOW,ラーメン専門店,専門,今治市,〒794-0015 愛媛県今治市常盤町３丁目５−１７,,080-6079-7156,ginzachainesepopai,,,,,,,ラーメン,貝,,,,,34.0657675,132.9997966
g-ChIJpx9No9IxUDURSNonCT_HXxQ,TRITON RAMEN,ラーメン専門店,専門,今治市,〒799-1507 愛媛県今治市東村南１丁目５−３３,,0898-52-9070,tritonramen,3.2,25,https://tabelog.com/ehime/A3802/A380201/38016043/,82.88,1,https://ramendb.supleks.jp/s/161193.html,ラーメン,塩｜鶏｜鶏白湯｜煮干し｜鯛・鮮魚｜海老・蟹,,清湯,,,34.0364077,133.0333397
g-ChIJw_gnDI07UDURHu4NWa6AuP0,きく麺,ラーメン専門店,専門,今治市,〒794-0043 愛媛県今治市南宝来町２丁目２−２６,,070-5512-6863,kiku_channel2022,3.07,13,https://tabelog.com/ehime/A3802/A380201/38014311/,83.2,1,https://ramendb.supleks.jp/s/141647.html,ラーメン,豚骨｜鶏白湯,,,,,34.060704099999995,132.99966129999999
osm-n6980180437,さんわ,ラーメン専門店,専門,今治市,〒794-2305 愛媛県今治市伯方町木浦甲１６５０−１,,0897-72-1211,,3.46,240,https://tabelog.com/ehime/A3802/A380201/38001018/,90.9,13,https://ramendb.supleks.jp/s/6535.html,ラーメン,塩｜豚骨｜鶏｜煮干し,細麺,あっさり｜清湯,,,34.2037138,133.1160252
rdb-168235,せるすた秘密基地食堂,ラーメン専門店,専門,今治市,愛媛県今治市常盤町2-1-20 くろごま団地,,,,3.02,2,https://tabelog.com/ehime/A3802/A380201/38016648/,,,https://ramendb.supleks.jp/s/168235.html,担々麺｜ラーメン,,,,,,34.067783,133.003036
g-ChIJiycrDQA7UDURWbctFYCW1nM,タイガーラーメン,ラーメン専門店,専門,今治市,〒794-0015 愛媛県今治市常盤町８丁目２−７,,,tiger.ramen,3.04,6,https://tabelog.com/ehime/A3802/A380201/38016430/,,,https://ramendb.supleks.jp/s/166186.html,ラーメン｜まぜそば,味噌｜鶏,,濃厚,,,34.05319860000001,132.98576029999998
g-ChIJgZwRrW08UDURAKPmYHFbBxc,てんまや食堂,ラーメン専門店,専門,今治市,〒799-2103 愛媛県今治市波方町小部甲７６０−１,,0898-52-2332,,3.12,12,https://tabelog.com/ehime/A3802/A380201/38004117/,84,2,https://ramendb.supleks.jp/s/101580.html,中華そば,,自家製麺,清湯,,,34.1060399,132.9290586
g-ChIJJUh3weM6UDUR72FxbSHhrjg,どんたく,ラーメン専門店,専門,今治市,〒794-0063 愛媛県今治市片山２丁目１−１７,,0898-32-9397,,3.2,20,https://tabelog.com/ehime/A3802/A380201/38003868/,,,https://ramendb.supleks.jp/s/121004.html,ちゃんぽん,,,,,,34.0519776,132.9841085
g-ChIJ3TRqr687UDURBLjN4Ymued8,めん処 よそ平,ラーメン専門店,専門,今治市,〒794-0041 愛媛県今治市松本町１丁目６−１９,,0898-31-1588,,3.01,5,https://tabelog.com/ehime/A3802/A380201/38007163/,,,,ラーメン,塩｜魚介,細麺,あっさり,,,34.0647508,133.0013196
manual-mogumogura,もぐもぐら,ラーメン専門店,専門,今治市,愛媛県今治市常盤町2-1-20 くろごま団地,,,,3.01,1,https://tabelog.com/ehime/A3802/A380201/38017111/,,,,まぜそば,,,,,,34.067783,133.003036
g-ChIJ9fohv9g7UDURoxgOuuBLEfA,らーめん・喰うかい,ラーメン専門店,専門,今治市,〒794-0024 愛媛県今治市共栄町３丁目１−１５,,0898-55-8667,,3.05,4,https://tabelog.com/ehime/A3802/A380201/38011397/,82.35,1,https://ramendb.supleks.jp/s/163129.html,ラーメン,味噌,,背脂,,,34.068565299999996,132.9989915
g-ChIJCyZFzhk7UDURXuHOa7gOf3s,らぁめんTaikou,ラーメン専門店,専門,今治市,〒794-0015 愛媛県今治市常盤町４丁目8−６ 1F,,090-3031-0141,taikou_817,3.07,13,https://tabelog.com/ehime/A3802/A380201/38016587/,,,https://ramendb.supleks.jp/s/167612.html,ラーメン,鯛・鮮魚,,清湯,,,34.0627208,132.9959615
osm-w806460114,ラーメンなる,ラーメン専門店,専門,今治市,〒794-0072 愛媛県今治市山路８８１−８０,,0898-25-7677,,3.15,36,https://tabelog.com/ehime/A3802/A380201/38011143/,84.92,4,https://ramendb.supleks.jp/s/91692.html,ラーメン,味噌｜豚骨｜鶏｜柑橘,,,,,34.0575253,132.9734983
osm-w880917293,ラーメンハウス ミニ鳥生店,ラーメン専門店,専門,今治市,〒794-0812 愛媛県今治市北高下町３丁目１−１,,0898-23-7717,,3.04,11,https://tabelog.com/ehime/A3802/A380201/38006548/,81.99,2,https://ramendb.supleks.jp/s/93207.html,ラーメン,醤油｜塩｜味噌｜豚骨,中太麺,,,,34.0523627,133.0109642
g-ChIJvTIOB5MYUDURLJhvc4R2jMg,ラーメンハウスとんとん,ラーメン専門店,専門,今治市,〒799-2303 愛媛県今治市菊間町浜１１５４,,0898-54-5165,,3.05,9,https://tabelog.com/ehime/A3802/A380201/38002087/,,,,ラーメン,豚骨,,,,,34.0395082,132.84659019999998
g-ChIJxYT89No7UDURO9wXZg0FURM,ラーメン道場,ラーメン専門店,専門,今治市,愛媛県今治市波止浜,,0898-41-4707,,3.04,13,https://tabelog.com/ehime/A3802/A380201/38002090/,83.63,2,https://ramendb.supleks.jp/s/101651.html,ラーメン｜冷やし,醤油｜塩｜味噌,中太麺,,,,34.1002011,132.96950289999998
g-ChIJjz0-_vwxUDURWRpt5fH6iBQ,らぁ麺 enten香,ラーメン専門店,専門,今治市,〒799-1505 愛媛県今治市東村３７５−３,,,entenka_ramen,3.23,46,https://tabelog.com/ehime/A3802/A380201/38014213/,83.06,1,https://ramendb.supleks.jp/s/138902.html,ラーメン｜家系｜二郎系｜つけ麺｜まぜそば,醤油｜豚骨,,にんにく,,,34.0376121,133.02147309999998
g-ChIJsbF1VAA7UDURsUPI1TNDQJY,横浜家系ラーメン 一門家 今治店,ラーメン専門店,専門,今治市,〒794-0042 愛媛県今治市旭町３丁目２−７,,0898-35-0262,ichimonya_imabari,3.08,14,https://tabelog.com/ehime/A3802/A380201/38016818/,,,https://ramendb.supleks.jp/s/169899.html,家系｜中華そば｜二郎系,醤油｜豚骨｜味噌｜魚介｜塩,,濃厚,,,34.0609153,133.00177069999998
g-ChIJQyOP8CE7UDURDQwGKTw2F80,屋台 すずえ(京楽軒),ラーメン専門店,専門,今治市,〒794-0028 愛媛県今治市北宝来町１丁目２−４,,,,3.07,16,https://tabelog.com/ehime/A3802/A380201/38008351/,,,,中華そば,,,あっさり,,,34.0635754,132.9958313
osm-n11527413036,俺のラーメン,ラーメン専門店,専門,今治市,〒799-2203 愛媛県今治市大西町新町６３１,,0898-53-2341,,3.09,27,https://tabelog.com/ehime/A3802/A380201/38009428/,82.72,3,https://ramendb.supleks.jp/s/68561.html,ラーメン,醤油｜魚介,,背脂,,,34.0664812,132.9291126
g-ChIJ__-WNEcwUDUR_jiZx1RQhec,丸啓,ラーメン専門店,専門,今治市,〒799-1524 愛媛県今治市桜井５丁目８−１６,,,,,,,83.85,2,https://ramendb.supleks.jp/s/100101.html,中華そば,豚骨,,,,,34.022059999999996,133.0438579
osm-n8202430157,喜多方ラーメン 麺小町 今治店,ラーメン専門店,専門,今治市,〒794-0028 愛媛県今治市北宝来町３丁目４,,0898-22-7529,menkomachiimabari,3.07,19,https://tabelog.com/ehime/A3802/A380201/38005437/,85.41,6,https://ramendb.supleks.jp/s/93540.html,ラーメン｜担々麺｜冷やし,醤油｜塩｜味噌｜豚骨｜魚介｜海老・蟹,,,,,34.0667224,132.9913667
osm-w806424880,久留米ラーメン光屋,ラーメン専門店,専門,今治市,〒794-0015 愛媛県今治市常盤町５丁目１−１８,,0898-32-3227,mitsuya2008,3.5,368,https://tabelog.com/ehime/A3802/A380201/38005273/,89.86,30,https://ramendb.supleks.jp/s/90311.html,,豚骨,,,,,34.0616198,132.9954983
g-ChIJB237U_Q6UDURwrI4JANzwWE,京屋,ラーメン専門店,専門,今治市,〒794-0058 愛媛県今治市蒼社町１丁目６−７,,0898-22-2142,,3.13,27,https://tabelog.com/ehime/A3802/A380201/38003995/,81.21,5,https://ramendb.supleks.jp/s/51325.html,中華そば,醤油｜鶏,,,,,34.0564829,132.9972594
osm-n8288889733,骨太味覚 桜井店,ラーメン専門店,専門,今治市,〒799-1523 愛媛県今治市桜井４丁目１２−２,,0898-48-0610,honebutosakurai,3.09,34,https://tabelog.com/ehime/A3802/A380201/38010742/,82.84,3,https://ramendb.supleks.jp/s/85772.html,ラーメン,豚骨,,こってり｜濃厚｜背脂｜にんにく,,,34.019469,133.0373832
osm-n8226539068,辛麺屋 桝元,ラーメン専門店,専門,今治市,〒794-0042 愛媛県今治市旭町４丁目４−１,,080-6380-0369,masumoto.original.i,3.09,18,https://tabelog.com/ehime/A3802/A380201/38012932/,83.25,2,https://ramendb.supleks.jp/s/118037.html,辛麺,,,辛い,,,34.0588669,133.0046613
g-ChIJldlHY086UDUR3Gknd_qsSLQ,大鵬軒 石井支店,ラーメン専門店,専門,今治市,〒794-0026 愛媛県今治市別宮町７丁目２−１２,,0898-23-4774,,3.07,19,https://tabelog.com/ehime/A3802/A380201/38006916/,83.84,3,https://ramendb.supleks.jp/s/112417.html,ラーメン,豚骨,,あっさり,,,34.0739957,132.9899793
g-ChIJoXES0kI6UDURwuZq41MAem0,大鵬軒 本店,ラーメン専門店,専門,今治市,〒794-0026 愛媛県今治市別宮町２丁目２−１６,,0898-22-5631,,3.02,25,https://tabelog.com/ehime/A3802/A380201/38004337/,83.31,2,https://ramendb.supleks.jp/s/109893.html,ラーメン,豚骨,,あっさり,,,34.067941999999995,132.998188
osm-w881949796,中華そば うまてつ,ラーメン専門店,専門,今治市,〒794-0054 愛媛県今治市北日吉町１丁目１１−１４,,0898-32-1887,umatetsu0910,3.26,43,https://tabelog.com/ehime/A3802/A380201/38012631/,91.183,13,https://ramendb.supleks.jp/s/113815.html,中華そば,醤油｜味噌｜煮干し,,セメント系,,,34.0659243,132.9901555
osm-n8315503592,中華そば 阿部,ラーメン専門店,専門,今治市,〒794-0823 愛媛県今治市郷本町１丁目２−２０,,,,3.05,14,https://tabelog.com/ehime/A3802/A380201/38007053/,82.97,2,https://ramendb.supleks.jp/s/114285.html,中華そば,,,,,,34.0482974,132.9961895
rdb-124183,中華そば 京楽軒,ラーメン専門店,専門,今治市,愛媛県今治市北宝来1-1-5,,,,3.06,13,https://tabelog.com/ehime/A3802/A380201/38008351/,83.16,1,https://ramendb.supleks.jp/s/124183.html,中華そば,,,,,,34.064121,132.995392
g-ChIJoal08ehFUDURA2z06k8x03M,猪骨ラーメン,ラーメン専門店,専門,今治市,〒794-1304 愛媛県今治市大三島町宮浦５５１６,,0897-72-8780,,3.24,61,https://tabelog.com/ehime/A3802/A380201/38012399/,89.05,7,https://ramendb.supleks.jp/s/107910.html,ラーメン,醤油｜塩｜味噌,,清湯,,,34.2488453,133.0028825
g-ChIJ7ZNrdNA7UDURRoIir2cbg50,伯方の塩ラーメンさんわ今治北インター店,ラーメン専門店,専門,今治市,〒799-2118 愛媛県今治市波止浜１４０−３,,090-9774-5686,,3.05,20,https://tabelog.com/ehime/A3802/A380201/38013225/,84.72,2,https://ramendb.supleks.jp/s/121872.html,,塩,,,,,34.0989401,132.9711403
osm-n10203839326,八平,ラーメン専門店,専門,今治市,〒794-0109 愛媛県今治市玉川町長谷１０４３,,0898-39-3102,tyuukasobahatihei,3.4,103,https://tabelog.com/ehime/A3802/A380201/38011678/,88.72,9,https://ramendb.supleks.jp/s/96740.html,中華そば｜冷やし,,,,,,34.0137453,132.9383498
osm-n8256470931,麺屋 武吉,ラーメン専門店,専門,今治市,〒794-0027 愛媛県今治市南大門町４丁目２−１,,,,3.3,100,https://tabelog.com/ehime/A3802/A380201/38001449/,87.4,8,https://ramendb.supleks.jp/s/82757.html,ラーメン｜つけ麺｜まぜそば,醤油｜塩｜豚骨｜魚介,,,,,34.0680897,132.9924079
rdb-151187,麺屋 颯 今治店,ラーメン専門店,専門,今治市,愛媛県今治市南大門町1-2-16,,080-6243-3413,,3.02,5,https://tabelog.com/ehime/A3802/A380201/38015137/,,,https://ramendb.supleks.jp/s/151187.html,ラーメン,醤油｜鶏｜魚介,,,,,34.065277,132.99791
g-ChIJyQmUuH46UDURJXNLNAMU2W4,麺舞 龍e,ラーメン専門店,専門,今治市,〒799-1506 愛媛県今治市東村１丁目４−２５,,0898-78-1235,tatsue0419,3.3,59,https://tabelog.com/ehime/A3802/A380201/38014824/,86.76,4,https://ramendb.supleks.jp/s/145918.html,ラーメン｜つけ麺,醤油｜鶏｜鶏白湯｜魚介,,濃厚｜清湯｜白湯,,,34.0434595,133.0273812
g-ChIJJ2F6VGg6UDURLaB1FaP_LsI,来々軒,ラーメン専門店,専門,今治市,〒794-0021 愛媛県今治市米屋町１丁目１−１１,,0898-22-3020,,3.05,12,https://tabelog.com/ehime/A3802/A380201/38004187/,83.51,2,https://ramendb.supleks.jp/s/134557.html,中華そば,,,,,,34.068065499999996,133.0021653
g-ChIJEf1QFhKVUTURxXSt3BmYvT4,うどん・ラーメン みしま屋,ラーメン専門店,専門,四国中央市,〒799-0422 愛媛県四国中央市中之庄町１６６４,,080-3923-8111,mishimaya.udon_soba,3.22,25,https://tabelog.com/ehime/A3802/A380204/38014352/,,,https://ramendb.supleks.jp/s/142109.html,中華そば,,,あっさり,,,33.9782979,133.5295111
g-ChIJg10MWgbBUTURipeF-FRVQbY,こだま食堂,ラーメン専門店,専門,四国中央市,〒799-0712 愛媛県四国中央市土居町入野６７０−３,,090-9458-8492,,3.17,24,https://tabelog.com/ehime/A3802/A380204/38016460/,,,https://ramendb.supleks.jp/s/166545.html,ラーメン,煮干し,,,,,33.956609799999995,133.42801889999998
g-ChIJaegPNBWUUTURQq4IjG82OXE,せんばやし,ラーメン専門店,専門,四国中央市,〒799-0405 愛媛県四国中央市三島中央１丁目７−９,,0896-24-6005,senbayasi.samsam,3.08,25,https://tabelog.com/ehime/A3802/A380204/38007005/,82.68,1,https://ramendb.supleks.jp/s/126167.html,ラーメン,豚骨｜貝,,濃厚,,,33.9843329,133.54296779999999
g-ChIJrdvpiqTAUTURcKzdaYYAquo,ひかり食堂,ラーメン専門店,専門,四国中央市,〒799-0723 愛媛県四国中央市土居町天満１６１８,,0896-74-3218,,3.54,263,https://tabelog.com/ehime/A3802/A380204/38003879/,92.34,35,https://ramendb.supleks.jp/s/59410.html,ラーメン｜中華そば,醤油｜塩｜鶏｜魚介,細麺,濃厚｜清湯｜白湯,,,33.9769053,133.4200031
g-ChIJO3ag-ezAUTURBk969nXHuDw,ミッドナイト ウマイゾ さっちゃん,ラーメン専門店,専門,四国中央市,〒799-0702 愛媛県四国中央市土居町中村１２０８−２,,0896-22-3485,umaizo.sachan,3.01,3,https://tabelog.com/ehime/A3802/A380204/38010837/,,,,ラーメン｜つけ麺,,,,,,33.957229,133.4329908
g-ChIJUXnbwU2RUTURci1xjN-B4ck,やったろうじゃん,ラーメン専門店,専門,四国中央市,〒799-0113 愛媛県四国中央市妻鳥町１４０５−１,,0896-59-1119,yattaroujyan,3.25,41,https://tabelog.com/ehime/A3802/A380204/38014063/,84.66,1,https://ramendb.supleks.jp/s/138115.html,ラーメン｜つけ麺｜まぜそば｜担々麺,,細麺｜太麺｜自家製麺,,,,33.989891899999996,133.5731283
g-ChIJe8ZV_H6RUTUR9Gf3sU1Fcpo,らーめん こぶた堂,ラーメン専門店,専門,四国中央市,〒799-0113 愛媛県四国中央市妻鳥町１０１１−４,,,kobutadooo,3.17,21,https://tabelog.com/ehime/A3802/A380204/38013814/,84.43,2,https://ramendb.supleks.jp/s/133162.html,ラーメン,豚骨,,あっさり,,,33.9966155,133.572652
g-ChIJJxZ07VyRUTUR52qpl84PB50,居酒屋 坊ZU,ラーメン専門店,専門,四国中央市,〒799-0113 愛媛県四国中央市妻鳥町１０８０−１,,0896-57-1103,bouzu_2006,3.03,9,https://tabelog.com/ehime/A3802/A380204/38006607/,,,,ラーメン,鶏白湯｜煮干し,細麺,あっさり｜濃厚,,,33.9947978,133.57639659999998
g-ChIJxSaou3CRUTURwbE2R5qF2KI,朝皆笑味,ラーメン専門店,専門,四国中央市,〒799-0113 愛媛県四国中央市妻鳥町７３９−１,,,akashia_0308,3.2,30,https://tabelog.com/ehime/A3802/A380204/38013799/,83.45,2,https://ramendb.supleks.jp/s/132380.html,ラーメン｜冷やし,塩,,あっさり,,,33.9982215,133.5692204
osm-w407607874,天下一品四国中央店,ラーメン専門店,専門,四国中央市,〒799-0401 愛媛県四国中央市村松町１−１２,,0896-22-3636,tenkaippin_jp,3.03,32,https://tabelog.com/ehime/A3802/A380204/38006192/,81.88,5,https://ramendb.supleks.jp/s/26063.html,,鶏,,こってり｜濃厚,,,33.9916636,133.5656204
g-ChIJXbTfchqRUTURmVfxm251X6g,東麺照 一寛,ラーメン専門店,専門,四国中央市,〒799-0101 愛媛県四国中央市川之江町１８５６−３５ 三木ビル 1階,,,higashimensyo_hitohiro,3.04,8,https://tabelog.com/ehime/A3802/A380204/38014468/,83.01,1,https://ramendb.supleks.jp/s/153717.html,ラーメン,塩｜鶏｜煮干し,,清湯,,,34.012701299999996,133.5749997
g-ChIJGXp5Rv6VUTURUu7NhtDcJ64,豚虎ラーメン,ラーメン専門店,専門,四国中央市,〒799-0422 愛媛県四国中央市中之庄町４６５−６,,0896-49-0249,butatora.ramen,,,,,,,二郎系｜まぜそば,,自家製麺,,,,33.9776178,133.5334842
g-ChIJ-VI7RECUUTURgUGPn73MN34,熱烈タンタン麺一番亭 伊予三島店,ラーメン専門店,専門,四国中央市,〒799-0405 愛媛県四国中央市三島中央１丁目１６−５ おいしい広場,,0896-24-1148,,3.06,14,https://tabelog.com/ehime/A3802/A380204/38007267/,,,https://ramendb.supleks.jp/s/60002.html,担々麺,,,,,,33.9839175,133.5403318
g-ChIJHVZXYADlTzURGnXZsjEqKmU,55CHINA JR松山駅だんだん通り店,ラーメン専門店,専門,松山市,〒790-0062 愛媛県松山市南江戸１丁目１４−３ JR松山駅だんだん通り,,089-994-5575,55_china_jrmatsuyama,3.14,29,https://tabelog.com/ehime/A3801/A380101/38016042/,,0,https://ramendb.supleks.jp/s/160672.html,ラーメン｜家系｜二郎系｜つけ麺｜まぜそば,醤油｜豚骨｜鶏｜煮干し,細麺｜太麺｜自家製麺,,,,33.8394002,132.7506918
rdb-173414,55China 大街道店,ラーメン専門店,専門,松山市,愛媛県松山市大街道2-3-7,,089-907-8477,,,,https://tabelog.com/ehime/A3801/A380101/38016968/,,,https://ramendb.supleks.jp/s/173414.html,ラーメン｜家系｜二郎系｜まぜそば｜つけ麺,鶏｜煮干し｜醤油｜豚骨,自家製麺｜細麺｜太麺,,,,33.839588,132.770004
g-ChIJq654e7HlTzURifL37KI5jQ8,KANEOKA RAMEN,ラーメン専門店,専門,松山市,〒790-0822 愛媛県松山市高砂町３丁目９−１ 102,,089-911-1611,kaneoka.ramen,3.42,91,https://tabelog.com/ehime/A3801/A380101/38013615/,87.264,5,https://ramendb.supleks.jp/s/129397.html,ラーメン,豚骨｜鶏白湯｜魚介｜海老・蟹,,濃厚｜白湯,,,33.8527254,132.7615227
rdb-159200,LANTAN,ラーメン専門店,専門,松山市,愛媛県松山市高砂2-5-2,,,,3.14,17,https://tabelog.com/ehime/A3801/A380101/38015881/,83.03,2,https://ramendb.supleks.jp/s/159200.html,担々麺｜ラーメン,鶏｜煮干し,,,,,33.848564,132.761978
g-ChIJq6qlkYzlTzURnqvS3guTSE8,あづま家 千舟町店,ラーメン専門店,専門,松山市,〒790-0011 愛媛県松山市千舟町５丁目１,,089-916-3698,azumaya.chifunemachi,3.25,59,https://tabelog.com/ehime/A3801/A380101/38010013/,81.001,4,https://ramendb.supleks.jp/s/75755.html,ラーメン｜つけ麺｜まぜそば,醤油｜豚骨｜鶏｜魚介｜煮干し｜節,,,,,33.8364366,132.764527
rdb-165706,うさぎ家,ラーメン専門店,専門,松山市,愛媛県松山市太山寺町714-1,,,,3.01,2,https://tabelog.com/ehime/A3801/A380101/38016386/,,,https://ramendb.supleks.jp/s/165706.html,中華そば,煮干し,,,,,33.889553,132.733627
g-ChIJ_6tKqRHvTzURIF0yjZHo__o,うどん麦わら 麺処むぎ家,ラーメン専門店,専門,松山市,〒790-0944 愛媛県松山市古川西２丁目８−１,,089-958-8116,udonmugiwara,3.06,14,https://tabelog.com/ehime/A3801/A380101/38012773/,84.554,2,https://ramendb.supleks.jp/s/130200.html,ラーメン｜家系,醤油｜豚骨｜節,,,,,33.8087948,132.7587267
g-ChIJq2oumtDlTzURkBZswTu2Uv0,おでん・中華そば 瓢簞,ラーメン専門店,専門,松山市,〒790-0841 愛媛県松山市道後多幸町１−１ エグレット道後1F 102,,090-1170-9746,,3.01,12,https://tabelog.com/ehime/A3801/A380101/38014218/,,0,https://ramendb.supleks.jp/s/126249.html,中華そば,,,,,,33.8525516,132.7844844
osm-n2305778256,かめ福,ラーメン専門店,専門,松山市,〒790-0063 愛媛県松山市辻町１３−１５ グレース辻町,,089-922-6864,,3.24,50,https://tabelog.com/ehime/A3801/A380101/38002070/,80.764,7,https://ramendb.supleks.jp/s/6359.html,ラーメン,醤油｜豚骨｜胡麻,,,,,33.844204,132.748651
rdb-168651,ゴールデンゴリラ,ラーメン専門店,専門,松山市,愛媛県松山市歩行町1-13-3,,050-8883-5858,,3.22,9,https://tabelog.com/ehime/A3801/A380101/38016476/,82.97,1,https://ramendb.supleks.jp/s/168651.html,ラーメン｜冷やし,鶏｜節｜醤油｜煮干し,,,,,33.842587,132.774567
osm-n2441099695,こだわりラーメン海鮮とんこつ家,ラーメン専門店,専門,松山市,〒791-1104 愛媛県松山市北土居５丁目１７−１２,,089-958-0881,,3.26,72,https://tabelog.com/ehime/A3801/A380101/38001078/,82.362,9,https://ramendb.supleks.jp/s/7574.html,,豚骨,,,,,33.8091857,132.7780222
g-ChIJtaaEFADvTzUR3bsEKth8ZxI,サムライノネイロ,ラーメン専門店,専門,松山市,〒791-0054 愛媛県松山市空港通３丁目８−２４ キャッスルエアポート,,,samurainoneiro,3.08,20,https://tabelog.com/ehime/A3801/A380101/38016734/,84.671,3,https://ramendb.supleks.jp/s/168955.html,ラーメン｜家系｜まぜそば,塩｜豚骨｜煮干し,,,,,33.8283005,132.7379523
g-ChIJtXxoVwDpTzURjpw9OfRmH3o,じゃんめん フジグラン重信店,ラーメン専門店,専門,松山市,〒791-0245 愛媛県松山市南梅本町,,089-993-5029,janmem_fujigrandsigenoboten,,1,https://tabelog.com/ehime/A3801/A380101/38017421/,83.38,1,https://ramendb.supleks.jp/s/173659.html,ラーメン,,,辛い,,,33.7962798,132.8324539
g-ChIJs5SNPQDvTzUR9KBwSlVik8o,センベエ食堂,ラーメン専門店,専門,松山市,〒790-0038 愛媛県松山市和泉北３丁目１２−１６,,089-961-4822,senbe1114,3.17,17,https://tabelog.com/ehime/A3801/A380101/38015945/,,0,https://ramendb.supleks.jp/s/160349.html,ラーメン｜冷やし,醤油｜豚骨｜魚介,,,,,33.820662,132.75534
g-ChIJzROZBgDlTzURRB64ce3eXLI,だし川うま吉【不定休】,ラーメン専門店,専門,松山市,〒790-0003 愛媛県松山市三番町３丁目1−８ Ｎビル 2F北,,089-907-9448,dashikawa.umakichi,3.06,9,https://tabelog.com/ehime/A3801/A380101/38017037/,83.06,1,https://ramendb.supleks.jp/s/172915.html,ラーメン｜まぜそば,醤油｜鶏｜魚介,,清湯,,,33.8377552,132.7696435
g-ChIJoaLdfsPvTzURu9TObmXOWUQ,ダルマ食堂,ラーメン専門店,専門,松山市,〒790-0952 愛媛県松山市朝生田町５丁目１−２５ ジョー･プラ 1F フードコート内,,089-943-6288,,3.06,12,https://tabelog.com/ehime/A3801/A380101/38012176/,,0,https://ramendb.supleks.jp/s/106410.html,ラーメン｜ちゃんぽん,醤油,,,,,33.8210755,132.7722715
g-ChIJYcHETVLlTzURJM6Deqt2NGA,つけめん 真中（本店）,ラーメン専門店,専門,松山市,〒791-8061 愛媛県松山市三津３丁目３４−１１,,089-994-5456,syuhei_ramen,3.27,90,https://tabelog.com/ehime/A3801/A380101/38005383/,80.001,6,https://ramendb.supleks.jp/s/21481.html,つけ麺,,,,,,33.862206,132.712414
g-ChIJl-BUOuzlTzURkZrKPwNLaME,つけめん 蔵木,ラーメン専門店,専門,松山市,〒790-0004 愛媛県松山市大街道２丁目5−７ ロンドンヤビル 1F,,089-997-7729,kuraki.matsuyama,3.48,222,https://tabelog.com/ehime/A3801/A380101/38010904/,90.904,20,https://ramendb.supleks.jp/s/90665.html,つけ麺,,,,,,33.840575,132.7705475
g-ChIJNTr1TI7vTzUReSBMHGEYNQE,とりそば 翔 インスタ要確認,ラーメン専門店,専門,松山市,〒790-0951 愛媛県松山市天山１丁目１２−８ 天山スカイビル,,,torisobasho,3.39,62,https://tabelog.com/ehime/A3801/A380101/38014528/,85.551,4,https://ramendb.supleks.jp/s/143456.html,ラーメン,鶏,,あっさり｜濃厚,,,33.8233366,132.7777154
g-ChIJcecK2EfvTzURFpcPxKZQJwE,ねぎ坊主,ラーメン専門店,専門,松山市,〒790-0932 愛媛県松山市東石井６丁目３−１５,,089-956-5851,,3.08,44,https://tabelog.com/ehime/A3801/A380101/38000207/,78.623,4,https://ramendb.supleks.jp/s/6936.html,ラーメン,塩｜魚介｜胡麻,,あっさり｜にんにく,,,33.8094667,132.7759944
g-ChIJ36Ce2JjlTzUR-k8nbWATgYM,のっぴんらー麺,ラーメン専門店,専門,松山市,〒791-8021 愛媛県松山市中央１丁目３−５１１２,,089-925-2203,noppinramen,3.44,134,https://tabelog.com/ehime/A3801/A380101/38000206/,81.866,6,https://ramendb.supleks.jp/s/2045.html,ラーメン｜つけ麺｜担々麺,豚骨｜鶏｜魚介｜野菜｜胡麻,,,,,33.8523004,132.7525465
g-ChIJnzKS8O7lTzURwU80Eh2lrTY,バラックからし屋,ラーメン専門店,専門,松山市,〒790-0002 愛媛県松山市二番町１丁目２−４,,089-921-8668,,3.15,40,https://tabelog.com/ehime/A3801/A380101/38011148/,,,,ラーメン,,,辛い,,,33.839024699999996,132.7739811
rdb-97456,びいどろ,ラーメン専門店,専門,松山市,愛媛県松山市大街道2-5-9,,089-932-4130,,3.4,99,https://tabelog.com/ehime/A3801/A380101/38001433/,86.75,8,https://ramendb.supleks.jp/s/97456.html,ちゃんぽん,,,,,,33.84063,132.77034
g-ChIJm0BqGADlTzUR2_tv0U78oro,まぜそば専門店もず,ラーメン専門店,専門,松山市,〒791-8015 愛媛県松山市中央１丁目１２−３５ 岩本ビル,,050-8885-3325,mazesobamozu,3.21,26,https://tabelog.com/ehime/A3801/A380101/38016023/,,0,https://ramendb.supleks.jp/s/160960.html,まぜそば,,,,,,33.855661,132.7520252
g-ChIJJeHaqbHlTzURtbyVviZ6gx0,マリカリクリカ,ラーメン専門店,専門,松山市,〒791-8013 愛媛県松山市山越４丁目５−３５,,089-925-1996,,3.07,20,https://tabelog.com/ehime/A3801/A380101/38005428/,,0,https://ramendb.supleks.jp/s/114175.html,ラーメン,,,辛い,,,33.8635417,132.758875
rdb-153715,らーめん おが多 二番町店,ラーメン専門店,専門,松山市,愛媛県松山市二番町3-1 古唐人ビルB1F,,,,3.05,10,https://tabelog.com/ehime/A3801/A380101/38015148/,,,https://ramendb.supleks.jp/s/153715.html,ラーメン,醤油｜塩,,,,,33.838974,132.769608
g-ChIJR25P6PPlTzURhR-UaFi1yOo,ラーメン ブタイチ 松山二番町店,ラーメン専門店,専門,松山市,〒790-0002 愛媛県松山市二番町３丁目８−６,,089-993-6653,butaiti,3.38,78,https://tabelog.com/ehime/A3801/A380101/38014606/,83.825,3,https://ramendb.supleks.jp/s/144664.html,二郎系,醤油｜豚骨,太麺,背脂｜にんにく,,,33.8395219,132.7697316
osm-n2387958471,ラーメン 一興 鷹子店,ラーメン専門店,専門,松山市,愛媛県鷹子町858-2,Su-Sa 11:00-00:30,089-997-7553,,3.22,41,https://tabelog.com/ehime/A3801/A380101/38011853/,83.649,2,https://ramendb.supleks.jp/s/99694.html,ラーメン,豚骨,自家製麺,あっさり｜こってり,,,33.8160764,132.8072673
g-ChIJ9XK-47_vTzURSPU8XJsnHlQ,ラーメン 鑫龍,ラーメン専門店,専門,松山市,〒791-0054 愛媛県松山市空港通７丁目１２−１６,,089-900-8176,,3.18,52,https://tabelog.com/ehime/A3801/A380101/38008374/,81.904,4,https://ramendb.supleks.jp/s/59045.html,ラーメン｜つけ麺,醤油｜豚骨,,背脂｜にんにく,,,33.8281827,132.7279977
g-ChIJAchVPITlTzURM9_H_Eqz6Fs,らーめんおが多 キスケＢＯＸ店,ラーメン専門店,専門,松山市,〒790-0066 愛媛県松山市宮田町４−１,,089-921-0003,,3.45,210,https://tabelog.com/ehime/A3801/A380101/38001126/,89.01,21,https://ramendb.supleks.jp/s/5968.html,ラーメン,醤油｜鶏,,あっさり,,,33.841226299999995,132.75295409999998
g-ChIJL0JyYgDvTzURbYNS7nB98Zo,らーめんもりや 松山空港通店,ラーメン専門店,専門,松山市,〒791-8036 愛媛県松山市高岡町７２−３,,070-4308-7750,moriya114,3.34,60,https://tabelog.com/ehime/A3801/A380101/38015548/,84.211,2,https://ramendb.supleks.jp/s/156383.html,ラーメン,豚骨,,,,,33.8271249,132.7252658
g-ChIJO3gHTXLlTzURF6zo-fRyLVk,ラーメン一興 久万ノ台店,ラーメン専門店,専門,松山市,〒791-8016 愛媛県松山市久万ノ台２６１,,089-922-5155,,3.36,83,https://tabelog.com/ehime/A3801/A380101/38000322/,81.673,4,https://ramendb.supleks.jp/s/22225.html,ラーメン,豚骨,自家製麺,あっさり｜こってり,,,33.85720080000001,132.73914
g-ChIJ2QS5M1_vTzURvmJ8a1sNlng,ラーメン一興 立花店,ラーメン専門店,専門,松山市,〒790-0966 愛媛県松山市立花５丁目２−４,,089-921-2256,,3.31,74,https://tabelog.com/ehime/A3801/A380101/38000134/,83.544,16,https://ramendb.supleks.jp/s/2042.html,ラーメン,豚骨,自家製麺,あっさり｜こってり,,,33.826800999999996,132.770897
rdb-133749,ラーメン源骨,ラーメン専門店,専門,松山市,愛媛県松山市平和通3-3-16,,089-924-7901,,3.07,15,https://tabelog.com/ehime/A3801/A380101/38013856/,84.1,14,https://ramendb.supleks.jp/s/133749.html,ラーメン,豚骨,,背脂,,,33.847755,132.7677
g-ChIJz6nTcvPvTzURFuc8v2kZH0I,ラーメン自販機 oh28ya松山店 家系/二郎系,ラーメン専門店,専門,松山市,〒790-0951 愛媛県松山市天山１丁目６−２８ みなみビル ２F,,089-965-0003,,,,,,,,家系｜二郎系,醤油｜豚骨,,,,,33.8226106,132.7775739
g-ChIJp09vKKboTzURaIuFu1jkmr4,ラーメン食堂 縁 北久米店,ラーメン専門店,専門,松山市,〒790-0923 愛媛県松山市北久米町５５０−１,,089-976-8088,enishi_78,3.33,75,https://tabelog.com/ehime/A3801/A380101/38010679/,84.3,3,https://ramendb.supleks.jp/s/84088.html,二郎系,豚骨,,にんにく,,,33.8149267,132.79568519999998
osm-n2305044388,ラーメン来来亭 松山大前店,ラーメン専門店,専門,松山市,〒790-0825 愛媛県松山市道後樋又８−５,11:00-24:00,089-927-5306,rairai.matsuyamadaimae,3.05,69,https://tabelog.com/ehime/A3801/A380101/38008349/,81.216,4,https://ramendb.supleks.jp/s/58382.html,ラーメン,醤油｜鶏,,こってり｜背脂,,,33.852675,132.770787
g-ChIJUxzyEYDvTzURMm75EfM-roQ,らぁ麺 参獣師,ラーメン専門店,専門,松山市,〒790-0952 愛媛県松山市朝生田町１丁目５−２６,,,ramen.sanjyuushi,3.12,17,https://tabelog.com/ehime/A3801/A380101/38016902/,82.97,1,https://ramendb.supleks.jp/s/170800.html,ラーメン,豚骨｜鶏,,濃厚｜泡系,,,33.8236218,132.77495439999998
rdb-173409,ラー麺ずんどう屋 松山問屋町店,ラーメン専門店,専門,松山市,愛媛県松山市問屋町1-4,,089-908-6989,,,,,,,https://ramendb.supleks.jp/s/173409.html,ラーメン,豚骨,,濃厚,,,33.862808,132.751038
rdb-71307,一天張,ラーメン専門店,専門,松山市,愛媛県松山市二番町3-8-2,,089-934-5333,,3.4,114,https://tabelog.com/ehime/A3801/A380101/38000893/,85.24,9,https://ramendb.supleks.jp/s/71307.html,担々麺,,,辛い,,,33.839596,132.76973
g-ChIJyeLUSPPlTzUR5p6iPFffdyY,炎やらーめん,ラーメン専門店,専門,松山市,〒790-0012 愛媛県松山市湊町４丁目２−２７,,089-934-2377,,3.35,82,https://tabelog.com/ehime/A3801/A380101/38000057/,87.595,12,https://ramendb.supleks.jp/s/2047.html,ラーメン,醤油｜豚骨,,辛い,,,33.8355586,132.7667267
g-ChIJdce-SADnTzURB72TcqKI0Y0,横浜家系ラーメン 一門家 枝松店,ラーメン専門店,専門,松山市,〒790-0962 愛媛県松山市枝松５丁目８−３０ ビージョイマンション,,089-993-7858,ichimonya_edamatsu,3.07,13,https://tabelog.com/ehime/A3801/A380101/38015536/,83.246,2,https://ramendb.supleks.jp/s/155557.html,家系｜中華そば｜二郎系,醤油｜豚骨｜味噌｜魚介｜塩,,濃厚,,,33.8293166,132.7860409
g-ChIJ9za_agDvTzURO9Pz-QXsmPY,横浜家系ラーメン 一門家 椿参道店,ラーメン専門店,専門,松山市,〒790-0934 愛媛県松山市居相３丁目２−２,,089-997-7305,,3.03,4,https://tabelog.com/ehime/A3801/A380101/38016899/,82.522,2,https://ramendb.supleks.jp/s/171702.html,家系｜中華そば｜二郎系,醤油｜豚骨｜味噌｜魚介｜塩,,濃厚,,,33.808873999999996,132.7688289
rdb-86674,横浜家系らーめん 黒帯,ラーメン専門店,専門,松山市,愛媛県松山市本町6-2-12,,089-922-9601,,3.39,78,https://tabelog.com/ehime/A3801/A380101/38010868/,84.99,8,https://ramendb.supleks.jp/s/86674.html,家系,豚骨｜醤油,,,,,33.851555,132.75853
osm-n10275126705,横浜家系ラーメン一門家　大街道店,ラーメン専門店,専門,松山市,愛媛県松山市,,089-993-7385,,3.18,69,https://tabelog.com/ehime/A3801/A380101/38012794/,84.612,6,https://ramendb.supleks.jp/s/116039.html,家系｜中華そば｜二郎系,醤油｜豚骨｜味噌｜魚介｜塩,,濃厚,,,33.8395731,132.770018
osm-n11559743688,久留米とんこつラーメン 松山分校,ラーメン専門店,専門,松山市,〒791-8015 愛媛県松山市中央２丁目３８−６,,089-923-1992,matsuyamabunko,3.56,312,https://tabelog.com/ehime/A3801/A380101/38000137/,91.893,39,https://ramendb.supleks.jp/s/2044.html,,豚骨,,,,,33.8549952,132.7470375
g-ChIJcyg3BOzlTzURDtf3MCAd4hs,錦 iwamoto,ラーメン専門店,専門,松山市,〒790-0001 愛媛県松山市一番町２丁目７−２,,089-961-1940,nishiki_iwamoto,3.51,257,https://tabelog.com/ehime/A3801/A380101/38011671/,92.085,77,https://ramendb.supleks.jp/s/96622.html,ラーメン,醤油｜塩｜鶏｜鯛・鮮魚,,白湯,,,33.841710899999995,132.7707462
g-ChIJi0-7egDpTzUR_2CGh9T5ZlM,九州豚骨醤油 鯉から竜 久米店,ラーメン専門店,専門,松山市,〒790-0924 愛媛県松山市南久米町５０５−１,,089-907-3393,koi_kara_ryu_kume,3.19,27,https://tabelog.com/ehime/A3801/A380101/38016727/,82.497,2,https://ramendb.supleks.jp/s/168883.html,,醤油｜豚骨,,,,,33.8138407,132.7954804
g-ChIJh6qjlvPlTzURRdhkON-EnzM,九州豚骨醤油 鯉から竜 松山店,ラーメン専門店,専門,松山市,〒791-8005 愛媛県松山市東長戸２丁目５−４１,,089-994-5332,koi_kara_ryu_matsuyama,3.36,74,https://tabelog.com/ehime/A3801/A380101/38016009/,82.45,1,https://ramendb.supleks.jp/s/160995.html,,醤油｜豚骨,,,,,33.866475699999995,132.750718
osm-n8244379251,源氏車,ラーメン専門店,専門,松山市,〒790-0005 愛媛県松山市花園町５−１１,,089-933-5005,genj_5,3.45,222,https://tabelog.com/ehime/A3801/A380101/38006437/,89.953,26,https://ramendb.supleks.jp/s/71113.html,つけ麺｜まぜそば,豚骨｜魚介,太麺｜自家製麺,濃厚,,,33.8383385,132.7620353
g-ChIJy873QhPvTzURreIiTQRLS3g,古川屋台ソウヅ,ラーメン専門店,専門,松山市,〒790-0941 愛媛県松山市和泉南５丁目２−２１ 大野ビル 106,,090-8888-8091,,,,,84.16,3,https://ramendb.supleks.jp/s/98498.html,二郎系｜つけ麺｜まぜそば,,太麺,,,,33.8134344,132.7605523
g-ChIJb7isTkXlTzURNDEsnamn5ak,高見屋,ラーメン専門店,専門,松山市,〒791-8064 愛媛県松山市元町８−４５,,089-951-0883,,3.23,54,https://tabelog.com/ehime/A3801/A380101/38000269/,,0,https://ramendb.supleks.jp/s/175101.html,中華そば,,,,,,33.860209,132.718432
g-ChIJ42c2KuzlTzURXlIAe6cSEbs,骨太味覚 本店,ラーメン専門店,専門,松山市,〒790-0004 愛媛県松山市大街道３丁目３−５ 友近ビル,,089-933-7756,,3.31,89,https://tabelog.com/ehime/A3801/A380101/38007614/,89.87,23,https://ramendb.supleks.jp/s/59844.html,ラーメン,豚骨,,こってり｜濃厚｜背脂｜にんにく,,,33.842260599999996,132.7704946
g-ChIJG4LDwaXoTzURrd8KLEMoZbA,四川旬菜アスター,ラーメン専門店,専門,松山市,〒790-0924 愛媛県松山市南久米町５４５−１,,089-970-4141,kume_aster,3.32,60,https://tabelog.com/ehime/A3801/A380101/38000395/,,0,https://ramendb.supleks.jp/s/128677.html,ラーメン｜担々麺｜ちゃんぽん,醤油｜味噌｜胡麻,,濃厚｜辛い,,,33.8117359,132.7967959
g-ChIJBSfCXB7lTzURsF8BTdwyBdI,周旋人,ラーメン専門店,専門,松山市,"中の川テナント, 西, 6-11 北立花町 松山市 愛媛県 790-0867",,070-5350-9009,syusennin18,3.06,9,https://tabelog.com/ehime/A3801/A380101/38016266/,86.918,1,https://ramendb.supleks.jp/s/164116.html,二郎系,,太麺,背脂｜にんにく,,,33.8351517,132.7721267
g-ChIJ5x4vIwDlTzURhsW7UUVF6ik,松山ブラックラーメン 黒虎屋,ラーメン専門店,専門,松山市,〒790-0004 愛媛県松山市大街道２丁目2−７ 第二香川ビル 1階,,089-968-2033,matsuyama_black,3.05,9,https://tabelog.com/ehime/A3801/A380101/38017155/,,0,https://ramendb.supleks.jp/s/173804.html,中華そば｜油そば,醤油,自家製麺,背脂｜濃厚,,,33.838907999999996,132.7700064
g-ChIJky_aKADlTzURSyT6QRDgXYA,松山ラーメン うしみつ,ラーメン専門店,専門,松山市,〒790-0002 愛媛県松山市二番町１丁目９−１１ いすず興産ビル 1F,,080-9772-0432,ushimitsu_matsuyama,3.23,38,https://tabelog.com/ehime/A3801/A380101/38015933/,,0,https://ramendb.supleks.jp/s/160160.html,ラーメン,醤油｜塩,,背脂,,,33.839817499999995,132.7723727
g-ChIJO_3eJJrlTzUR93CkLLJGciY,松山鯛ラーメン万福久,ラーメン専門店,専門,松山市,〒790-0004 愛媛県松山市大街道３丁目６−４,,089-931-8122,,3.4,95,https://tabelog.com/ehime/A3801/A380101/38014291/,83.496,2,https://ramendb.supleks.jp/s/162769.html,,鯛・鮮魚,,,,,33.843421,132.7714153
g-ChIJdfqhgt3lTzUR0INHkJ38Koc,松流 フジグラン松山本店,ラーメン専門店,専門,松山市,〒790-0065 愛媛県松山市宮西１丁目２−１ フジグラン松山 1階,,050-8884-9142,matsuryu_matsuyama,3.01,4,https://tabelog.com/ehime/A3801/A380101/38017384/,,0,https://ramendb.supleks.jp/s/174954.html,ラーメン｜まぜそば,豚骨,,,,,33.845053199999995,132.7526164
rdb-164374,笑福,ラーメン専門店,専門,松山市,愛媛県松山市二番町2-6-6 21ビル1F,,,,3.03,4,https://tabelog.com/ehime/A3801/A380101/38016278/,,,https://ramendb.supleks.jp/s/164374.html,中華そば,鶏,,,,,33.839615,132.771439
g-ChIJ8xtCuGrvTzUR8290HgkWdao,醤油ラーメン専門店 醤和堂,ラーメン専門店,専門,松山市,〒790-0941 愛媛県松山市和泉南２丁目１１−１５,,089-993-8786,shouwadow,3.42,78,https://tabelog.com/ehime/A3801/A380101/38014851/,83.112,1,https://ramendb.supleks.jp/s/147403.html,,醤油,,,,,33.817060999999995,132.7609238
rdb-95928,食房 夢而今,ラーメン専門店,専門,松山市,愛媛県松山市道後湯之町12-33,,089-921-7759,,3.04,28,https://tabelog.com/ehime/A3801/A380101/38008182/,82.67,1,https://ramendb.supleks.jp/s/95928.html,ラーメン｜担々麺｜冷やし,醤油｜塩｜味噌｜豚骨｜魚介｜鶏,,,,,33.850834,132.785217
rdb-157062,辛麺 kitchen 彩 二番町店,ラーメン専門店,専門,松山市,愛媛県松山市二番町2-9-2,,089-993-8138,,3.05,8,https://tabelog.com/ehime/A3801/A380101/38015584/,83.27,1,https://ramendb.supleks.jp/s/157062.html,辛麺,,,辛い,,,33.840187,132.770691
rdb-110997,辛麺kitchen 彩,ラーメン専門店,専門,松山市,愛媛県松山市三番町1-15-1,,089-993-7897,,3.09,23,https://tabelog.com/ehime/A3801/A380101/38012749/,83.3,2,https://ramendb.supleks.jp/s/110997.html,辛麺,,,辛い,,,33.838806,132.773849
rdb-126548,辛麺kitchen 彩 山西店,ラーメン専門店,専門,松山市,愛媛県松山市山西町544-8,,,,3.07,19,https://tabelog.com/ehime/A3801/A380101/38013439/,83.34,3,https://ramendb.supleks.jp/s/126548.html,辛麺,,,辛い,,,33.850952,132.727615
g-ChIJS4ESIgDlTzUR5_Jb22KYuUY,辛麺屋 飛麻飛火,ラーメン専門店,専門,松山市,〒790-0962 愛媛県松山市枝松４丁目１−１２,,089-903-8870,,3.14,21,https://tabelog.com/ehime/A3801/A380101/38015747/,83.9,4,https://ramendb.supleks.jp/s/158127.html,辛麺,,,辛い,,,33.8301114,132.785645
rdb-118036,辛麺屋 桝元 松山店,ラーメン専門店,専門,松山市,愛媛県松山市二番町2-5-45,,089-945-7306,,3.4,111,https://tabelog.com/ehime/A3801/A380101/38000349/,83.05,1,https://ramendb.supleks.jp/s/118036.html,辛麺,,,辛い,,,33.839626,132.771011
g-ChIJ_wVeX-7lTzURrv4GSx0zaDY,瀬戸内ラーメン あづま家 二番町店,ラーメン専門店,専門,松山市,〒790-0002 愛媛県松山市二番町２丁目５−１２ 1f,,089-935-6933,azumaya.nibantyou,3.47,260,https://tabelog.com/ehime/A3801/A380101/38007681/,87.671,17,https://ramendb.supleks.jp/s/10884.html,ラーメン｜つけ麺｜まぜそば,醤油｜豚骨｜鶏｜魚介｜煮干し｜節,,,,,33.8399611,132.7709872
g-ChIJU9VgzHjlTzUR2xotKTdQsv8,瀬戸内らーめん 伍式 鮮魚系真鯛,ラーメン専門店,専門,松山市,〒790-0603 愛媛県松山市平和通り２丁目３−６,,089-941-5999,,3.16,21,https://tabelog.com/ehime/A3801/A380101/38014670/,84.255,2,https://ramendb.supleks.jp/s/145217.html,ラーメン｜まぜそば｜つけ麺,鯛・鮮魚｜醤油｜塩｜煮干し,,セメント系,,,33.847327,132.7690887
g-ChIJUdsX5N_lTzURjcXN98zfldk,清龍園 湯渡店,ラーメン専門店,専門,松山市,〒790-0862 愛媛県松山市湯渡町１０−６,,089-943-1419,,3.09,28,https://tabelog.com/ehime/A3801/A380101/38008121/,81.757,1,https://ramendb.supleks.jp/s/91993.html,中華そば｜ちゃんぽん,醤油｜豚骨,,,,,33.840955,132.7848874
g-ChIJ3_lsF5vlTzURRSW9-bv6gjY,生しじみラーメン『オルニ』松山本店,ラーメン専門店,専門,松山市,"〒790-0003 愛媛県松山市三番町２丁目10−１０ Sky Tower, 1階奥",,080-4058-0148,orni_shijimiramen,3.17,34,https://tabelog.com/ehime/A3801/A380101/38016114/,82.874,1,https://ramendb.supleks.jp/s/162297.html,,貝,,,,,33.8389656,132.7714019
rdb-58591,大澤麺工房 一葵,ラーメン専門店,専門,松山市,愛媛県松山市三番町2-5-19,,089-946-3636,,3.25,69,https://tabelog.com/ehime/A3801/A380101/38007145/,82.77,6,https://ramendb.supleks.jp/s/58591.html,ラーメン｜まぜそば,塩｜味噌,,あっさり｜こってり｜濃厚,,,33.837997,132.771469
rdb-100266,地鶏白醤油拉麺 鶏真 大街道店,ラーメン専門店,専門,松山市,愛媛県松山市大街道2-1-2,,,,3.16,23,https://tabelog.com/ehime/A3801/A380101/38010592/,84.16,3,https://ramendb.supleks.jp/s/100266.html,ラーメン,醤油｜鶏白湯,,背脂,,,33.838715,132.770279
g-ChIJ7yJlegDpTzURBhNkcBeXkXY,中華そば 鯊,ラーメン専門店,専門,松山市,〒791-1133 愛媛県松山市浄瑠璃町５１３−２,,,kanna_sourire,3.06,9,https://tabelog.com/ehime/A3801/A380101/38017017/,,0,https://ramendb.supleks.jp/s/172944.html,中華そば,,,,,,33.7572836,132.8171979
g-ChIJkYpGno7lTzURD3Zo3dr7jNs,中華そば・おでん 瓢太,ラーメン専門店,専門,松山市,〒790-0003 愛媛県松山市三番町６丁目１−１０,,089-931-5133,chukasoba_hyota,3.52,465,https://tabelog.com/ehime/A3801/A380101/38000972/,88.698,50,https://ramendb.supleks.jp/s/4949.html,中華そば,,,,,,33.8383481,132.76129459999999
g-ChIJMTjcLgDvTzURQeBU3m6NGhQ,中華そば56,ラーメン専門店,専門,松山市,〒790-0042 愛媛県松山市保免中２丁目９−２２,,,ramenman_56,3.16,21,https://tabelog.com/ehime/A3801/A380101/38016184/,,0,https://ramendb.supleks.jp/s/162905.html,中華そば,,,,,,33.8166187,132.7457263
g-ChIJkVu4OCzuTzURcSaZBEh6mY0,中華そば創,ラーメン専門店,専門,松山市,〒791-8043 愛媛県松山市東垣生町３３０−１,,089-974-5753,,3.43,118,https://tabelog.com/ehime/A3801/A380101/38002382/,87.441,9,https://ramendb.supleks.jp/s/82924.html,中華そば,,,,,,33.8125713,132.7141249
osm-n2441105205,中華つけ麺大王,ラーメン専門店,専門,松山市,〒791-1104 愛媛県松山市北土居５丁目１６−２９,,089-956-4786,,3.25,47,https://tabelog.com/ehime/A3801/A380101/38005160/,83.424,2,https://ramendb.supleks.jp/s/88253.html,つけ麺,,,,,,33.8089562,132.7794652
g-ChIJF42TdVrlTzURHfGa_O-neUc,長浜ラーメン 長浜一番,ラーメン専門店,専門,松山市,〒791-8053 愛媛県松山市若葉町８−３５,,089-952-9911,,3.46,167,https://tabelog.com/ehime/A3801/A380101/38000056/,83.73,22,https://ramendb.supleks.jp/s/5783.html,,豚骨,,,,,33.8571501,132.7175182
osm-w230964592,天下一品 土居田店,ラーメン専門店,専門,松山市,〒790-0056 愛媛県松山市土居田町９２−１ 天下一品土居田店,,089-934-6315,tenkaippin_jp,3.05,73,https://tabelog.com/ehime/A3801/A380101/38000335/,81.27,12,https://ramendb.supleks.jp/s/6410.html,,鶏,,こってり｜濃厚,,,33.822166,132.7529191
rdb-163493,天領 二番町店,ラーメン専門店,専門,松山市,愛媛県松山市二番町1-1-10,,089-934-7215,,3.07,12,https://tabelog.com/ehime/A3801/A380101/38016204/,85.5,0,https://ramendb.supleks.jp/s/163493.html,ラーメン,豚骨｜醤油,自家製麺｜細麺,あっさり,,,33.838985,132.774658
g-ChIJgQBS7lblTzURARY9vhCMZSs,東京油組総本店 大街道組,ラーメン専門店,専門,松山市,〒790-0004 愛媛県松山市大街道２丁目３−１,,050-8890-4648,tokyoaburagumi,3.12,28,https://tabelog.com/ehime/A3801/A380101/38015032/,,,https://ramendb.supleks.jp/s/151668.html,油そば,,,,,,33.8391573,132.7699419
g-ChIJNfG2IaDlTzURzsYNBEsF_dQ,闘牛ラーメン,ラーメン専門店,専門,松山市,〒791-8016 愛媛県松山市久万ノ台１２５−３,,089-926-3532,,3.43,111,https://tabelog.com/ehime/A3801/A380101/38000971/,90.65,11,https://ramendb.supleks.jp/s/73116.html,ラーメン,醤油｜豚骨,,あっさり,,,33.856468299999996,132.7485199
g-ChIJQQ4qjyzlTzURa3S2refmHdA,豚珍行,ラーメン専門店,専門,松山市,〒790-0002 愛媛県松山市二番町１丁目10−６,,089-943-2404,tonchinko,3.51,442,https://tabelog.com/ehime/A3801/A380101/38000204/,89.87,28,https://ramendb.supleks.jp/s/2046.html,ラーメン,醤油｜豚骨｜鶏｜魚介｜野菜,,,,,33.8401162,132.7726899
g-ChIJVVVVVfLlTzURw8qhvYUg-tQ,豚麺 アジト,ラーメン専門店,専門,松山市,〒790-0964 愛媛県松山市中村３丁目２−８,,,,3.12,38,https://tabelog.com/ehime/A3801/A380101/38013214/,86.43,3,https://ramendb.supleks.jp/s/122934.html,二郎系,醤油｜豚骨,太麺,濃厚｜にんにく,,,33.8299776,132.7774705
rdb-7213,博多一風堂 松山店,ラーメン専門店,専門,松山市,愛媛県松山市二番町3-8-12,,,,3.06,99,https://tabelog.com/ehime/A3801/A380101/38000365/,86.85,18,https://ramendb.supleks.jp/s/7213.html,ラーメン,豚骨,細麺,,,,33.839596,132.76973
g-ChIJ7zVgiqnlTzURvtM_81pJ-bw,番町製麺,ラーメン専門店,専門,松山市,〒790-0003 愛媛県松山市三番町８丁目１０−８,,,banchoseimen,3.35,79,https://tabelog.com/ehime/A3801/A380101/38013859/,86.17,8,https://ramendb.supleks.jp/s/134005.html,二郎系｜まぜそば,豚骨,,濃厚,,,33.8385791,132.7540459
g-ChIJP6otfZXvTzURDzlBFeMpqUA,風雲丸 松山空港通り店,ラーメン専門店,専門,松山市,〒791-0054 愛媛県松山市空港通６丁目１３−１８,,089-989-8013,fuunmarumatuyama,3.31,84,https://tabelog.com/ehime/A3801/A380101/38007620/,81.74,2,https://ramendb.supleks.jp/s/73426.html,ラーメン｜つけ麺,味噌｜煮干し,,濃厚,,,33.8280601,132.7290548
g-ChIJ3bdhHgseUDURfb9bnjcOzMo,風早いちや,ラーメン専門店,専門,松山市,〒799-2407 愛媛県松山市下難波４６３−１,,089-992-1800,ichiyakazahaya,3.07,28,https://tabelog.com/ehime/A3801/A380101/38007387/,82.96,2,https://ramendb.supleks.jp/s/113544.html,ラーメン｜ちゃんぽん,醤油｜鶏｜魚介,,,,,33.980596999999996,132.78376
g-ChIJRZf0Cq_oTzURXUrIMPZ6itA,風風亭 久米店,ラーメン専門店,専門,松山市,〒791-1102 愛媛県松山市来住町１４６２−１,,089-904-3019,,3.06,15,https://tabelog.com/ehime/A3801/A380101/38011107/,,,,ラーメン,豚骨,自家製麺,あっさり,,,33.811586,132.79415799999998
rdb-78024,風風亭 樽味本店,ラーメン専門店,専門,松山市,愛媛県松山市樽味1-3-9,,,,3.1,43,https://tabelog.com/ehime/A3801/A380101/38000409/,80.49,2,https://ramendb.supleks.jp/s/78024.html,ラーメン,豚骨,自家製麺,あっさり,,,33.838966,132.786438
g-ChIJxd1niFvvTzURtAVNjApCkyw,味千拉麺 朝生田店,ラーメン専門店,専門,松山市,〒790-0952 愛媛県松山市朝生田町２丁目１−１ 第92 杉フラット,,089-943-8588,aji1000_jp,3.03,56,https://tabelog.com/ehime/A3801/A380101/38007851/,82.81,1,https://ramendb.supleks.jp/s/86915.html,ラーメン,豚骨,,,,,33.822004199999995,132.77122989999998
g-ChIJHUP4cZXlTzURoyF1eYXRZOg,味噌とんこつらーめん まる,ラーメン専門店,専門,松山市,〒790-0012 愛媛県松山市湊町６丁目５−３,,089-954-4556,0o0maru0o0,3.42,89,https://tabelog.com/ehime/A3801/A380101/38012616/,86.21,7,https://ramendb.supleks.jp/s/113124.html,,味噌｜豚骨,,,,,33.835968199999996,132.7601315
g-ChIJpxXitIHlTzURf2_0nRRw9Sg,夢を語れ 松山,ラーメン専門店,専門,松山市,〒790-0827 愛媛県松山市鉄砲町１−２ 野中ビル 1F,,,,3.44,103,https://tabelog.com/ehime/A3801/A380101/38013435/,90.17,12,https://ramendb.supleks.jp/s/126228.html,二郎系｜まぜそば,,太麺,にんにく,,,33.848026,132.7688286
rdb-157557,麺 一,ラーメン専門店,専門,松山市,愛媛県松山市大街道3-2-31,,089-913-6680,,3.06,3,https://tabelog.com/ehime/A3801/A380101/38013748/,,,https://ramendb.supleks.jp/s/157557.html,中華そば,,,,,,33.843357,132.769653
g-ChIJQVoKNfPlTzURwmIwkny6ueg,麺と向かって鰹,ラーメン専門店,専門,松山市,〒790-0012 愛媛県松山市湊町４丁目1−１２,,070-2343-8847,katsuo_ehime,3.49,152,https://tabelog.com/ehime/A3801/A380101/38013958/,89.78,8,https://ramendb.supleks.jp/s/135943.html,,節,,,,,33.8355709,132.7671311
g-ChIJJ4GP3s7lTzURDUtdmDVly_g,麺のようじ 松山店,ラーメン専門店,専門,松山市,〒790-0012 愛媛県松山市湊町５丁目１−１ まつちかタウン,,,menno_youji_matsuyama,3.25,40,https://tabelog.com/ehime/A3801/A380101/38016603/,83.47,3,https://ramendb.supleks.jp/s/167789.html,ラーメン｜つけ麺,塩｜鶏｜節,,清湯,,,33.836058699999995,132.76339470000002
g-ChIJ63LeUMPlTzUR_brlGzl4lAE,麺や 新倉,ラーメン専門店,専門,松山市,〒790-0844 愛媛県松山市道後一万８−２８ 東雲ハイツ,,089-924-9911,menyashinkura,3.46,162,https://tabelog.com/ehime/A3801/A380101/38011943/,92.15,37,https://ramendb.supleks.jp/s/101009.html,ラーメン｜つけ麺,,,濃厚,,,33.8488087,132.77559580000002
g-ChIJsRC7vfnlTzURiXdgC3QRBAY,麺や雅,ラーメン専門店,専門,松山市,〒791-8058 愛媛県松山市海岸通６７０−２０ 海岸通りマンション 麺や雅,,090-5402-7941,menyamiyabi,3.06,16,https://tabelog.com/ehime/A3801/A380101/38014887/,82.97,1,https://ramendb.supleks.jp/s/148212.html,ラーメン,豚骨,,,,,33.853913399999996,132.7124029
g-ChIJu8dtFtjvTzURkmSiNz1jcKY,麺屋 ICHI,ラーメン専門店,専門,松山市,〒790-0952 愛媛県松山市朝生田町５丁目８−１６,,089-915-6123,menya.ichi,3.32,55,https://tabelog.com/ehime/A3801/A380101/38008963/,84.5,4,https://ramendb.supleks.jp/s/115393.html,ラーメン｜つけ麺,醤油｜豚骨｜魚介,,濃厚,,,33.8203349,132.7716268
g-ChIJq1Rmyu3lTzURs_48FrDZGCQ,麺屋 十銭,ラーメン専門店,専門,松山市,〒790-0004 愛媛県松山市大街道２丁目３−１５,,090-1170-1860,,3.46,177,https://tabelog.com/ehime/A3801/A380101/38001531/,84.05,10,https://ramendb.supleks.jp/s/21251.html,ラーメン,醤油｜煮干し,,背脂,,,33.840025499999996,132.7699346
g-ChIJxxft0ojlTzURVNSD0_-1bgQ,麺屋 勝十銭,ラーメン専門店,専門,松山市,〒790-0003 愛媛県松山市三番町１丁目９−９,,089-941-7576,katsu.jussen.7_7,3.3,43,https://tabelog.com/ehime/A3801/A380101/38007186/,83.63,2,https://ramendb.supleks.jp/s/102070.html,ラーメン,醤油｜煮干し,,背脂,,,33.8379105,132.7722479
g-ChIJYbhOBgDlTzURQnOdNzVTGkM,麺屋 鮮太,ラーメン専門店,専門,松山市,〒790-0002 愛媛県松山市二番町２丁目５−２,,089-931-8151,senta_menya,3.04,5,https://tabelog.com/ehime/A3801/A380101/38016143/,,,https://ramendb.supleks.jp/s/161233.html,中華そば,醤油｜塩｜味噌,,,,,33.839298299999996,132.7709404
g-ChIJj-Oi2PrvTzURPEsBfZp081k,麺屋 柚木,ラーメン専門店,専門,松山市,〒790-0021 愛媛県松山市真砂町３−２ レジデンス市駅南 １階,,080-9839-1697,menyayuzuki,3.42,57,https://tabelog.com/ehime/A3801/A380101/38014848/,87.45,6,https://ramendb.supleks.jp/s/147906.html,ラーメン｜中華そば｜二郎系,醤油｜豚骨｜鶏｜魚介,太麺,こってり,,,33.832273199999996,132.7604809
rdb-156659,麺屋 颯,ラーメン専門店,専門,松山市,愛媛県松山市下難波462-1,,,,3.11,18,https://tabelog.com/ehime/A3801/A380101/38015887/,,,https://ramendb.supleks.jp/s/156659.html,ラーメン,醤油｜鶏｜魚介,,,,,33.98085,132.782913
g-ChIJD8FokKnlTzURDXSbDHiEo9M,麺屋もりと,ラーメン専門店,専門,松山市,〒790-0001 愛媛県松山市一番町１丁目11−６,,050-8884-3812,morito_matsuyama,3.19,43,https://tabelog.com/ehime/A3801/A380101/38015300/,84.07,2,https://ramendb.supleks.jp/s/153142.html,ラーメン｜つけ麺,鶏白湯｜煮干し,,濃厚｜白湯,,,33.8412109,132.77283789999998
g-ChIJaSDV-e3lTzUR1O9mvs2WNkc,麺家 なかむら,ラーメン専門店,専門,松山市,〒790-0003 愛媛県松山市三番町２丁目３−１７,,,,,,,91.42,20,https://ramendb.supleks.jp/s/7685.html,ラーメン,醤油｜塩｜鶏｜鯛・鮮魚,,清湯,,,33.837517,132.7707048
g-ChIJq6qpVhjmTzURx5LwDGeYg3I,麺工房 茜屋,ラーメン専門店,専門,松山市,〒790-0923 愛媛県松山市北久米町５４−３,,089-976-6089,,3.11,49,https://tabelog.com/ehime/A3801/A380101/38000550/,79.7,1,https://ramendb.supleks.jp/s/6718.html,ラーメン｜創作系,,,,,,33.821617599999996,132.80314629999998
rdb-173658,麺工房 遥海,ラーメン専門店,専門,松山市,愛媛県松山市道後湯之町1-38,,,,3.01,1,https://tabelog.com/ehime/A3801/A380101/38017121/,82.73,1,https://ramendb.supleks.jp/s/173658.html,油そば,,,,,,33.850639,132.787674
g-ChIJM2SvGaDlTzURKVx0S2pgTEA,麺処 大河,ラーメン専門店,専門,松山市,〒790-0006 愛媛県松山市南堀端町６−２３,,089-954-4760,mendokoro_taiga,3.23,33,https://tabelog.com/ehime/A3801/A380101/38015056/,83.16,1,https://ramendb.supleks.jp/s/149067.html,ラーメン｜つけ麺,味噌｜豚骨｜魚介,,,,,33.839213199999996,132.76148999999998
rdb-109964,麺場 田所商店 新空港通り店,ラーメン専門店,専門,松山市,愛媛県松山市北斎院町637-19,,,,3.04,65,https://tabelog.com/ehime/A3801/A380101/38012474/,83.74,2,https://ramendb.supleks.jp/s/109964.html,ラーメン,味噌｜豚骨,,,,,33.838474,132.72789
osm-n13954951301,麺鮮醤油房 周月,ラーメン専門店,専門,松山市,〒799-2654 愛媛県松山市内宮町４−１８,Fr-We 10:00-22:00,,shugetsu_kita,3.06,21,https://tabelog.com/ehime/A3801/A380101/38016311/,,,https://ramendb.supleks.jp/s/163766.html,,醤油,,,,,33.8964251,132.748466
g-ChIJbdYkoO7lTzURpDX2BvCC-Xs,麺鮮醤油房 周平,ラーメン専門店,専門,松山市,〒790-0001 愛媛県松山市一番町２丁目４−１１,,089-945-1025,syuhei_ramen,3.45,260,https://tabelog.com/ehime/A3801/A380101/38000319/,89.24,43,https://ramendb.supleks.jp/s/6049.html,,醤油,,,,,33.8407397,132.77131610000004
g-ChIJB1k0K_XnTzUR4hHW7IZuQTg,麺道 仙波,ラーメン専門店,専門,松山市,〒790-0915 愛媛県松山市松末１丁目２−１１ 1F,,089-997-7294,mendousemba,3.19,35,https://tabelog.com/ehime/A3801/A380101/38015285/,83.13,2,https://ramendb.supleks.jp/s/153281.html,ラーメン,醤油｜塩｜豚骨,自家製麺,白湯,,,33.8256886,132.7905051
osm-n12208660713,油そば,ラーメン専門店,専門,松山市,〒790-0011 愛媛県松山市千舟町５丁目１−６,,089-997-7566,nishio.chukashunsai,,,,,,,油そば,,,,,,33.8366655,132.7645873
g-ChIJO04Kn7_lTzURfRAdwxyMbaw,油そば 周平,ラーメン専門店,専門,松山市,〒790-0823 愛媛県松山市清水町２丁目１５−１０,,089-916-7660,syuhei_ramen,3.09,33,https://tabelog.com/ehime/A3801/A380101/38012446/,84.18,3,https://ramendb.supleks.jp/s/110550.html,油そば,,,,,,33.8512018,132.7651003
g-ChIJR5XVeW_mTzUR-eygRq-a65g,葉牡丹,ラーメン専門店,専門,松山市,〒790-0903 愛媛県松山市東野２丁目９−２１,,089-977-1066,habotan_matuyama,3.03,8,https://tabelog.com/ehime/A3801/A380101/38005426/,82.58,1,https://ramendb.supleks.jp/s/118603.html,中華そば,,,,,,33.843379299999995,132.7979106
osm-n2385956566,来来亭,ラーメン専門店,専門,松山市,〒790-0038 愛媛県松山市和泉北１丁目７−５,,089-968-1169,rairaitei_2000,3.04,47,https://tabelog.com/ehime/A3801/A380101/38008968/,81.87,3,https://ramendb.supleks.jp/s/65115.html,ラーメン,醤油｜鶏,,こってり｜背脂,,,33.8230659,132.7577818
g-ChIJ8b0PAADlTzURdA-73DKoZO0,狼煙,ラーメン専門店,専門,松山市,〒790-0003 愛媛県松山市三番町４丁目９,,089-909-4440,noroshi4chikaki.yakitori,3.32,29,https://tabelog.com/ehime/A3801/A380101/38016619/,83.89,3,https://ramendb.supleks.jp/s/168022.html,ラーメン｜つけ麺,醤油｜鶏,,,,,33.838270800000004,132.7653575
g-ChIJq6qeD4zlTzURCGO0Yf1Und4,拉麺 閏 （ラーメン ウルウ）,ラーメン専門店,専門,松山市,〒790-0005 愛媛県松山市花園町４−６ ＵＰＴＯＮＰＡＲＫ２１,,089-932-5545,ramenuruu,3.38,103,https://tabelog.com/ehime/A3801/A380101/38011335/,90.09,22,https://ramendb.supleks.jp/s/93079.html,ラーメン,味噌,,,,,33.837133,132.76201799999998
rdb-126592,拉麺酒場 乙,ラーメン専門店,専門,松山市,愛媛県松山市二番町1-4-16 西原ビル10B,,089-954-4492,,3.06,12,https://tabelog.com/ehime/A3801/A380101/38013579/,82.74,1,https://ramendb.supleks.jp/s/126592.html,ラーメン,塩,,あっさり,,,33.83934,132.772781
g-ChIJz3rxRe7lTzUR2uvNrnD8A7o,萬楽 塩田屋,ラーメン専門店,専門,松山市,〒790-0003 愛媛県松山市三番町１丁目９−１２ 谷ビル 1階,,050-5486-6049,shiotaya_ramen,3.1,35,https://tabelog.com/ehime/A3801/A380101/38005431/,85.42,4,https://ramendb.supleks.jp/s/85707.html,ラーメン｜つけ麺,醤油｜塩｜味噌｜豚骨｜鶏,,清湯,,,33.8380893,132.772918
rdb-164512,一風堂 エミフルMASAKI,ラーメン専門店,専門,松前町,愛媛県伊予郡松前町筒井850 エミフルMASAKI 2F,,089-989-5363,,3.14,21,https://tabelog.com/ehime/A3801/A380103/38014096/,,,https://ramendb.supleks.jp/s/164512.html,ラーメン,豚骨,細麺,,,,33.789639,132.715591
g-ChIJmSaJuavvTzURk0FAFx0opc0,芯せかい エミフルMASAKI店,ラーメン専門店,専門,松前町,〒791-3120 愛媛県伊予郡松前町筒井８５０,,089-994-8640,shinsekai_emifull,3.24,52,https://tabelog.com/ehime/A3801/A380103/38013736/,82.77,1,https://ramendb.supleks.jp/s/130879.html,中華そば,鶏｜魚介,自家製麺,清湯,,,33.7897409,132.7162026
g-ChIJj9_7YMatUTURmzWI1arg0wI,どんラーメン,ラーメン専門店,専門,上島町,〒794-2506 愛媛県越智郡上島町弓削下弓削１０３７−２,,0897-74-0866,donra_men,3.01,2,https://tabelog.com/ehime/A3802/A380205/38014809/,,,https://ramendb.supleks.jp/s/155027.html,ラーメン,醤油,,背脂,,,34.2592709,133.2010823
g-ChIJW9iTpe7OUTURttw5qiL2-rw,お食事処麺匠夢屋,ラーメン専門店,専門,新居浜市,〒792-0035 愛媛県新居浜市西の土居町２丁目９−２５,,0897-37-5155,yumeya_shoufuku,3.2,38,https://tabelog.com/ehime/A3802/A380203/38002098/,,,https://ramendb.supleks.jp/s/121113.html,ラーメン｜つけ麺,鶏｜魚介,,,,,33.950638,133.27672099999998
osm-n2182966393,からし屋,ラーメン専門店,専門,新居浜市,〒792-0026 愛媛県新居浜市久保田町３丁目１−２０,,0897-32-3003,,3.39,103,https://tabelog.com/ehime/A3802/A380203/38003347/,82.79,2,https://ramendb.supleks.jp/s/101382.html,ラーメン,,,辛い,,,33.9549861,133.2867408
g-ChIJn14eepbOUTUR9AnzjuKQBWw,サッポロラーメン 新居浜西店,ラーメン専門店,専門,新居浜市,〒792-0003 愛媛県新居浜市新田町１丁目６−３５,,0897-34-1462,,3.07,16,https://tabelog.com/ehime/A3802/A380203/38010882/,,,https://ramendb.supleks.jp/s/87756.html,ラーメン,味噌,,,,,33.9585223,133.2663505
g-ChIJL9Oodr3PUTURH-gme2_RAGs,ジョーズカリー&ウイスキー,ラーメン専門店,専門,新居浜市,〒792-0856 愛媛県新居浜市船木甲5421番地の1,,,jyoscurry_whisky,3.07,10,https://tabelog.com/ehime/A3802/A380203/38015091/,,,,ラーメン｜二郎系｜つけ麺,豚骨,細麺｜太麺,背脂,,,33.9272095,133.3234128
g-ChIJw0vsOcnPUTUR9gh8vzSOObs,マシマシらーめん物語はここから始まるのだ。新居浜店,ラーメン専門店,専門,新居浜市,〒792-0024 愛媛県新居浜市宮西町５−３,,,mashimashi_ramen.story,3.08,19,https://tabelog.com/ehime/A3802/A380203/38016275/,,,https://ramendb.supleks.jp/s/164379.html,二郎系,,,,,,33.9597212,133.2767182
g-ChIJy1m1IhnPUTURgL3ZNGFBFuU,らーめん みやび屋,ラーメン専門店,専門,新居浜市,〒792-0821 愛媛県新居浜市瀬戸町３−９５,,0897-41-7560,,3.5,170,https://tabelog.com/ehime/A3802/A380203/38011043/,91.85,23,https://ramendb.supleks.jp/s/90822.html,ラーメン｜つけ麺,醤油｜塩｜鶏｜煮干し,自家製麺,清湯,,,33.9441868,133.2968304
g-ChIJKwgGJkvJUTUR5liL_v6Gb6w,らーめん処 笑福,ラーメン専門店,専門,新居浜市,〒792-0884 愛媛県新居浜市神郷１丁目３−１,,0897-45-5055,shoufuku_ra_men,3.06,16,https://tabelog.com/ehime/A3802/A380203/38012798/,82.66,1,https://ramendb.supleks.jp/s/117051.html,ラーメン｜つけ麺,醤油｜味噌｜豚骨,,,,,33.9685286,133.3176883
g-ChIJ_THo1c_OUTUR868-lz0qdXE,らーめん亭,ラーメン専門店,専門,新居浜市,〒792-0022 愛媛県新居浜市徳常町８−４３,,0897-37-0045,ramentei_niihama,3.09,31,https://tabelog.com/ehime/A3802/A380203/38000310/,82.64,1,https://ramendb.supleks.jp/s/174137.html,ラーメン｜ちゃんぽん,醤油｜塩｜味噌,中太麺,,,,33.9649583,133.28107219999998
g-ChIJK55oEcLOUTURhtj5YFANuh0,らぅ麺 純,ラーメン専門店,専門,新居浜市,〒792-0026 愛媛県新居浜市久保田町２丁目１−４３,,0897-47-0338,515junjun515,3.53,234,https://tabelog.com/ehime/A3802/A380203/38005961/,86.14,10,https://ramendb.supleks.jp/s/56974.html,ラーメン｜つけ麺,豚骨｜魚介,,濃厚,,,33.9564057,133.277212
g-ChIJI1Zu3sjOUTURl09wjt0MOYQ,リビエラ/ネオナガハマ,ラーメン専門店,専門,新居浜市,〒792-0014 愛媛県新居浜市西町２−３３,,0897-33-0343,_riviera.niihama,3.19,11,https://tabelog.com/ehime/A3802/A380203/38011825/,,,https://ramendb.supleks.jp/s/144962.html,ラーメン,豚骨,細麺,あっさり｜白湯｜背脂,,,33.9676964,133.2752491
g-ChIJyW_u7M_PUTUR8c-c-ygW_FE,横浜家系ラーメン 稲和家,ラーメン専門店,専門,新居浜市,〒792-0031 愛媛県新居浜市高木町２−２０,,0897-64-9784,yokohamaiekeira_men_inawaya,3.22,47,https://tabelog.com/ehime/A3802/A380203/38013442/,83.47,2,https://ramendb.supleks.jp/s/126359.html,家系,醤油｜豚骨,,,,,33.9530946,133.2867695
g-ChIJ_wqFrkHPUTUR21VN6k3uktw,横浜家系ラーメン 百寅家,ラーメン専門店,専門,新居浜市,〒792-0007 愛媛県新居浜市前田町８−８ イオンモール新居浜 2F フードフォレスト,,0897-34-2002,,3.12,19,https://tabelog.com/ehime/A3802/A380203/38014421/,82.54,1,https://ramendb.supleks.jp/s/141320.html,家系,醤油｜豚骨,,,,,33.953460299999996,133.2685415
g-ChIJ3eOFHADPUTURzgorjAtZHi4,我央,ラーメン専門店,専門,新居浜市,〒792-0047 愛媛県新居浜市御蔵町３−２,,0897-66-9499,ramen_gao9499,3.08,16,https://tabelog.com/ehime/A3802/A380203/38016067/,82.86,1,https://ramendb.supleks.jp/s/160511.html,ラーメン,醤油｜塩｜味噌｜魚介,,,,,33.92029,133.2881334
g-ChIJ170JLADPUTURPnGWNsOxKWs,讃岐ラーメン 浜堂（はまんど） 新居浜,ラーメン専門店,専門,新居浜市,〒792-0003 愛媛県新居浜市新田町１丁目６−１２２８−１４,,0897-47-6023,hamando_niihama,3.45,87,https://tabelog.com/ehime/A3802/A380203/38015508/,88.2,8,https://ramendb.supleks.jp/s/156315.html,ラーメン｜まぜそば,煮干し｜鶏白湯｜海老・蟹,細麺｜太麺,清湯｜背脂｜セメント系｜辛い,,,33.9594861,133.2662331
g-ChIJ15x2PwDPUTURs8s6eTJ-8kw,辛麺居酒屋 纏,ラーメン専門店,専門,新居浜市,〒792-0013 愛媛県新居浜市泉池町８−３,,0897-66-9833,matoi_0918,3.06,6,https://tabelog.com/ehime/A3802/A380203/38016178/,,,,辛麺,,,辛い,,,33.965492399999995,133.2770232
g-ChIJJ8Xly4PPUTURQUF4NkEGjK0,生守らーめん 新居浜店,ラーメン専門店,専門,新居浜市,〒792-0826 愛媛県新居浜市喜光地町１丁目５−２,,0897-27-8599,ikumaramen,3.23,37,https://tabelog.com/ehime/A3802/A380203/38014589/,83.01,1,https://ramendb.supleks.jp/s/143351.html,ラーメン,豚骨,,,,,33.9348233,133.2965415
g-ChIJ66YNKczOUTURvC_02O69qBk,大鵬軒,ラーメン専門店,専門,新居浜市,〒792-0016 愛媛県新居浜市港町２−３５,,0897-32-8934,,3.31,46,https://tabelog.com/ehime/A3802/A380203/38004095/,83.93,3,https://ramendb.supleks.jp/s/111409.html,ラーメン,豚骨,,あっさり,,,33.9688763,133.2783259
g-ChIJz2VbHVbPUTURxjU8YgyIHyg,中華そば 居酒屋 うらめしや～,ラーメン専門店,専門,新居浜市,〒792-0014 愛媛県新居浜市西町５−３２,,080-4039-9840,urameshiya_niihama,,,,,,,中華そば,,,,,,33.9678065,133.2737233
g-ChIJewyucF_PUTURvIXnP2rames,中華蕎麦つけ麺 一 hajime 新居浜店,ラーメン専門店,専門,新居浜市,〒792-0824 愛媛県新居浜市上泉町５−８,,0897-47-1533,hajime_nihama,3.36,53,https://tabelog.com/ehime/A3802/A380203/38014066/,84.28,2,https://ramendb.supleks.jp/s/137586.html,つけ麺,,,,,,33.936391,133.3046762
g-ChIJvX9wKMnOUTURu0G9nHEmwRo,堤亭,ラーメン専門店,専門,新居浜市,〒792-0014 愛媛県新居浜市西町１−６,,0897-33-5065,tsutsumitei.jp,3.08,34,https://tabelog.com/ehime/A3802/A380203/38002100/,,,https://ramendb.supleks.jp/s/131573.html,ラーメン,醤油｜節,,,,,33.9676171,133.27574959999998
osm-n11814665969,天下一品,ラーメン専門店,専門,新居浜市,〒792-0031 愛媛県新居浜市高木町２−１２２,,0897-32-0400,tenkaippin_jp,3.04,46,https://tabelog.com/ehime/A3802/A380203/38006406/,82.91,2,https://ramendb.supleks.jp/s/26062.html,,鶏,,こってり｜濃厚,,,33.9529992,133.2861852
g-ChIJO66GTgDPUTURzi1bieNQtZQ,纏Ⅱ,ラーメン専門店,専門,新居浜市,〒792-0856 愛媛県新居浜市船木４４１６−６,,090-4891-1540,matoiii2025,3.02,2,https://tabelog.com/ehime/A3802/A380203/38016826/,83.14,2,https://ramendb.supleks.jp/s/172404.html,辛麺,,,辛い,,,33.9390278,133.32924269999998
g-ChIJTbcTDiDPUTUR89tyEd57XG0,麺処 倭,ラーメン専門店,専門,新居浜市,〒792-0811 愛媛県新居浜市庄内町５丁目１１−５１,,0897-32-0220,,3.4,82,https://tabelog.com/ehime/A3802/A380203/38012118/,86.47,8,https://ramendb.supleks.jp/s/105580.html,ラーメン｜つけ麺,煮干し,,,,,33.9502017,133.29136480000003
g-ChIJZWDXYxPPUTURUPTf5ePlvuQ,来来亭 新居浜店,ラーメン専門店,専門,新居浜市,〒792-0823 愛媛県新居浜市外山町１４−５０,,0897-43-3345,rairaitei_2000,3.03,38,https://tabelog.com/ehime/A3802/A380203/38010397/,,,https://ramendb.supleks.jp/s/80979.html,ラーメン,醤油｜鶏,,こってり｜背脂,,,33.9371252,133.3086151
g-ChIJq3JM08fOUTURLK_cuFuQpkw,齋藤,ラーメン専門店,専門,新居浜市,〒792-0013 愛媛県新居浜市泉池町５−２５,,0897-33-5396,niihama_3110,3.09,23,https://tabelog.com/ehime/A3802/A380203/38007264/,82.79,1,https://ramendb.supleks.jp/s/131572.html,中華そば,,,,,,33.9657444,133.27392659999998
g-ChIJ5b6GPtQrUDUR7H-zTXiaff8,がいな,ラーメン専門店,専門,西条市,〒799-1101 愛媛県西条市小松町新屋敷２２−２０,,0898-72-6500,,,,,80.74,1,https://ramendb.supleks.jp/s/88218.html,ラーメン,塩,細麺,,,,33.886099400000006,133.110426
g-ChIJZa1Zv9rSUTUR4_MtSsSg9AE,こんなもん屋,ラーメン専門店,専門,西条市,〒793-0030 愛媛県西条市大町８４８−８,,090-1578-4849,,3.03,9,https://tabelog.com/ehime/A3802/A380202/38007949/,,,,ラーメン,醤油｜鶏｜魚介,細麺,あっさり,,,33.912883199999996,133.1857865
g-ChIJAYM0yNPSUTURCdISoHpQ-zc,サッポロラーメン 西条店,ラーメン専門店,専門,西条市,〒793-0041 愛媛県西条市神拝甲２３３−５,,0897-55-2178,sapporo_ramen_saijo,3.03,6,https://tabelog.com/ehime/A3802/A380202/38007711/,82.41,1,https://ramendb.supleks.jp/s/161405.html,ラーメン,味噌,,,,,33.91415,133.178406
g-ChIJCftfQ7rSUTURLud6ZmYd3Pc,ちゃーしゅう工房いしづち店,ラーメン専門店,専門,西条市,〒793-0027 愛媛県西条市朔日市７５３−７,,0897-53-7774,chabo_ishiduchi,3.18,54,https://tabelog.com/ehime/A3802/A380202/38010990/,,,https://ramendb.supleks.jp/s/89942.html,ラーメン,味噌,,,,,33.9288275,133.1858776
g-ChIJd7qGT-0vUDURyn97tA-VEt8,ますみ,ラーメン専門店,専門,西条市,〒799-1351 愛媛県西条市三津屋１８５,,,,3.09,21,https://tabelog.com/ehime/A3802/A380202/38010722/,80.74,1,https://ramendb.supleks.jp/s/85131.html,中華そば,,,,,,33.9356491,133.0870835
g-ChIJKam_ysksUDURsA6OJrB3lUc,まん吉,ラーメン専門店,専門,西条市,〒793-0051 愛媛県西条市安知生６９７−１,,0897-55-4431,,3.04,9,https://tabelog.com/ehime/A3802/A380202/38006621/,,,,ラーメン,味噌,,,,,33.8957121,133.1673495
g-ChIJJ1UBofnTUTURF7KNzSmwTcw,めん六や 愛媛西条店,ラーメン専門店,専門,西条市,〒793-0027 愛媛県西条市朔日市字鱶 ノ洲 新田887番地23,,070-1425-2436,,,0,https://tabelog.com/ehime/A3802/A380202/38012131/,,,,ラーメン,醤油｜味噌,,,,,33.9320196,133.1867215
g-ChIJEyTDAnUtUDURPcQ-Y8BfAsE,めん六や 愛媛東予店,ラーメン専門店,専門,西条市,〒799-1354 愛媛県西条市北条1173番地1,,070-1455-9276,,3,1,https://tabelog.com/ehime/A3802/A380202/38006885/,,,,ラーメン,醤油｜味噌,,,,,33.9375353,133.10235409999999
g-ChIJ0R8LOsLSUTURih3zosklW7Y,ラーメン屋さん,ラーメン専門店,専門,西条市,〒793-0030 愛媛県西条市大町３２１−１５,,0897-53-3419,,3.17,54,https://tabelog.com/ehime/A3802/A380202/38002106/,82.9,1,https://ramendb.supleks.jp/s/168721.html,ラーメン,醤油｜味噌｜豚骨,,,,,33.9145641,133.1922606
g-ChIJCed9Pc_SUTURvpQWzKPTUM8,ラーメン亭,ラーメン専門店,専門,西条市,〒793-0041 愛媛県西条市神拝甲６１８−１,,0897-55-4314,,3.34,72,https://tabelog.com/ehime/A3802/A380202/38001295/,82.31,2,https://ramendb.supleks.jp/s/97122.html,ラーメン,醤油｜塩,,あっさり,,,33.91848290000001,133.182814
g-ChIJR5GRCbrSUTURiWwkY1X4rOg,一番星,ラーメン専門店,専門,西条市,〒793-0027 愛媛県西条市朔日市７６９−３,,0897-56-6267,ichibamboshi_84,3.09,44,https://tabelog.com/ehime/A3802/A380202/38003621/,83.79,2,https://ramendb.supleks.jp/s/112481.html,ラーメン,醤油｜鶏,,背脂,,,33.9286459,133.18449999999999
g-ChIJQeriArYuUDUR-AAQK5YHPqo,丸鶏醤油ラーメン とりの助 東予店,ラーメン専門店,専門,西条市,〒799-1371 愛媛県西条市周布７１５−１,,0898-55-8688,,3.02,30,https://tabelog.com/ehime/A3802/A380202/38010975/,83.34,2,https://ramendb.supleks.jp/s/89118.html,,醤油,,,,,33.9199386,133.0779106
g-ChIJ9zNxr7vSUTURvNvSi2FL_8c,九州筑豊ラーメン山小屋 伊予西条店,ラーメン専門店,専門,西条市,〒793-0027 愛媛県西条市朔日市２８３−７,,0897-55-9565,chikuhoramen.yamagoya,3.03,51,https://tabelog.com/ehime/A3802/A380202/38000049/,78.11,1,https://ramendb.supleks.jp/s/1521.html,ラーメン,豚骨,,,,,33.9284244,133.1874202
g-ChIJh6zAANDSUTUR897iQJ2V6tI,松葉家,ラーメン専門店,専門,西条市,〒793-0030 愛媛県西条市大町1523―8,,0897-55-3407,,3.13,21,https://tabelog.com/ehime/A3802/A380202/38003249/,,,,中華そば,鶏,,,,,33.9142736,133.1842791
osm-n10314032064,生守ラーメン,ラーメン専門店,専門,西条市,〒799-1341 愛媛県西条市壬生川１０１５−１,,0898-77-2137,ikumaramen,3.23,67,https://tabelog.com/ehime/A3802/A380202/38012724/,86.18,4,https://ramendb.supleks.jp/s/113411.html,ラーメン,豚骨,,,,,33.945138,133.0817409
rdb-143266,石鎚豚つけそば,ラーメン専門店,専門,西条市,愛媛県西条市朔日市280-4,,0897-53-6010,,3.02,3,https://tabelog.com/ehime/A3802/A380202/38015278/,,,https://ramendb.supleks.jp/s/143266.html,つけ麺,,自家製麺,,,,33.92857,133.183792
g-ChIJua18MMbSUTURxSA2zIzc9j0,大田屋,ラーメン専門店,専門,西条市,〒793-0027 愛媛県西条市朔日市５２８−３,,0897-55-2546,ootayamendokoro,3.29,62,https://tabelog.com/ehime/A3802/A380202/38005903/,85.43,3,https://ramendb.supleks.jp/s/113243.html,ラーメン｜二郎系｜つけ麺｜担々麺,醤油｜塩｜味噌｜豚骨｜鶏｜鶏白湯｜煮干し｜節,細麺,,,,33.920211,133.18514199999998
g-ChIJTzYffWDZTzURb82Ncyiu_ls,中華そば心,ラーメン専門店,専門,西条市,〒791-0541 愛媛県西条市丹原町鞍瀬辛７０２,,0898-76-6050,,3.46,136,https://tabelog.com/ehime/A3802/A380202/38012890/,87.7,9,https://ramendb.supleks.jp/s/117035.html,中華そば,,,,,,33.8351912,132.99105989999998
g-ChIJYYbbvLzSUTURdfz1ZRIiZHc,毎日食堂,ラーメン専門店,専門,西条市,〒793-0027 愛媛県西条市朔日市２７５−５,,090-9558-2463,,3.15,36,https://tabelog.com/ehime/A3802/A380202/38006402/,,,,中華そば,,,清湯,,,33.92906,133.18990499999998
g-ChIJqRCIeM4vUDURwJpqDfqVycc,麺のTORIKO,ラーメン専門店,専門,西条市,〒799-1353 愛媛県西条市三津屋南4−１３,,,menno_toriko,,,,,,https://ramendb.supleks.jp/s/175115.html,ラーメン｜つけ麺｜油そば,,,,,,33.930702499999995,133.0897465
osm-n8430959261,麺屋 田所商店 西条店,ラーメン専門店,専門,西条市,〒793-0028 愛媛県西条市新田１８０−６,,0897-66-9266,tadokoro_shoten_official,3.04,56,https://tabelog.com/ehime/A3802/A380202/38011881/,83.48,2,https://ramendb.supleks.jp/s/100400.html,ラーメン,味噌｜豚骨,,,,,33.928182,133.1854026
g-ChIJw8M0ww2HRTURDcf7TguAFCM,麺や だんここ,ラーメン専門店,専門,西予市,〒797-0015 愛媛県西予市宇和町卯之町３丁目４３５−１,,050-8892-9070,dan_coco_ramen,,0,https://tabelog.com/ehime/A3804/A380402/38017344/,,,https://ramendb.supleks.jp/s/174821.html,ラーメン｜つけ麺｜まぜそば,煮干し｜豚骨｜カレー,太麺,濃厚｜辛い,,,33.3632328,132.51023800000002
g-ChIJd_lN5Fh5TzURIuCRZmUxmeY,麺や 一心,ラーメン専門店,専門,西予市,〒797-1212 愛媛県西予市野村町野村９−５−１,,0894-72-3439,shogo.menyaissin,3.18,43,https://tabelog.com/ehime/A3804/A380402/38011504/,84.15,2,https://ramendb.supleks.jp/s/94624.html,ラーメン｜つけ麺,味噌｜豚骨｜鶏｜魚介,,濃厚｜辛い,,,33.3719337,132.64241669999998
g-ChIJDRo62pCATzUR4GaQios4bgo,アジト(AJI10),ラーメン専門店,専門,大洲市,〒795-0064 愛媛県大洲市東大洲７８３−１,,0893-57-6123,,3.42,134,https://tabelog.com/ehime/A3803/A380301/38009864/,87.24,9,https://ramendb.supleks.jp/s/73662.html,ラーメン｜つけ麺,豚骨｜鶏白湯｜魚介,太麺｜自家製麺,濃厚,,,33.526907099999995,132.5628792
g-ChIJ4QuFwlaBTzUR38UM9jxVaPw,ひふみ,ラーメン専門店,専門,大洲市,〒795-0071 愛媛県大洲市新谷乙１３７８,,0893-25-6120,,3.06,8,https://tabelog.com/ehime/A3803/A380301/38009176/,,,,ラーメン｜中華そば,醤油｜味噌｜魚介,,,,,33.534050199999996,132.5940612
g-ChIJGw4gjb-ATzURSBgVUZ5DrzM,みろく家,ラーメン専門店,専門,大洲市,〒795-0064 愛媛県大洲市東大洲１３４２,,0893-25-0325,,3.07,25,https://tabelog.com/ehime/A3803/A380301/38012109/,,,,ラーメン,豚骨,,あっさり,,,33.5303725,132.5701057
g-ChIJ44hwAgB_RTURSrKn36QFXLE,らーめん笑福,ラーメン専門店,専門,大洲市,〒795-0011 愛媛県大洲市柚木３８８−１,,,ramen_shofuku,3.02,4,https://tabelog.com/ehime/A3803/A380301/38017005/,82.87,0,https://ramendb.supleks.jp/s/172923.html,ラーメン｜ちゃんぽん,豚骨,細麺,,,,33.5031423,132.54945569999998
g-ChIJ26FBQDB9RTURhPnwCCTuVqY,伊予路,ラーメン専門店,専門,大洲市,〒799-3411 愛媛県大洲市市長浜町今坊５２８,,0893-52-1900,,,,,82.48,1,https://ramendb.supleks.jp/s/65928.html,ラーメン,貝,細麺,あっさり,,,33.63295540000001,132.52283309999999
rdb-99977,博多ラーメン 大郷 大洲本店,ラーメン専門店,専門,大洲市,愛媛県大洲市若宮922-8,,0893-23-5115,,3.21,51,https://tabelog.com/ehime/A3803/A380301/38002109/,82.82,1,https://ramendb.supleks.jp/s/99977.html,ラーメン,豚骨,細麺,濃厚,,,33.521515,132.549225
g-ChIJb2K6Y4SATzUR3HPVzIwuq8E,博多乃風らーめん大郷,ラーメン専門店,専門,大洲市,〒795-0052 愛媛県大洲市若宮９２２−８,,0893-23-5115,daigou.ramen,3.19,51,https://tabelog.com/ehime/A3803/A380301/38002109/,,,,,豚骨,,,,,33.5231181,132.5567667
g-ChIJSYlOkdV_RTUR33H7u03NAlE,福ちゃんラーメン,ラーメン専門店,専門,大洲市,〒795-0063 愛媛県大洲市田口７７−３,,0893-23-0225,,3.42,101,https://tabelog.com/ehime/A3803/A380301/38002807/,82.71,5,https://ramendb.supleks.jp/s/62460.html,ラーメン,味噌,,,,,33.516362199999996,132.5501421
g-ChIJOSTE7DKBTzUReLA_54H3Bvc,麺鮮醤油房 周月フレスポ大洲店,ラーメン専門店,専門,大洲市,〒795-0061 愛媛県大洲市徳森２８１−１,,0893-23-9696,shugetsuoozu,3.06,20,https://tabelog.com/ehime/A3803/A380301/38015874/,83.33,2,https://ramendb.supleks.jp/s/158819.html,,醤油,,,,,33.5321587,132.577347
g-ChIJbS74BNjuTzURmFRPZQJ3FWk,サッポロラーメン 八倉店,ラーメン専門店,専門,砥部町,〒791-2111 愛媛県伊予郡砥部町八倉１５８−２,,089-956-7212,,3.03,8,https://tabelog.com/ehime/A3801/A380103/38012243/,,,,ラーメン,味噌,,,,,33.7893305,132.7755829
g-ChIJq-FrCCvpTzUR7Uw1uaR1W6M,ラーメン一興 砥部店,ラーメン専門店,専門,砥部町,〒791-2113 愛媛県伊予郡砥部町拾町２９１−１,,089-969-1492,,3.23,56,https://tabelog.com/ehime/A3801/A380103/38000421/,84.08,3,https://ramendb.supleks.jp/s/77145.html,ラーメン,豚骨,自家製麺,あっさり｜こってり,,,33.781528099999996,132.7881509
g-ChIJ01QG4aXpTzURIo1aukstOWI,水田商店,ラーメン専門店,専門,砥部町,〒791-2114 愛媛県伊予郡砥部町麻生２７６,,089-993-5848,mizutasho_ten,3.47,138,https://tabelog.com/ehime/A3801/A380103/38013897/,91.16,8,https://ramendb.supleks.jp/s/134162.html,ラーメン,豚骨,細麺,,,,33.7781395,132.7868736
g-ChIJh0l4aADpTzURazyiHqJKvug,横浜家系ラーメン 一門家東温店,ラーメン専門店,専門,東温市,〒791-0213 愛媛県東温市牛渕１０３４,,,ichimonya_toon,3.06,10,https://tabelog.com/ehime/A3801/A380102/38016798/,,,https://ramendb.supleks.jp/s/169502.html,家系｜中華そば｜二郎系,醤油｜豚骨｜味噌｜魚介｜塩,,濃厚,,,33.7948488,132.84453729999998
g-ChIJpUMsrXHoTzURuJbGNhGpqMY,中華そば 芯せかい 本店,ラーメン専門店,専門,東温市,〒791-0216 愛媛県東温市野田２丁目４８６,,089-964-1957,shinsekai_honten,3.48,204,https://tabelog.com/ehime/A3801/A380102/38011146/,86.08,6,https://ramendb.supleks.jp/s/91679.html,中華そば,,,,,,33.7930476,132.8373018
g-ChIJkWsv9QroTzURfIOFoqN6CfU,来来亭 東温店,ラーメン専門店,専門,東温市,〒791-0213 愛媛県東温市牛渕１０２６−７,,089-964-7747,rairaitei_2000,3.02,33,https://tabelog.com/ehime/A3801/A380102/38011436/,82.99,2,https://ramendb.supleks.jp/s/94036.html,ラーメン,醤油｜鶏,,こってり｜背脂,,,33.794741699999996,132.8464725
g-ChIJSWeQv7CFTzURTt-YBYgUspI,内子いなりや×ストライク軒,ラーメン専門店,専門,内子町,〒791-3301 愛媛県喜多郡内子町内子２７３８,,080-2226-8126,uchiko_inariya_strike,3.36,46,https://tabelog.com/ehime/A3803/A380303/38000997/,83.41,1,https://ramendb.supleks.jp/s/159239.html,中華そば｜ちゃんぽん,,,,,,33.556349,132.65493400000003
g-ChIJ78c3r4SERTURuPcomRPzbrU,どさん子 八幡浜店,ラーメン専門店,専門,八幡浜市,〒796-0026 愛媛県八幡浜市昭和通７丁目１４５８,,0894-22-4244,,3.01,16,https://tabelog.com/ehime/A3803/A380302/38005278/,,,,ラーメン,味噌,,,,,33.4572591,132.4238962
g-ChIJjaLEcgCFRTURQzH4muMnJ4k,ひなた食堂,ラーメン専門店,専門,八幡浜市,〒796-8010 愛媛県八幡浜市神山,,,,,,,,,,ラーメン,醤油,,あっさり,,,33.446148799999996,132.43856879999998
osm-n7023212929,ロンドン,ラーメン専門店,専門,八幡浜市,愛媛県八幡浜市新町1466,"11:30-20:30; We off; Jan 08,Feb 08,Mar 08,Apr 08,May 08,Jun 08,Jul 08,Aug 08,Sep 08,Oct 08,Nov 08,Dec 08 off",+81-894-22-1234,,3.42,187,https://tabelog.com/ehime/A3803/A380302/38001147/,84.7,3,https://ramendb.supleks.jp/s/22193.html,ちゃんぽん,鶏,太麺,あっさり,,,33.4584906,132.4243388
g-ChIJrSS88Y1VTzURWqD4_xHL7yg,台湾料理 豊源 愛南店,中華料理,あり,愛南町,〒798-4110 愛媛県南宇和郡愛南町御荘平城８１４,,0895-73-7788,,3.05,6,https://tabelog.com/ehime/A3804/A380404/38013020/,82.48,1,https://ramendb.supleks.jp/s/120479.html,ラーメン,,,,,,32.964354799999995,132.5551677
g-ChIJtT3zIwzzTzURyIL4hcgwBJY,テイクアウト専門店「四川料理の店 Chusen」,中華料理,あり,伊予市,〒799-3111 愛媛県伊予市下吾川１７３２−９,,089-992-9789,chusen_nakagawa_tengaiten,3.02,3,https://tabelog.com/ehime/A3801/A380103/38014180/,,,,担々麺,,,,,,33.766782299999996,132.7015195
g-ChIJYUH6W4blTzURP37OHNz6Hh8,俺のギョーザ,中華料理,あり,伊予市,〒799-3113 愛媛県伊予市米湊６８３−１,,089-982-5088,ore.no.gyoza,3.04,10,https://tabelog.com/ehime/A3801/A380103/38013600/,,,https://ramendb.supleks.jp/s/133527.html,ラーメン｜中華そば｜担々麺,醤油,,,,,33.7561372,132.7053515
g-ChIJ7aSkvAjyTzUR2JNyBEsZ3zQ,中華料理 東龍,中華料理,あり,伊予市,〒799-3111 愛媛県伊予市下吾川１９７３−１,,089-982-2858,chuka_touryuu,3.16,22,https://tabelog.com/ehime/A3801/A380103/38001168/,,,,ラーメン,,,,,,33.7741341,132.70368539999998
g-ChIJCxzDPs1hTzURKH0rFVhxVPE,ルパ・ルパ,中華料理,あり,宇和島市,〒798-0060 愛媛県宇和島市丸之内４丁目４−２６,,0895-22-7071,,3.03,6,https://tabelog.com/ehime/A3804/A380401/38007558/,,,,ちゃんぽん｜担々麺,醤油,,,,,33.2208767,132.56217949999998
g-ChIJwSo6jsdhTzUROo5DL2O9mww,火鍋・もつ鍋 「藤」,中華料理,あり,宇和島市,〒798-0035 愛媛県宇和島市新町１丁目５−２８,,0895-28-9955,,,,,,,,ちゃんぽん,,,,,,33.2217358,132.5663671
osm-n7555880212,台湾創作キッチンRyu,中華料理,あり,宇和島市,〒799-3703 愛媛県宇和島市吉田町東小路甲１７０−２,,0895-52-3782,,3.03,6,https://tabelog.com/ehime/A3804/A380401/38006022/,,,,ラーメン,,,,,,33.277448,132.5404796
osm-n12365032866,大阪王将,中華料理,あり,宇和島市,〒798-0022 愛媛県宇和島市伊吹町甲９１２−２,,0895-20-0220,osakaohsho_japan,3,9,https://tabelog.com/ehime/A3804/A380401/38009587/,,,https://ramendb.supleks.jp/s/155753.html,,,,,,,33.234932,132.5690241
osm-n11936672053,中国亭,中華料理,あり,宇和島市,〒798-0030 愛媛県宇和島市曙町４−２１ 4番21号,,0895-25-5939,,3.2,30,https://tabelog.com/ehime/A3804/A380401/38001469/,,,https://ramendb.supleks.jp/s/152575.html,ラーメン｜担々麺,豚骨,,,,,33.2225743,132.5599292
g-ChIJ_ZUwexFjTzURbyXoKD1smNU,文華亭,中華料理,あり,宇和島市,〒798-1112 愛媛県宇和島市三間町宮野下４００,,0895-58-3598,,3.02,6,https://tabelog.com/ehime/A3804/A380401/38001713/,,,,ラーメン,,,,,,33.2878177,132.6043324
osm-n13904181616,奉天,中華料理,あり,宇和島市,〒798-0060 愛媛県宇和島市丸之内１丁目１−３３,,0895-22-7772,momotarou.252510,3.15,23,https://tabelog.com/ehime/A3804/A380401/38009107/,,,,ラーメン｜担々麺,醤油｜塩,,辛い,,,33.2183988,132.5676804
rdb-122499,本格中華料理 奉天,中華料理,あり,宇和島市,愛媛県宇和島市丸之内1-1-33,,0895-22-7772,,3.11,21,https://tabelog.com/ehime/A3804/A380401/38009107/,,,https://ramendb.supleks.jp/s/122499.html,ラーメン｜担々麺,醤油｜塩,,辛い,,,33.218403,132.567703
g-ChIJ4RhZZOiJRTURvkkXj2ef3kQ,友誼苑,中華料理,あり,宇和島市,〒799-3701 愛媛県宇和島市吉田町北小路甲２０１−３,,0895-52-3060,,,2,https://tabelog.com/ehime/A3804/A380401/38001709/,,,,中華そば｜ちゃんぽん,,,,,,33.2824439,132.5404737
g-ChIJE6EHN8lhTzURtaXyaXtF31g,龍々亭,中華料理,あり,宇和島市,〒798-0034 愛媛県宇和島市錦町７−２３,,0120-416-060,,3.06,12,https://tabelog.com/ehime/A3804/A380401/38001711/,,,https://ramendb.supleks.jp/s/150165.html,ラーメン｜ちゃんぽん,味噌,,,,,33.2241859,132.5661737
g-ChIJMxMqzxxlTzURVcGxqWH-lL4,櫻花,中華料理,あり,鬼北町,〒798-1341 愛媛県北宇和郡鬼北町近永３５３−４,,0895-45-0839,,3.09,9,https://tabelog.com/ehime/A3804/A380403/38009527/,,,https://ramendb.supleks.jp/s/115497.html,ラーメン,,,,,,33.2569152,132.6718353
g-ChIJ6-6kAovBTzURfX70xK_lY-o,久万の小さな中華屋さん たんたん,中華料理,不明,久万高原町,〒791-1201 愛媛県上浮穴郡久万高原町久万２１５,,,,,,,,,,,,,,,,33.6557178,132.9010646
g-ChIJqQBVqSo7UDUReFQPvPwCXvk,いこ食堂,中華料理,あり,今治市,〒794-0081 愛媛県今治市阿方甲３７６-２,,0898-52-7257,,3.09,9,https://tabelog.com/ehime/A3802/A380201/38014774/,82.64,1,https://ramendb.supleks.jp/s/146883.html,ラーメン｜冷やし｜担々麺,醤油｜塩｜豚骨｜味噌,,,,,34.060536899999995,132.96622019999998
osm-n4716843160,ぎやまん亭,中華料理,あり,今治市,〒794-0803 愛媛県今治市北鳥生町１丁目３−３５,11:00-23:00,0898-22-1681,,3.07,16,https://tabelog.com/ehime/A3802/A380201/38000102/,,,,ラーメン,豚骨,,,,,34.056758,133.0143366
osm-n8204027599,ごくうs,中華料理,あり,今治市,〒794-0027 愛媛県今治市南大門町１丁目２−１８,,0898-22-3490,,3.08,27,https://tabelog.com/ehime/A3802/A380201/38000155/,,,,ラーメン,,,,,,34.0651333,132.9980189
osm-w806278288,シルクロード,中華料理,あり,今治市,〒799-1507 愛媛県今治市東村南１丁目１０−１１,,0898-47-4899,jin_you_1224,,,,,,,ラーメン,醤油,,,,,34.0370706,133.031872
g-ChIJwdPwW3YvUDURDCKR6GHGwjg,タオル美術館 新創作中国料理 王府井,中華料理,あり,今治市,〒799-1607 愛媛県今治市朝倉上甲２９３０,,0898-56-1517,towelmuseum,3.27,57,https://tabelog.com/ehime/A3802/A380201/38000914/,,,,ラーメン｜担々麺,,,,,,33.9699496,133.0330504
osm-n8323931369,歌町,中華料理,あり,今治市,〒794-0005 愛媛県今治市大新田町５丁目７−２５,,0898-31-4673,,3.05,10,https://tabelog.com/ehime/A3802/A380201/38007014/,,,https://ramendb.supleks.jp/s/151723.html,ラーメン｜中華そば,,,,,,34.080918,132.9913716
osm-w884615813,錦海楼,中華料理,あり,今治市,〒794-0034 愛媛県今治市美須賀町２丁目２−４,,0898-31-1452,,3.41,120,https://tabelog.com/ehime/A3802/A380201/38000100/,,,,ラーメン,,,,,,34.0627243,133.0094404
osm-w806387242,彩鳳,中華料理,あり,今治市,〒799-1511 愛媛県今治市上徳乙１６８−４,,0898-47-2898,,3.07,15,https://tabelog.com/ehime/A3802/A380201/38006547/,,,,ラーメン,,,辛い,,,34.0421952,133.0150475
osm-n8267499637,重松飯店,中華料理,あり,今治市,〒794-0025 愛媛県今治市大正町５丁目４−４７,,0898-22-6452,,3.49,707,https://tabelog.com/ehime/A3802/A380201/38000101/,84.55,3,https://ramendb.supleks.jp/s/113058.html,ラーメン,醤油,,,,,34.0713793,132.9957507
osm-n8256307943,生香楼,中華料理,あり,今治市,〒794-0005 愛媛県今治市大新田町３丁目４−１１,,0898-32-3771,,3.06,18,https://tabelog.com/ehime/A3802/A380201/38010191/,,,https://ramendb.supleks.jp/s/78243.html,ラーメン,,,,,,34.08069,132.9919211
osm-w636158091,大黒屋飯店,中華料理,あり,今治市,〒799-1502 愛媛県今治市喜田村６丁目１−２３,,0898-47-1828,,3.39,111,https://tabelog.com/ehime/A3802/A380201/38000913/,,,,ラーメン,醤油,,あっさり,,,34.0455738,133.0223502
g-ChIJJ2EgyUI6UDURQyRKx5yXeuY,中華居酒屋りん,中華料理,あり,今治市,〒794-0025 愛媛県今治市大正町２丁目１−５,,0898-35-4398,,3.07,13,https://tabelog.com/ehime/A3802/A380201/38010972/,,,https://ramendb.supleks.jp/s/163131.html,,,,辛い,,,34.0679588,132.9986016
rdb-151188,中華飯店 ごくう,中華料理,あり,今治市,愛媛県今治市南大門町1-2-18,,0898-22-3490,,3.1,16,https://tabelog.com/ehime/A3802/A380201/38000155/,,,https://ramendb.supleks.jp/s/151188.html,ラーメン,,,,,,34.065277,132.99791
rdb-124080,中華料理 長安,中華料理,あり,今治市,愛媛県今治市中日吉町1-9-18,,0898-32-5178,,3.32,53,https://tabelog.com/ehime/A3802/A380201/38000104/,82.75,1,https://ramendb.supleks.jp/s/124080.html,ラーメン｜担々麺,,,,,,34.062881,132.993713
osm-n8314578551,中華料理 福龍,中華料理,あり,今治市,〒794-0823 愛媛県今治市郷本町３丁目４−１９,,0898-31-1798,fukuryu1502,3.09,16,https://tabelog.com/ehime/A3802/A380201/38001695/,,,https://ramendb.supleks.jp/s/123846.html,中華そば,,,,,,34.0454004,132.992952
rdb-131622,中華料理 梁山泊 共栄町店,中華料理,あり,今治市,愛媛県今治市共栄町3-1-15,,0898-32-3997,,3.25,37,https://tabelog.com/ehime/A3802/A380201/38002811/,,,https://ramendb.supleks.jp/s/131622.html,ラーメン,,,,,,34.068832,132.998642
rdb-161479,中華料理 潯陽,中華料理,あり,今治市,愛媛県今治市東村南1-10-11,,0898-47-4899,,3.22,11,https://tabelog.com/ehime/A3802/A380201/38015308/,,,https://ramendb.supleks.jp/s/161479.html,ラーメン,醤油,,,,,34.036934,133.031891
g-ChIJ62EW04k7UDUR_fADOxrPfEU,中華料理福臨,中華料理,あり,今治市,〒794-0803 愛媛県今治市北鳥生町４丁目３−２６,,0898-55-8780,fukurin_chuka,3.1,6,https://tabelog.com/ehime/A3802/A380201/38013397/,,,,ラーメン,,,,,,34.0516332,133.0052838
g-ChIJAQAArWA6UDURVRml955pvvE,中国料理 「龍宮」,中華料理,あり,今治市,〒794-8522 愛媛県今治市旭町２丁目３−４ B1 今治国際ホテル内,,0898-36-1801,imabari_kokusai_hotel,3.15,21,https://tabelog.com/ehime/A3802/A380201/38000650/,,,,ラーメン｜担々麺,,,,,,34.0620233,133.0005086
rdb-100854,中国料理 白龍,中華料理,あり,今治市,愛媛県今治市郷本町1-1-15,,0898-32-8797,,3.42,154,https://tabelog.com/ehime/A3802/A380201/38000991/,83.48,1,https://ramendb.supleks.jp/s/100854.html,ラーメン｜ちゃんぽん,,,,,,34.048168,132.99617
osm-w806420430,長安,中華料理,あり,今治市,〒794-0055 愛媛県今治市中日吉町１丁目９−１８,,0898-32-5178,,3.3,50,https://tabelog.com/ehime/A3802/A380201/38000104/,,,,ラーメン｜担々麺,,,,,,34.0627634,132.9936401
osm-w806314037,桃仙楼,中華料理,あり,今治市,〒799-1502 愛媛県今治市喜田村３丁目４−３０,,0898-52-8897,,3.15,12,https://tabelog.com/ehime/A3802/A380201/38015706/,,,https://ramendb.supleks.jp/s/121709.html,ラーメン,,,,,,34.0471362,133.0214706
g-ChIJ5WL0Jmg6UDURmxHlmHDeGOs,白雅 餃子,中華料理,あり,今治市,〒794-0024 愛媛県今治市共栄町２丁目３−９,,0898-22-6315,,3.42,125,https://tabelog.com/ehime/A3802/A380201/38000110/,82.5,1,https://ramendb.supleks.jp/s/131619.html,中華そば｜冷やし,,,,,,34.0683406,133.00021329999998
osm-w806282867,白楽天,中華料理,あり,今治市,〒794-0015 愛媛県今治市常盤町４丁目１−１９,,0898-23-7292,tamagomeshihrt,3.49,1384,https://tabelog.com/ehime/A3802/A380201/38000122/,83.39,2,https://ramendb.supleks.jp/s/137599.html,ラーメン,,,,,,34.0643631,132.9987335
osm-n8315503581,白龍,中華料理,あり,今治市,〒794-0823 愛媛県今治市郷本町１丁目１−１５,,0898-32-8797,,3.43,166,https://tabelog.com/ehime/A3802/A380201/38000991/,,,,ラーメン｜ちゃんぽん,,,,,,34.0482079,132.9960359
g-ChIJaWzynn06UDURtSLzHc0VN10,美楽園,中華料理,あり,今治市,〒794-0812 愛媛県今治市北高下町１丁目１−４０,,0898-22-8046,,3.07,10,https://tabelog.com/ehime/A3802/A380201/38000896/,,,,中華そば｜ちゃんぽん,,,,,,34.053416999999996,133.012386
osm-w806303052,武夷山,中華料理,あり,今治市,〒794-0064 愛媛県今治市小泉４丁目１−２３,,0898-32-0775,,3.19,25,https://tabelog.com/ehime/A3802/A380201/38006934/,,,https://ramendb.supleks.jp/s/161478.html,ラーメン,,,,,,34.0491076,132.9815958
osm-n8292616460,福寿園,中華料理,あり,今治市,〒794-0054 愛媛県今治市北日吉町２丁目６−４８,,0898-33-1337,,3.16,18,https://tabelog.com/ehime/A3802/A380201/38007139/,,,https://ramendb.supleks.jp/s/140355.html,ラーメン,,,,,,34.0623539,132.9868023
osm-w879605108,蓬莱閣,中華料理,あり,今治市,〒799-1504 愛媛県今治市拝志５−１２,,0898-47-2248,,3.25,35,https://tabelog.com/ehime/A3802/A380201/38001703/,,,,ラーメン｜ちゃんぽん,,,,,,34.0412062,133.0272083
osm-w880914542,揚子江,中華料理,あり,今治市,〒794-0811 愛媛県今治市南高下町１丁目１−８２５−１,,0898-55-8528,,3.12,23,https://tabelog.com/ehime/A3802/A380201/38009542/,,,,ラーメン,,,,,,34.0507226,133.0141761
g-ChIJAQDMBts7UDURnc6AQUYNoBI,龍凰,中華料理,あり,今治市,〒799-2118 愛媛県今治市波止浜１１−５０,,0898-41-6628,,,,,,,,ちゃんぽん｜担々麺,醤油｜塩｜味噌｜豚骨,,,,,34.100979099999996,132.96812939999998
g-ChIJf9LPu046UDUR2hD_QxMwoQo,梁山泊 本店,中華料理,あり,今治市,〒794-0006 愛媛県今治市石井町１丁目５−５３ 藤原ビル,,0898-31-4427,,3.2,30,https://tabelog.com/ehime/A3802/A380201/38002812/,,,,ラーメン,,,,,,34.0766434,132.9863638
osm-w880153168,榕城,中華料理,あり,今治市,〒799-1505 愛媛県今治市東村３７９,,0898-48-3273,,3.15,26,https://tabelog.com/ehime/A3802/A380201/38014265/,,,https://ramendb.supleks.jp/s/161232.html,中華そば,,,,,,34.0386325,133.0215014
osm-n8257953286,翔龍,中華料理,あり,今治市,〒794-0063 愛媛県今治市片山２丁目３−７,,0898-34-5188,,3.08,15,https://tabelog.com/ehime/A3802/A380201/38012830/,,,,ラーメン,,,,,,34.0510551,132.9828102
g-ChIJH4J-mX86UDURBEI6eijDIZ8,聚香楼,中華料理,あり,今治市,〒794-0801 愛媛県今治市東鳥生町４丁目２−４２,,0898-25-6196,,3.16,16,https://tabelog.com/ehime/A3802/A380201/38011793/,,,,ラーメン,,,,,,34.0509315,133.018528
g-ChIJUeWR50GUUTURCfDcScjCuBk,ぐるめ亭,中華料理,あり,四国中央市,〒799-0405 愛媛県四国中央市三島中央４丁目９−１７,,0896-24-7198,,3.21,19,https://tabelog.com/ehime/A3802/A380204/38001741/,,,,ラーメン,味噌,,,,,33.981510199999995,133.5409649
g-ChIJx5hKmE6RUTURjZYKCg3dUFU,パンダ,中華料理,あり,四国中央市,〒799-0111 愛媛県四国中央市金生町下分９６７−２,,0896-22-4150,shikochu_panda_1116,3.15,14,https://tabelog.com/ehime/A3802/A380204/38013660/,,,https://ramendb.supleks.jp/s/148663.html,ラーメン,,,,,,33.9999658,133.5762586
g-ChIJVX1giUCRUTUR_KIGR3w-3WU,延寿園,中華料理,あり,四国中央市,〒799-0111 愛媛県四国中央市金生町下分８４４,,0896-58-0326,,3.21,11,https://tabelog.com/ehime/A3802/A380204/38001737/,,,https://ramendb.supleks.jp/s/128495.html,ラーメン,,,辛い,,,34.0043406,133.5772313
g-ChIJXawqhnDAUTUR8Jl7FY_7-ZA,四川亭,中華料理,あり,四国中央市,〒799-0704 愛媛県四国中央市土居町津根１９００,,0896-74-8393,,3.18,21,https://tabelog.com/ehime/A3802/A380204/38001742/,,,,中華そば,,,,,,33.961586,133.455449
g-ChIJy5_GJD-VUTURptIt6RddHT4,中華飯店 誉 ほまれ,中華料理,あり,四国中央市,〒799-0422 愛媛県四国中央市中之庄町５６７−１,,0896-29-5523,,3.14,9,https://tabelog.com/ehime/A3802/A380204/38015330/,,,https://ramendb.supleks.jp/s/155084.html,ラーメン｜担々麺,,,,,,33.9761451,133.5356098
g-ChIJS8RYyFeRUTURlWKmnmqDRjs,中国菜館 成都,中華料理,あり,四国中央市,〒799-0113 愛媛県四国中央市妻鳥町１６１１−２,,0896-59-5280,,3.33,40,https://tabelog.com/ehime/A3802/A380204/38001534/,,,https://ramendb.supleks.jp/s/159623.html,ラーメン｜担々麺,,,,,,33.9919347,133.5684008
g-ChIJS-PdYnKUUTURcWONXUyMZP0,中国料理 柘,中華料理,あり,四国中央市,〒799-0413 愛媛県四国中央市中曽根町５０４９−４,,0896-23-8575,,3.23,24,https://tabelog.com/ehime/A3802/A380204/38007892/,,,,担々麺,胡麻,,辛い,,,33.978336899999995,133.5516041
osm-w1168234816,味源,中華料理,あり,四国中央市,〒799-0413 愛媛県四国中央市中曽根町５０２０,,0896-29-5580,,3.13,17,https://tabelog.com/ehime/A3802/A380204/38009472/,,,,ラーメン,,,辛い,,,33.9782494,133.5505329
g-ChIJt5d4SL7lTzURSOiXGayDGjg,いのうえ家,中華料理,あり,松山市,〒790-0823 愛媛県松山市清水町２丁目２０−１７,,070-4211-1566,inoueya_matsuyama,3.25,34,https://tabelog.com/ehime/A3801/A380101/38006952/,,,,,醤油｜豚骨,,,,,33.8511662,132.7631326
osm-w1498210928,チャイナハウス すけろく,中華料理,あり,松山市,〒791-0243 愛媛県松山市平井町３１６７−１,,089-970-7776,,3.06,28,https://tabelog.com/ehime/A3801/A380101/38008210/,,0,https://ramendb.supleks.jp/s/130936.html,ラーメン,豚骨,,,,,33.8088444,132.8198025
g-ChIJ5Wh-brLlTzURLNgW-XzFix0,チャイナハウス すけろく 吉藤店,中華料理,あり,松山市,〒791-8011 愛媛県松山市吉藤２丁目１−３２,,089-924-0066,,3.07,29,https://tabelog.com/ehime/A3801/A380101/38000427/,,0,https://ramendb.supleks.jp/s/130934.html,ラーメン,豚骨,,,,,33.8675862,132.7572716
g-ChIJUSeDrwfmTzURZ03yKjDhw88,チャイナハウス すけろく 束本店,中華料理,あり,松山市,〒790-0916 愛媛県松山市束本２丁目１１−５,,089-915-8818,,3.12,44,https://tabelog.com/ehime/A3801/A380101/38008831/,82.776,1,https://ramendb.supleks.jp/s/98833.html,ラーメン,豚骨,,,,,33.828434,132.7876881
g-ChIJNz9it0_vTzURCmcFzNywWns,チャイナハウス すけろく 東石井店,中華料理,あり,松山市,〒790-0932 愛媛県松山市東石井３丁目１０−８,,089-958-1230,,3.12,63,https://tabelog.com/ehime/A3801/A380101/38000198/,83.014,2,https://ramendb.supleks.jp/s/130935.html,ラーメン,豚骨,,,,,33.814853,132.77783499999998
osm-n2385960074,チャイナハウスすけろく 小栗店,中華料理,あり,松山市,愛媛県松山市小栗5丁目222,,089-934-6663,,3.16,50,https://tabelog.com/ehime/A3801/A380101/38009925/,,0,https://ramendb.supleks.jp/s/130937.html,ラーメン,豚骨,,,,,33.8283594,132.7592463
g-ChIJ96fzoRbvTzURZ7oKFRjqh8Y,チャイナパンダ,中華料理,あり,松山市,〒790-0942 愛媛県松山市古川北４丁目１３−７ コーポ有光 １F,,089-914-8818,,3.1,18,https://tabelog.com/ehime/A3801/A380101/38001661/,,,,ラーメン｜担々麺,醤油,,,,,33.8088246,132.76250199999998
rdb-114518,チャイナ大岩 フジグラン松山店,中華料理,あり,松山市,愛媛県松山市宮西1-2-1,,089-926-7333,,3.09,18,https://tabelog.com/ehime/A3801/A380101/38012694/,83.11,1,https://ramendb.supleks.jp/s/114518.html,ラーメン｜担々麺,醤油｜塩｜味噌｜野菜,,,,,33.844311,132.753036
g-ChIJhYH9aADvTzURdZAigy_90KM,一番星,中華料理,あり,松山市,〒790-0026 愛媛県松山市室町２丁目５−３,,089-903-8818,ichibanboshi2024.9.12,3.34,28,https://tabelog.com/ehime/A3801/A380101/38015982/,82.775,1,https://ramendb.supleks.jp/s/160931.html,ラーメン｜担々麺,,,,,,33.8297351,132.76370319999998
g-ChIJKUCQWmflTzURxvENa7jVIVw,華園,中華料理,あり,松山市,〒791-8026 愛媛県松山市山西町１２４−３,,089-953-5345,,3.2,16,https://tabelog.com/ehime/A3801/A380101/38001662/,,,,ラーメン,,,,,,33.8519722,132.7276769
g-ChIJewxrn7roTzURPptT1tLgA18,楽仔,中華料理,あり,松山市,〒791-1102 愛媛県松山市来住町１２８７−９,,089-970-2440,,3.17,25,https://tabelog.com/ehime/A3801/A380101/38006093/,,,,ラーメン,,,,,,33.807334,132.795714
g-ChIJW9blg3TlTzURQ02RKzooqzY,雁飯店 久万ノ台店,中華料理,あり,松山市,〒791-8016 愛媛県松山市久万ノ台１１８８−５,,089-924-8521,,3.35,68,https://tabelog.com/ehime/A3801/A380101/38002802/,,,,ラーメン,,,辛い,,,33.856966,132.7421094
g-ChIJlwwMH5blTzURPDXO73Ogc2Q,雁飯店中国割烹 大岩 木屋町本店 Ganhanten Oiwa Kiya-cho,中華料理,あり,松山市,〒790-0821 愛媛県松山市木屋町２丁目７−20 2 7-20 Kiya-cho Matsuyama city,,089-922-7122,ganhanten_ooiwa,3.16,41,https://tabelog.com/ehime/A3801/A380101/38007834/,83.173,1,https://ramendb.supleks.jp/s/117576.html,ラーメン,,,,,,33.851094200000006,132.7603867
rdb-152574,元帥 平和通り店,中華料理,あり,松山市,愛媛県松山市平和通5-2-9,,089-968-1920,,3.31,64,https://tabelog.com/ehime/A3801/A380101/38001006/,,,https://ramendb.supleks.jp/s/152574.html,ラーメン,醤油,,,,,33.847504,132.760162
g-ChIJ7WUZGx_lTzUR9zPxDX4mKY4,古民家 中華居酒屋 中ちゃん,中華料理,あり,松山市,〒790-0002 愛媛県松山市二番町３丁目２−１,,089-933-7841,naka0807,3.24,28,https://tabelog.com/ehime/A3801/A380101/38012494/,,0,https://ramendb.supleks.jp/s/146882.html,中華そば｜ちゃんぽん,,,,,,33.838595999999995,132.7693664
g-ChIJgxnrJMXlTzURAZx1LhppCOc,菜温,中華料理,あり,松山市,〒790-0825 愛媛県松山市道後樋又１−２３ イエローコーポ,,089-923-6822,saion2007,3.34,54,https://tabelog.com/ehime/A3801/A380101/38001329/,,0,https://ramendb.supleks.jp/s/147019.html,担々麺,,,辛い,,,33.852112,132.775135
g-ChIJv6ThnTniTzURk0W8mnPSBJM,三宝亭,中華料理,あり,松山市,〒799-2438 愛媛県松山市河野中須賀２４１−１１,,089-993-3422,,3.24,27,https://tabelog.com/ehime/A3801/A380101/38008896/,,0,https://ramendb.supleks.jp/s/120631.html,ラーメン,塩,,辛い｜あっさり,,,33.9494445,132.7702265
rdb-137984,四川料理 龍の子,中華料理,あり,松山市,愛媛県松山市一番町3-1-1 松山三越1F,,089-933-8555,,3.32,41,https://tabelog.com/ehime/A3801/A380101/38014086/,,,https://ramendb.supleks.jp/s/137984.html,担々麺｜油そば,胡麻,,,,,33.840801,132.769394
osm-w1495311508,若水飯店,中華料理,あり,松山市,〒791-0243 愛媛県松山市平井町２２９８−１,,089-976-7037,,3.21,19,https://tabelog.com/ehime/A3801/A380101/38002804/,,0,https://ramendb.supleks.jp/s/117496.html,ラーメン｜ちゃんぽん,味噌,,,,,33.8106404,132.822242
g-ChIJ1SNC9hjmTzUR6pDBKdWrxHc,寿慶,中華料理,あり,松山市,〒790-0923 愛媛県松山市北久米町１１−２,,089-976-2548,,3.05,8,https://tabelog.com/ehime/A3801/A380101/38001686/,,,,ラーメン,,,,,,33.821058199999996,132.8036816
g-ChIJm6z3j4vlTzURrWfHJCzmTBQ,赤坂四川飯店 松山店,中華料理,あり,松山市,〒790-0012 愛媛県松山市湊町５丁目１−１ いよてつ髙島屋 8階,,089-948-7028,matsuyama_sisen,3.22,84,https://tabelog.com/ehime/A3801/A380101/38000302/,,0,https://ramendb.supleks.jp/s/82750.html,担々麺,カレー,,,,,33.835794799999995,132.7635674
g-ChIJg1_sAhriTzURF4toWrErlRc,仙楓,中華料理,あり,松山市,〒799-2435 愛媛県松山市府中７１０−１,,089-992-3008,,3.07,13,https://tabelog.com/ehime/A3801/A380101/38001683/,,,,担々麺,,,あっさり,,,33.958363,132.77650599999998
g-ChIJZxsmTMPlTzURI-JYVI3Kt4E,太養軒,中華料理,あり,松山市,〒790-0844 愛媛県松山市道後一万７−１３,,080-4991-1104,taiyouken3rd,3.39,112,https://tabelog.com/ehime/A3801/A380101/38005391/,,,,ラーメン,,,,,,33.8484106,132.7756875
g-ChIJdbv_5fHlTzURDSDHGPOV7LY,台北,中華料理,あり,松山市,〒790-0011 愛媛県松山市千舟町２丁目３−２２,,089-945-7868,taipe_ru,3.14,31,https://tabelog.com/ehime/A3801/A380101/38001669/,83.01,1,https://ramendb.supleks.jp/s/165760.html,ラーメン,,,,,,33.836374299999996,132.7720843
g-ChIJ1XnfOHPlTzURmugxSD3FAa0,中華バルろたす,中華料理,あり,松山市,〒790-0002 愛媛県松山市二番町１丁目３−３ サンプラザビル８８ 1階,,089-913-0057,lotus_china.bal,3.05,6,https://tabelog.com/ehime/A3801/A380101/38015582/,,,,担々麺,,,辛い,,,33.8390181,132.7728309
g-ChIJLdL2SrXoTzURFSrUfzxURuE,中華バル茶縁,中華料理,あり,松山市,〒791-1104 愛媛県松山市北土居２丁目２４−１４,,089-958-7889,chaen2006,3.05,8,https://tabelog.com/ehime/A3801/A380101/38001461/,,,,担々麺｜ラーメン,,,,,,33.804682,132.785871
g-ChIJr5DPm6TlTzURzcAC9jDA26U,中華菜館 四川飯店,中華料理,あり,松山市,〒791-8013 愛媛県松山市山越１丁目１２−７,,089-923-9162,yamagoe_4000,3.4,135,https://tabelog.com/ehime/A3801/A380101/38000208/,,,,ラーメン,,,辛い,,,33.858334899999996,132.7549141
rdb-120587,中華菜飯 愛華,中華料理,あり,松山市,愛媛県松山市中村3-4-6 1F,,089-947-1668,,3,1,https://tabelog.com/ehime/A3801/A380101/38011530/,,,https://ramendb.supleks.jp/s/120587.html,ちゃんぽん,醤油｜豚骨,,,,,33.830147,132.776077
rdb-140216,中華旬菜 西尾,中華料理,あり,松山市,愛媛県松山市千舟町5-1-5 ワークビル1F,,089-933-2028,,3.53,64,https://tabelog.com/ehime/A3801/A380101/38014190/,,,https://ramendb.supleks.jp/s/140216.html,担々麺,胡麻,,辛い,,,33.836571,132.764328
g-ChIJi5miqPcdUDURqJnsJxBD9ro,中華食堂＆バル 光楽,中華料理,あり,松山市,〒799-2430 愛媛県松山市北条辻１４００−８,,089-992-0419,kouraku_dining_bar,3.06,6,https://tabelog.com/ehime/A3801/A380101/38015396/,,0,https://ramendb.supleks.jp/s/154990.html,中華そば,,,,,,33.97502,132.77414199999998
g-ChIJtdWqwJblTzURv_kdw1WJtBk,中華台所 元帥,中華料理,あり,松山市,〒790-0807 愛媛県松山市平和通５丁目２−９,,089-968-1920,gensui1979,3.31,67,https://tabelog.com/ehime/A3801/A380101/38001006/,,,,ラーメン,醤油,,,,,33.8474485,132.7602627
g-ChIJZzvJg73lTzURDbFmvJTtm6s,中華飯店 鳳来,中華料理,あり,松山市,〒790-0811 愛媛県松山市本町６丁目４−３,,089-924-7020,,3.09,12,https://tabelog.com/ehime/A3801/A380101/38001687/,,,,ラーメン,,,,,,33.8520085,132.7590215
g-ChIJUai2pGLvTzURRxS0qVJMV5M,中国料理 胡桃,中華料理,あり,松山市,〒790-0034 愛媛県松山市藤原町６６７−１,,089-948-9913,,3.27,57,https://tabelog.com/ehime/A3801/A380101/38010181/,,,,ラーメン｜担々麺,,,辛い,,,33.833599,132.7573242
g-ChIJzVFW4ZnvTzURLwDWBazhTsM,中国料理 香港,中華料理,あり,松山市,〒791-0054 愛媛県松山市空港通３丁目８−１３,,089-971-9115,,3.34,90,https://tabelog.com/ehime/A3801/A380101/38000588/,,,https://ramendb.supleks.jp/s/146064.html,ラーメン｜ちゃんぽん,,,,,,33.8281639,132.73725349999998
g-ChIJlQoFnMzpTzURSYPw4dKiTUo,中国料理 香港 来住店,中華料理,あり,松山市,〒791-1102 愛媛県松山市来住町１３９８−４,,089-904-6025,,3.33,51,https://tabelog.com/ehime/A3801/A380101/38012842/,82.45,1,https://ramendb.supleks.jp/s/146065.html,ラーメン｜ちゃんぽん,,,,,,33.804686,132.7956322
g-ChIJq8IiTG7vTzUR785iN9gSYoU,中国料理 香港 和泉店,中華料理,あり,松山市,〒790-0038 愛媛県松山市和泉北１丁目４−２０ シティ森,,089-948-0013,,3.25,65,https://tabelog.com/ehime/A3801/A380101/38000125/,,,https://ramendb.supleks.jp/s/146066.html,ラーメン｜ちゃんぽん,,,,,,33.8222222,132.7580556
g-ChIJxdxtQQDlTzURnidQV2D1yHM,中国料理 四川之門,中華料理,あり,松山市,〒790-0004 愛媛県松山市大街道３丁目２−２９,,089-948-8515,,3.23,28,https://tabelog.com/ehime/A3801/A380101/38015641/,,,https://ramendb.supleks.jp/s/157556.html,担々麺,胡麻,,,,,33.842727599999996,132.77063769999998
g-ChIJmRNGZ-7lTzURWIkfePPCOls,中国料理 万寿,中華料理,あり,松山市,〒790-0002 愛媛県松山市二番町１丁目４−２４,,050-5494-6541,manju_since_1973,3.46,165,https://tabelog.com/ehime/A3801/A380101/38011427/,,,,ラーメン,,,,,,33.8392333,132.77257459999998
g-ChIJ43YxiAfmTzURwcII5sGJg-k,中国料理 龍花,中華料理,あり,松山市,〒790-0962 愛媛県松山市枝松５丁目８−２８ ビージョイマンション 1 号館 1F,,089-945-0123,,3.28,61,https://tabelog.com/ehime/A3801/A380101/38001564/,,,https://ramendb.supleks.jp/s/158789.html,ラーメン,,,,,,33.8294145,132.7857172
g-ChIJQ217VezlTzURvee-VZlYVTs,中国料理「桃園」,中華料理,あり,松山市,〒790-8520 愛媛県松山市一番町３丁目２−１ ANAクラウンプラザホテル松山 6F,,089-933-5720,,3.3,46,https://tabelog.com/ehime/A3801/A380101/38000739/,,,https://ramendb.supleks.jp/s/125060.html,ラーメン｜担々麺,塩,,,,,33.8406808,132.7688982
g-ChIJ_5cKa1nlTzURl0BnNw0wYgs,長楽,中華料理,あり,松山市,〒791-8026 愛媛県松山市山西町９６０−１９,,089-953-2824,,3.3,48,https://tabelog.com/ehime/A3801/A380101/38001663/,,,,ラーメン｜担々麺,,,辛い,,,33.8532985,132.7208317
g-ChIJtZzxWmvvTzURQXX6QT3MP74,長城,中華料理,あり,松山市,〒790-0942 愛媛県松山市古川北１丁目２５−２６,,089-956-7177,,3.34,73,https://tabelog.com/ehime/A3801/A380101/38001660/,,,,ラーメン,味噌,,,,,33.8145899,132.76185049999998
g-ChIJ5-KlnfTlTzURO7nq8MyPaPY,美食坊 ハルピン,中華料理,あり,松山市,〒791-8016 愛媛県松山市久万ノ台４０３−１,,089-933-2283,bishokubou_harpin,3.14,17,https://tabelog.com/ehime/A3801/A380101/38016915/,,,https://ramendb.supleks.jp/s/172108.html,ラーメン,,,,,,33.8623118,132.750035
g-ChIJOapX193oTzURxm1vXdTbwSM,豊来,中華料理,あり,松山市,〒791-1112 愛媛県松山市南高井町１９７６−１,,089-957-6643,,3.09,20,https://tabelog.com/ehime/A3801/A380101/38001676/,,,,ラーメン,,,,,,33.782681499999995,132.80343
osm-w1307422631,北京飯店,中華料理,あり,松山市,〒799-2468 愛媛県松山市小川３４,,089-994-2755,,3.22,40,https://tabelog.com/ehime/A3801/A380101/38001207/,82.31,1,https://ramendb.supleks.jp/s/115205.html,ラーメン,味噌,,,,,33.9292472,132.7611854
rdb-108064,本場中華料理 長楽,中華料理,あり,松山市,愛媛県松山市山西町960-19,,089-953-2824,,3.3,45,https://tabelog.com/ehime/A3801/A380101/38001663/,85.28,4,https://ramendb.supleks.jp/s/108064.html,ラーメン｜担々麺,,,辛い,,,33.853992,132.720413
rdb-109161,万寿,中華料理,あり,松山市,愛媛県松山市二番町1-4-24,,089-945-9444,,3.44,117,https://tabelog.com/ehime/A3801/A380101/38011427/,87.69,7,https://ramendb.supleks.jp/s/109161.html,ラーメン,,,,,,33.83934,132.772781
g-ChIJq_6aoz3vTzURhJWGNx4sIO8,揚子江,中華料理,あり,松山市,〒790-0943 愛媛県松山市古川南３丁目１４−３,,089-957-8975,,3.14,10,https://tabelog.com/ehime/A3801/A380101/38001659/,,,https://ramendb.supleks.jp/s/137831.html,担々麺｜ちゃんぽん,醤油｜味噌,,,,,33.8048012,132.7677023
g-ChIJVVSLIJTlTzURBFduhAvsazo,眞心 SHIN-SHIN,中華料理,あり,松山市,〒790-0807 愛媛県松山市平和通５丁目１−６,,089-913-5707,,3.21,22,https://tabelog.com/ehime/A3801/A380101/38011454/,,,,ラーメン,,,,,,33.8474077,132.76143679999998
osm-n10605774688,餃子 のぶ,中華料理,あり,松山市,〒791-8062 愛媛県松山市住吉１丁目４−１８,,089-952-6001,gyozanobu,3.18,31,https://tabelog.com/ehime/A3801/A380101/38009907/,82.94,1,https://ramendb.supleks.jp/s/74089.html,中華そば｜つけ麺,鶏,,あっさり,,,33.8637924,132.7188537
rdb-121960,餃子の王将 パルティ・フジ衣山店,中華料理,あり,松山市,愛媛県松山市衣山町1-188,,089-922-5500,,3.06,45,https://tabelog.com/ehime/A3801/A380101/38010596/,,,https://ramendb.supleks.jp/s/121960.html,,,,,,,33.85305,132.746368
rdb-121506,餃子の王将 松山南久米店,中華料理,あり,松山市,愛媛県松山市南久米町558-6,,089-976-8118,,3.05,72,https://tabelog.com/ehime/A3801/A380101/38010128/,82.77,1,https://ramendb.supleks.jp/s/121506.html,,,,,,,33.812962,132.796783
g-ChIJmUDi9BruTzURnJV006U5RPE,大阪王将 エミフルMASAKI店,中華料理,あり,松前町,〒791-3120 愛媛県伊予郡松前町筒井８５０ エミモール,,089-985-5158,osakaohsho_japan,3.02,21,https://tabelog.com/ehime/A3801/A380103/38007430/,,,,,,,,,,33.789589,132.7156695
g-ChIJiVctfxHPUTURmMmi1Qn6PgI,チャイナハウス すけろく 星原店,中華料理,あり,新居浜市,〒792-0825 愛媛県新居浜市星原町１３−２７,,0897-41-8080,,3.13,43,https://tabelog.com/ehime/A3802/A380203/38002868/,77.47,1,https://ramendb.supleks.jp/s/25947.html,ラーメン,豚骨,,,,,33.9367127,133.3050049
g-ChIJxTwZOMbOUTURTIRz0qZcgkU,京珉,中華料理,あり,新居浜市,〒792-0013 愛媛県新居浜市泉池町４−３６,,0897-33-4710,,3.15,11,https://tabelog.com/ehime/A3802/A380203/38001722/,,,https://ramendb.supleks.jp/s/153004.html,冷やし,,,,,,33.9647389,133.2745574
g-ChIJpaidkVjPUTUR-e2L3dPkCCE,錦楽源,中華料理,あり,新居浜市,〒792-0022 愛媛県新居浜市徳常町４−４３,,0897-47-1712,,3.14,7,https://tabelog.com/ehime/A3802/A380203/38016525/,,,https://ramendb.supleks.jp/s/167671.html,ラーメン｜つけ麺,醤油｜塩,,辛い,,,33.9639141,133.2812901
g-ChIJI7eVnpPOUTURJ4_NsK4t2B4,紅虎餃子房 イオンモール新居浜店,中華料理,あり,新居浜市,〒792-0007 愛媛県新居浜市前田町８−８ イオン モール 新居浜 1F,,0897-31-0560,benitora_gyozabou,3.05,29,https://tabelog.com/ehime/A3802/A380203/38000337/,,,https://ramendb.supleks.jp/s/131492.html,担々麺,,,,,,33.9547161,133.26831289999998
g-ChIJDflt7PjOUTURDi4xa98nxy0,新創作四川料理 萬來,中華料理,あり,新居浜市,〒792-0042 愛媛県新居浜市本郷１丁目６−２６,,0897-47-4188,,3.2,26,https://tabelog.com/ehime/A3802/A380203/38006452/,,,,ラーメン｜担々麺,塩,,辛い,,,33.9356058,133.2844337
g-ChIJy8ELu2nOUTURZOU0IMxXrOQ,台湾料理 福銘源,中華料理,あり,新居浜市,〒792-0050 愛媛県新居浜市萩生４７４−３ 水主ビル,,0897-40-8555,,3.22,25,https://tabelog.com/ehime/A3802/A380203/38007871/,,,,ラーメン,,,辛い,,,33.9285315,133.2698151
osm-n10681345782,中華麺飯茶屋 佳,中華料理,あり,新居浜市,〒792-0034 愛媛県新居浜市滝の宮町２−３３,,0897-47-5437,,3.15,20,https://tabelog.com/ehime/A3802/A380203/38013171/,,,https://ramendb.supleks.jp/s/122742.html,ラーメン｜担々麺,鶏,,白湯,,,33.946622,133.281786
g-ChIJmW89odHOUTURYvEC8FoQ4Ng,中華料理 南国,中華料理,あり,新居浜市,〒792-0022 愛媛県新居浜市徳常町１−１２,,0897-37-5258,,3.07,19,https://tabelog.com/ehime/A3802/A380203/38001727/,,,,ラーメン,,,,,,33.9651218,133.283342
g-ChIJbbujkdLIUTURiXHmtkzWT6s,中国四川酒房 東風,中華料理,あり,新居浜市,〒792-0864 愛媛県新居浜市東雲町２丁目５−７,,0897-35-3232,tonpou_102,3.16,14,https://tabelog.com/ehime/A3802/A380203/38001726/,,,,中華そば,,,,,,33.9654878,133.2997121
g-ChIJoQhn_OvPUTURpHMth4sj4Uk,中国酒房 興慶,中華料理,あり,新居浜市,〒792-0014 愛媛県新居浜市西町５−２１,,0897-32-3037,koukei_niihama,3.1,11,https://tabelog.com/ehime/A3802/A380203/38013922/,,,,ラーメン｜担々麺,,,,,,33.967307,133.2727079
g-ChIJqUWkIZTOUTURTOqbeTdBqGU,中国料理 龍鳳,中華料理,あり,新居浜市,〒792-0007 愛媛県新居浜市前田町６−９,,0897-37-1121,,3.12,16,https://tabelog.com/ehime/A3802/A380203/38005977/,,,,ラーメン,,,,,,33.9567452,133.2668831
g-ChIJtWL9h18rUDUR3ZMsdL-KQdY,横濱飯店,中華料理,あり,西条市,〒793-0072 愛媛県西条市氷見乙１９８６−１,,0897-66-9351,,3.07,10,https://tabelog.com/ehime/A3802/A380202/38014692/,82.54,1,https://ramendb.supleks.jp/s/145634.html,ラーメン,醤油,,,,,33.8965166,133.12048629999998
g-ChIJ-ehk38ouUDURvq-Y8siT6go,彩菜・中華ダイニング,中華料理,あり,西条市,〒799-1371 愛媛県西条市周布１６５１−２,,0898-68-5825,,3.09,18,https://tabelog.com/ehime/A3802/A380202/38001731/,,,,ラーメン｜担々麺｜冷やし,,,辛い,,,33.9170632,133.0754092
g-ChIJMzI74xAvUDURz2c252VolcA,上海軒,中華料理,あり,西条市,〒799-1353 愛媛県西条市三津屋南２−２４,,0898-64-1565,shanhaiken_nyugawa,3.4,98,https://tabelog.com/ehime/A3802/A380202/38003250/,83.08,1,https://ramendb.supleks.jp/s/161187.html,ラーメン,,,,,,33.928506999999996,133.087687
g-ChIJgcBJkLbSUTURPRJwUwp2zlU,台湾料理 昇龍,中華料理,あり,西条市,〒793-0027 愛媛県西条市朔日市７８０−２,,0897-56-8882,,3.08,29,https://tabelog.com/ehime/A3802/A380202/38008006/,,,https://ramendb.supleks.jp/s/120639.html,ラーメン,,,,,,33.9278717,133.1803581
g-ChIJjfxmEXIvUDURE8l3S_4_ZOY,台湾料理桃園,中華料理,あり,西条市,〒799-1353 愛媛県西条市三津屋南4−３５,,0898-55-8881,,3.05,4,https://tabelog.com/ehime/A3802/A380202/38016917/,,,,担々麺｜ちゃんぽん,醤油｜塩｜味噌｜豚骨,,辛い,,,33.9296901,133.09033449999998
g-ChIJ-UihH3DSUTUR524eZfSQ2n8,中華しん,中華料理,あり,西条市,〒793-0010 愛媛県西条市飯岡３２６,,0897-55-0089,,3.09,9,https://tabelog.com/ehime/A3802/A380202/38010525/,,,https://ramendb.supleks.jp/s/143753.html,ちゃんぽん,,,,,,33.9183131,133.24007
g-ChIJjdzvsI7TUTURkE4LGnOF420,中華淑々,中華料理,あり,西条市,〒793-0030 愛媛県西条市大町１６９３,,0897-55-1908,shukushukunotuma,3.09,17,https://tabelog.com/ehime/A3802/A380202/38010426/,,,https://ramendb.supleks.jp/s/128880.html,ちゃんぽん｜担々麺｜中華そば,,,,,,33.9183914,133.1844884
g-ChIJVVUFdVsuUDURFlFAdPvhH0Q,中華料理 蓬莱閣（河原津店）,中華料理,あり,西条市,〒799-1302 愛媛県西条市楠２２４−２,,0898-66-1466,,3.07,11,https://tabelog.com/ehime/A3802/A380202/38011344/,,,,ラーメン,,,,,,33.9609334,133.071803
g-ChIJD7BH98cpUDURWmISBDeGm2s,覇王樹,中華料理,あり,西条市,〒791-0508 愛媛県西条市丹原町池田１７０７−７,,090-3184-3464,,3.12,11,https://tabelog.com/ehime/A3802/A380202/38010516/,,,https://ramendb.supleks.jp/s/152243.html,,醤油,,辛い｜にんにく｜清湯,,,33.907508199999995,133.0641623
osm-w1451130602,蓬莱閣,中華料理,あり,西条市,〒793-0027 愛媛県西条市朔日市２８１−３,,0897-55-3567,,3.02,3,https://tabelog.com/ehime/A3802/A380202/38016571/,,,,ラーメン,,,,,,33.9296425,133.1873824
g-ChIJoWjc4pwuUDUR49ox_Ho3SOo,蓬莱閣 東予店,中華料理,あり,西条市,〒799-1353 愛媛県西条市三津屋南６−３３,,0898-64-5639,,3.16,40,https://tabelog.com/ehime/A3802/A380202/38006083/,,,,ラーメン,,,,,,33.931371,133.092861
osm-n12269045004,幸楽,中華料理,あり,西予市,〒796-0908 愛媛県西予市三瓶町津布理７−２８５,,0894-33-0288,,,,,,,,ラーメン,野菜,,,,,33.3797749,132.4229705
g-ChIJq4WiQuZ1TzURGUM7zFw67eQ,食酔坊・宝,中華料理,あり,西予市,〒797-1705 愛媛県西予市城川町高野子７５−１,,0894-83-0584,housenbou_lodge,3.09,11,https://tabelog.com/ehime/A3804/A380402/38000876/,,,https://ramendb.supleks.jp/s/172945.html,ちゃんぽん,醤油｜味噌,,,,,33.3641784,132.79359499999998
g-ChIJVVVVVcSHRTURs00GNuYa0kM,中国料理 舞華,中華料理,あり,西予市,〒797-0018 愛媛県西予市宇和町下松葉４３−２,,0894-62-1105,maika_since2009,3.15,15,https://tabelog.com/ehime/A3804/A380402/38012730/,,,,ラーメン｜担々麺,,,,,,33.3777457,132.50291679999998
g-ChIJaSX2rTKBTzURZHmmLB_x1vE,MAY’S KITCHEN,中華料理,あり,大洲市,〒795-0071 愛媛県大洲市新谷乙３２１,,0893-57-6696,,,3,https://tabelog.com/ehime/A3803/A380301/38015302/,,,,ラーメン,,,,,,33.534317099999996,132.59011329999998
g-ChIJh5tFnPyCTzUR04inkh6JcH4,食べ処呑み処 味人-AJITO-,中華料理,あり,大洲市,〒797-1503 愛媛県大洲市肱川町宇和川３０３０,,,,3.09,13,https://tabelog.com/ehime/A3803/A380301/38007228/,79.73,1,https://ramendb.supleks.jp/s/76153.html,ラーメン｜ちゃんぽん,味噌,,,,,33.4611672,132.67644719999998
g-ChIJ22k9W8WBTzURnLK7MvmX7fs,台湾料理 味源,中華料理,あり,大洲市,〒795-0064 愛媛県大洲市東大洲,,0893-23-9179,,3.05,11,https://tabelog.com/ehime/A3803/A380301/38013043/,,,,ラーメン｜担々麺,,,辛い,,,33.520059499999995,132.5530375
g-ChIJK39Wir-ATzURqWB6CIkXA_I,大阪王将 大洲インター店,中華料理,あり,大洲市,〒795-0064 愛媛県大洲市東大洲１３４３−１,,0893-25-2050,osakaohsho_japan,3.02,20,https://tabelog.com/ehime/A3803/A380301/38008655/,82.68,1,https://ramendb.supleks.jp/s/137459.html,,,,,,,33.530485899999995,132.570435
g-ChIJNUp68NN_RTURJf9o2TWW0o0,中国菜館 蓮花,中華料理,あり,大洲市,〒795-0054 愛媛県大洲市中村２１９−１,,0893-24-1273,,3.08,17,https://tabelog.com/ehime/A3803/A380301/38009562/,,,https://ramendb.supleks.jp/s/149543.html,中華そば｜ちゃんぽん,,,あっさり,,,33.5177652,132.5448547
g-ChIJmQmqleCATzURmCvJRPcNJDc,東明閣,中華料理,あり,大洲市,〒795-0061 愛媛県大洲市徳森２２４５−４４,,0893-25-1688,,3.03,9,https://tabelog.com/ehime/A3803/A380301/38001735/,,,,ちゃんぽん｜中華そば,,,,,,33.521164999999996,132.58662999999999
g-ChIJoSFKhEjdTzURmAaPA6C4uoQ,中華 老香港菜館,中華料理,あり,東温市,〒791-0211 愛媛県東温市見奈良１１２５,,089-990-7947,,3.16,30,https://tabelog.com/ehime/A3801/A380102/38000593/,,,https://ramendb.supleks.jp/s/146067.html,ラーメン｜冷やし,,,,,,33.7899118,132.88044209999998
g-ChIJ5WJMLZXpTzUR4j9EU9raUMc,中華料理 髙爛,中華料理,あり,東温市,〒791-0215 愛媛県東温市北野田７８４−６,,089-964-4147,koran4147,3.17,10,https://tabelog.com/ehime/A3801/A380102/38012635/,,,,中華そば,,,,,,33.7984417,132.830347
g-ChIJWYObQLGFTzURH9gkfX8gZxE,中華料理 かば忠,中華料理,あり,内子町,〒791-3301 愛媛県喜多郡内子町内子甲２２７８,,0893-44-2036,kabachu.uchiko,3.13,14,https://tabelog.com/ehime/A3803/A380303/38001747/,,,,ちゃんぽん,,,,,,33.554033,132.65481699999998
g-ChIJgVOhPIGERTURxWUzqRBrgUU,もつ鍋ダイニング居食屋 月天(炭火焼鳥と自家製麺の店),中華料理,あり,八幡浜市,〒796-0026 愛媛県八幡浜市矢野町６丁目３６−９,,0894-24-5825,,3.06,13,https://tabelog.com/ehime/A3803/A380302/38001115/,,,,,,,,,,33.4576389,132.4255638
g-ChIJs8lSivKDRTUR8uTRR8-2rXg,台湾料理 味源,中華料理,あり,八幡浜市,〒796-0010 愛媛県八幡浜市松柏962ｰ3,,0894-35-6196,,3.05,3,https://tabelog.com/ehime/A3803/A380302/38016695/,,,,ラーメン,,,辛い,,,33.4617614,132.4418374
g-ChIJX_tmSXpWTzURikknzilGJyQ,みかど食堂,食堂・定食,あり,愛南町,〒798-4131 愛媛県南宇和郡愛南町城辺甲２０２５,,0895-73-0010,,3.05,6,https://tabelog.com/ehime/A3804/A380404/38010219/,,,,ちゃんぽん,,,,,,32.959333,132.58241239999998
osm-n9718648379,市場食堂,食堂・定食,あり,愛南町,愛媛県愛南町鯆越1664,Su-Fr 07:00-17:00,+81 895 73 2556,ainanshichangshitang,3.53,210,https://tabelog.com/ehime/A3804/A380404/38007391/,,,,,醤油,,,,,32.9435014,132.5816693
osm-n12709583673,しらす食堂,食堂・定食,あり,伊方町,〒796-0801 愛媛県西宇和郡伊方町三崎１７００−１１ しらすパーク 2F,,0894-21-3340,kitoki_sadamisaki,3.4,95,https://tabelog.com/ehime/A3803/A380302/38013412/,,,,ラーメン,塩｜魚介,,あっさり,,,33.3907742,132.1171698
g-ChIJQfoBJpGcRTURZu0oBZANwuI,マルマ食堂,食堂・定食,あり,伊方町,〒796-0305 愛媛県西宇和郡伊方町河内１４５８,,0894-38-1926,,3.19,20,https://tabelog.com/ehime/A3803/A380302/38004936/,,,,ちゃんぽん,鶏,,あっさり,,,33.496882899999996,132.3683714
rdb-173558,森店,食堂・定食,あり,伊予市,愛媛県伊予市米湊803-29,,089-982-4569,,3.09,7,https://tabelog.com/ehime/A3801/A380103/38005312/,,,https://ramendb.supleks.jp/s/173558.html,中華そば,,,あっさり,,,33.757984,132.704041
g-ChIJjQrM4HbyTzURL_zTUPcQ_7A,森店（もりみせ）食堂,食堂・定食,あり,伊予市,〒799-3113 愛媛県伊予市米湊８０３−２９,,089-982-0415,,,,,,,,中華そば,,,あっさり,,,33.7588906,132.7040355
g-ChIJ8TeYfuL5RTUR7Wn8X4haV7A,西ドライブイン,食堂・定食,あり,宇和島市,〒798-3343 愛媛県宇和島市津島町針木２４１−３,,0895-35-0322,,3.06,10,https://tabelog.com/ehime/A3804/A380401/38001007/,,,,ラーメン｜ちゃんぽん,,,,,,33.067495199999996,132.4848638
g-ChIJ8Q-sRQCJRTURbl9WZJsOxPo,大学食堂,食堂・定食,あり,宇和島市,〒799-3710 愛媛県宇和島市吉田町立間尻４２５−６,,,,3.06,12,https://tabelog.com/ehime/A3804/A380401/38009998/,82.57,1,https://ramendb.supleks.jp/s/120260.html,ちゃんぽん,,,,,,33.2724086,132.54155540000002
g-ChIJLawB_eZwTzURl66RfDthTWw,アカネ食堂,食堂・定食,不明,鬼北町,〒798-1311 愛媛県北宇和郡鬼北町小松６０,,0895-48-0966,,,1,https://tabelog.com/ehime/A3804/A380403/38012277/,,,,,,,,,,33.3079259,132.73989079999998
g-ChIJN6slk1fATzURP8nFdqBu0dA,きらら食堂,食堂・定食,あり,久万高原町,〒791-1201 愛媛県上浮穴郡久万高原町久万９７６,,0892-21-2351,,3.09,16,https://tabelog.com/ehime/A3803/A380304/38008676/,,,,ラーメン,,,辛い,,,33.656088,132.90089269999999
osm-n12161936305,久万山食堂,食堂・定食,あり,久万高原町,〒791-1501 愛媛県上浮穴郡久万高原町上黒岩２８４０,,0892-56-0330,michinoeki.mikawa,3.06,6,https://tabelog.com/ehime/A3803/A380304/38015817/,,,https://ramendb.supleks.jp/s/166278.html,中華そば｜担々麺｜ラーメン,,,,,,33.614177,132.9697555
g-ChIJZzHonX05UDURfKYoRGp71ps,あかさき食堂,食堂・定食,あり,今治市,〒799-2111 愛媛県今治市小浦町１丁目１−１５,,,,3.03,4,https://tabelog.com/ehime/A3802/A380201/38007382/,,,,ラーメン,醤油｜煮干し｜鶏｜魚介,,,,,34.1065316,132.97339879999998
g-ChIJKxMPNWY6UDURY2D2NqHslwk,おざき食堂,食堂・定食,あり,今治市,〒794-0038 愛媛県今治市末広町２丁目１−２３,,0898-22-3307,,3.05,4,https://tabelog.com/ehime/A3802/A380201/38003723/,,,,中華そば,,,あっさり,,,34.064758,133.002655
rdb-154705,お食事処 川志,食堂・定食,あり,今治市,愛媛県今治市玉川町中村103-2,,,,3.06,10,https://tabelog.com/ehime/A3802/A380201/38009340/,,,https://ramendb.supleks.jp/s/154705.html,ラーメン,,,,,,34.020489,132.955215
osm-n8236301077,かねと食堂,食堂・定食,あり,今治市,〒794-0022 愛媛県今治市室屋町１丁目２−１６,,0898-22-1997,,3.37,80,https://tabelog.com/ehime/A3802/A380201/38000824/,83.37,2,https://ramendb.supleks.jp/s/124097.html,中華そば,カレー,,,,,34.0682208,133.0015716
osm-n8292222174,ときわ食堂,食堂・定食,あり,今治市,〒794-0015 愛媛県今治市常盤町７丁目５−８,,0898-31-2476,,3.06,9,https://tabelog.com/ehime/A3802/A380201/38003862/,,,https://ramendb.supleks.jp/s/151700.html,ラーメン,,,,,,34.0569174,132.989501
osm-n8288823645,にじいろ食堂,食堂・定食,あり,今治市,〒794-0064 愛媛県今治市小泉４丁目８−１,,090-9450-3739,rainbow_syokudo,3.19,18,https://tabelog.com/ehime/A3802/A380201/38007618/,,,,ラーメン｜冷やし,,,,,,34.046088,132.9798879
rdb-26587,マリンオアシス はかた,食堂・定食,あり,今治市,愛媛県今治市伯方町叶浦甲1668-1,,0897-72-3300,,3.42,225,https://tabelog.com/ehime/A3802/A380201/38001392/,78.14,2,https://ramendb.supleks.jp/s/26587.html,ラーメン,塩,,,,,34.208508,133.079269
osm-n8236246319,公園堂食堂,食堂・定食,あり,今治市,〒794-0034 愛媛県今治市美須賀町１丁目２−１３,,0898-22-2519,,3.3,37,https://tabelog.com/ehime/A3802/A380201/38006246/,82.85,1,https://ramendb.supleks.jp/s/96758.html,中華そば,魚介,,あっさり,,,34.0645873,133.0084414
osm-n8252656518,麺食堂 とまと,食堂・定食,あり,今治市,〒794-0033 愛媛県今治市東門町５丁目６−１７,,0898-31-8864,,3.15,38,https://tabelog.com/ehime/A3802/A380201/38004745/,85.7,4,https://ramendb.supleks.jp/s/95858.html,ラーメン,,,,,,34.0634691,133.0138456
osm-n8254952344,檜垣食堂,食堂・定食,あり,今治市,〒794-0021 愛媛県今治市米屋町３丁目２−１９,,0898-31-0498,,3.03,5,https://tabelog.com/ehime/A3802/A380201/38007845/,,,,ラーメン,,,,,,34.0702877,133.0007271
g-ChIJzwN8iUGUUTURC4CGPlMKgA4,いせき食堂,食堂・定食,あり,四国中央市,〒799-0405 愛媛県四国中央市三島中央４丁目６−１３,,0896-23-3546,,3.09,6,https://tabelog.com/ehime/A3802/A380204/38003393/,,,,中華そば,煮干し,自家製麺,,,,33.981013,133.53994
rdb-155257,いりの亭 入野パーキングエリア上り店,食堂・定食,あり,四国中央市,愛媛県四国中央市土居町入野301-6,,0896-75-6700,,3.09,25,https://tabelog.com/ehime/A3802/A380204/38013014/,,,https://ramendb.supleks.jp/s/155257.html,ラーメン,,,にんにく,,,33.950935,133.421631
g-ChIJG5n5_WmUUTURKbQdJA2oiWw,マルキン食堂,食堂・定食,あり,四国中央市,〒799-0405 愛媛県四国中央市三島中央４丁目２−２,,0896-23-3605,,3.21,27,https://tabelog.com/ehime/A3802/A380204/38003908/,,,,ラーメン,,,,,,33.9798399,133.5414982
g-ChIJa8fLaluUUTURsb2SgDrx64A,もりみ食堂,食堂・定食,あり,四国中央市,〒799-0422 愛媛県四国中央市中之庄町５５０−３,,0896-23-3018,,3.05,6,https://tabelog.com/ehime/A3802/A380204/38003929/,,,,中華そば,,,,,,33.977105,133.535471
g-ChIJVVVR7mmRUTURJpOj0YTGscQ,住吉食堂,食堂・定食,あり,四国中央市,〒799-0111 愛媛県四国中央市金生町下分１２５０,,0896-56-3221,,3.26,35,https://tabelog.com/ehime/A3802/A380204/38009643/,82.96,1,https://ramendb.supleks.jp/s/157365.html,中華そば,,,あっさり,,,33.9984067,133.5806845
g-ChIJuafPuevAUTURIG87sWjU-Mw,秦食堂,食堂・定食,あり,四国中央市,〒799-0711 愛媛県四国中央市土居町土居６４−１,,0896-74-2055,,3.18,8,https://tabelog.com/ehime/A3802/A380204/38003260/,,,,中華そば,鶏,,,,,33.958501999999996,133.428991
g-ChIJVVWQzevAUTURqkpFcun4yqo,大衆食堂しのはら,食堂・定食,あり,四国中央市,〒799-0711 愛媛県四国中央市土居町土居４９−１,,,,3.03,3,https://tabelog.com/ehime/A3802/A380204/38013596/,,,,中華そば,,,,,,33.9580001,133.4285492
rdb-156926,馬立パーキングエリア 上り,食堂・定食,あり,四国中央市,愛媛県四国中央市新宮町馬立2,,0896-72-2468,,3.19,20,https://tabelog.com/ehime/A3802/A380204/38006421/,,,https://ramendb.supleks.jp/s/156926.html,ラーメン,醤油｜豚骨,,,,,33.920841,133.621658
rdb-99417,Chef's kitchen (松山空港),食堂・定食,あり,松山市,愛媛県松山市南吉田町2731 松山空港ビル2F,,089-973-5011,,3.43,298,https://tabelog.com/ehime/A3801/A380101/38011778/,86.55,9,https://ramendb.supleks.jp/s/99417.html,ラーメン｜ちゃんぽん,塩｜鯛・鮮魚,,,,,33.827938,132.703964
g-ChIJp3LeIxLvTzURVTQ958FJJt0,JAえひめ中央 おひさま食堂,食堂・定食,あり,松山市,〒790-0012 愛媛県松山市湊町８丁目１２０−１,,089-913-7713,ja_ohisama_gram,3.33,54,https://tabelog.com/ehime/A3801/A380101/38012871/,,,,中華そば,,,辛い,,,33.836202199999995,132.7515612
rdb-150777,お食事処 瀬戸,食堂・定食,あり,松山市,愛媛県松山市中島大浦1621-3,,089-997-1145,,,,,,,https://ramendb.supleks.jp/s/150777.html,中華そば,,,,,,33.97821,132.623932
osm-n2306396513,さくら食堂,食堂・定食,あり,松山市,〒790-0807 愛媛県松山市平和通２丁目５−１０,,089-927-8787,sakurasyokudo,3.36,59,https://tabelog.com/ehime/A3801/A380101/38008041/,,0,https://ramendb.supleks.jp/s/115307.html,ラーメン,塩｜魚介,,,,,33.847976,132.769626
g-ChIJQ1tqr2bvTzURUTNmR-NcfEI,なにわや食堂,食堂・定食,あり,松山市,〒790-0036 愛媛県松山市小栗２丁目１−２２ 水元荘,,089-943-5415,naniwayashitang,3.11,15,https://tabelog.com/ehime/A3801/A380101/38004751/,,,,中華そば,鶏,,,,,33.827174899999996,132.7617373
g-ChIJEehlrULlTzURriA1qX_2Ozw,まいどおおきに食堂 ふるみつ食堂,食堂・定食,あり,松山市,〒791-8067 愛媛県松山市古三津５丁目８−２２,,089-952-9171,furumitushokudou,3.03,19,https://tabelog.com/ehime/A3801/A380101/38003517/,,,,中華そば,醤油,,,,,33.8564903,132.7265879
g-ChIJyd9xaM76TzURc8dq1ZFlgC4,みなとや食堂,食堂・定食,あり,松山市,〒791-8081 愛媛県松山市高浜町２丁目２２５５−６,,089-951-4077,,3.05,7,https://tabelog.com/ehime/A3801/A380101/38003916/,,,,中華そば,,,,,,33.8836641,132.70161
osm-w525065622,みなと食堂,食堂・定食,あり,松山市,〒799-2651 愛媛県松山市堀江町１７５９,,089-978-0101,minashoku3710,3.35,55,https://tabelog.com/ehime/A3801/A380101/38001571/,,0,https://ramendb.supleks.jp/s/120459.html,中華そば,,,,,,33.9068651,132.7497771
g-ChIJgYHoJPLlTzURqUsmzgJ5YYg,一力食堂,食堂・定食,あり,松山市,〒790-0013 愛媛県松山市河原町１０−１０,,,,3.06,9,https://tabelog.com/ehime/A3801/A380101/38008147/,,,,中華そば,鶏,,,,,33.836048,132.7705772
g-ChIJOUaa4ovlTzURlvsPBvEEyrE,紀の国屋食堂,食堂・定食,あり,松山市,〒790-0012 愛媛県松山市湊町５丁目３−５,,089-945-1309,,3.17,30,https://tabelog.com/ehime/A3801/A380101/38003985/,,,,ちゃんぽん,,,,,,33.8363187,132.76139759999998
g-ChIJtQsnt9vvTzURfwZHGTYToY8,市場食堂 ゑびす丸,食堂・定食,あり,松山市,〒791-8042 愛媛県松山市南吉田町１４５８,,089-989-6388,ebisumaru0419,3.5,318,https://tabelog.com/ehime/A3801/A380101/38010063/,,,https://ramendb.supleks.jp/s/122345.html,,,,,,,33.8277269,132.71383609999998
osm-n2385772454,食堂はなみずきごはんや,食堂・定食,あり,松山市,〒790-0942 愛媛県松山市古川北３丁目８−３６０−６,,089-958-0042,,3.02,15,https://tabelog.com/ehime/A3801/A380101/38004763/,,,,中華そば,醤油,,,,,33.8108084,132.7654091
g-ChIJ8UMeCgDnTzURxoHN-otNLCA,大衆食堂スタンドそのだ 松山たかのこ店,食堂・定食,あり,松山市,〒790-0925 愛媛県松山市鷹子町７３６−４ たかのこの湯 内,,089-907-7688,sonoda.takanoko,3.04,7,https://tabelog.com/ehime/A3801/A380101/38016913/,,0,https://ramendb.supleks.jp/s/173065.html,中華そば,醤油｜魚介,,,,,33.8141333,132.8085591
g-ChIJI7ts9lzlTzUR66LUMRNhFZs,日の出食堂,食堂・定食,あり,松山市,〒791-8067 愛媛県松山市古三津６丁目１−１２,,089-951-0544,,3.36,47,https://tabelog.com/ehime/A3801/A380101/38004963/,,,https://ramendb.supleks.jp/s/111584.html,中華そば,煮干し｜醤油,,,,,33.855351899999995,132.723964
g-ChIJ3Toeas3oTzURk3kzjVSgrfQ,平野屋食堂,食堂・定食,あり,松山市,〒791-1114 愛媛県松山市井門町４８,,089-957-0404,,3,4,https://tabelog.com/ehime/A3801/A380101/38004154/,,,,ラーメン｜ちゃんぽん,,,,,,33.7948527,132.7869925
g-ChIJPUKXWYTvTzURmKVaR2pQMOY,坊っちゃん食堂 三冠王,食堂・定食,あり,松山市,〒790-0948 愛媛県松山市市坪西町625−１,,089-965-4300,bochansyokudo_3can0,3.05,3,https://tabelog.com/ehime/A3801/A380101/38014636/,,,https://ramendb.supleks.jp/s/153716.html,中華そば,醤油,,,,,33.808776099999996,132.7415466
g-ChIJr87wYADvTzURH12wvotlTJY,村一番食堂,食堂・定食,あり,松前町,〒791-3162 愛媛県伊予郡松前町出作５５３−５,,089-908-7783,mura1banshokudo,3.02,3,https://tabelog.com/ehime/A3801/A380103/38017319/,,,,中華そば,,,,,,33.7902991,132.7511079
g-ChIJMclU5n9vTzUR_-LJM_9uzXM,食堂BAR！！濱匠,食堂・定食,あり,松野町,〒798-2102 愛媛県北宇和郡松野町延野々１４０５−３,,090-9556-3596,,,,https://tabelog.com/ehime/A3804/A380403/38012182/,,,https://ramendb.supleks.jp/s/161947.html,,,,,,,33.230460199999996,132.7085617
g-ChIJvRQ1m9nPUTURO9UlwK3BCSA,お登り食堂,食堂・定食,あり,新居浜市,〒792-0017 愛媛県新居浜市若水町１丁目９−６,,0897-32-4422,,3.05,7,https://tabelog.com/ehime/A3802/A380203/38011893/,,,,ラーメン｜ちゃんぽん,醤油｜塩,,,,,33.9651034,133.2775896
osm-n696846346,こくりょう食堂,食堂・定食,あり,新居浜市,〒792-0854 愛媛県新居浜市国領１丁目１８２３−１,,0897-40-3941,,3.03,15,https://tabelog.com/ehime/A3802/A380203/38004931/,,,,中華そば,醤油,,,,,33.938182,133.3186794
g-ChIJE1OTTc7PUTURBkZoHVNr5sg,若宮食堂,食堂・定食,あり,新居浜市,〒792-0003 愛媛県新居浜市新田町１丁目８−５６,,0897-39-6789,wakamiya_syokudou,3.19,14,https://tabelog.com/ehime/A3802/A380203/38013864/,,,,中華そば,醤油,,,,,33.957602099999995,133.2639725
g-ChIJ4ZHe-9rOUTURcuv2pYo0ct8,新居浜市役所地下食堂浜食,食堂・定食,あり,新居浜市,〒792-0025 愛媛県新居浜市一宮町１丁目５−１,,0897-47-7699,,3.22,12,https://tabelog.com/ehime/A3802/A380203/38013080/,,,,中華そば,,,,,,33.960107199999996,133.2832568
osm-w1272055841,新居浜昭和通り食堂,食堂・定食,あり,新居浜市,〒792-0802 愛媛県新居浜市新須賀町２丁目１０−７,,0897-36-0024,,3.03,13,https://tabelog.com/ehime/A3802/A380203/38004932/,,,,中華そば,醤油,,,,,33.9701096,133.2827861
g-ChIJ2SGG_6jPUTURJAgMuKDgcOg,西蓮寺食堂,食堂・定食,あり,新居浜市,〒792-0831 愛媛県新居浜市西連寺町１丁目１１−２７,,0897-41-0428,,3.05,8,https://tabelog.com/ehime/A3802/A380203/38004941/,,,,ラーメン,煮干し,,,,,33.9259224,133.2981864
osm-n5266225899,多賀屋食堂,食堂・定食,あり,新居浜市,〒792-0862 愛媛県新居浜市沢津町３丁目１−３,,0897-32-9750,,3.17,20,https://tabelog.com/ehime/A3802/A380203/38004429/,,,,中華そば,,,,,,33.9757647,133.2938513
g-ChIJcwfPKi3JUTURUeDejrGb7vQ,多賀屋食堂 菊本支店,食堂・定食,あり,新居浜市,〒792-0801 愛媛県新居浜市菊本町１丁目２−２７,,0897-32-2362,,3.33,49,https://tabelog.com/ehime/A3802/A380203/38004428/,,,,中華そば,,,,,,33.971143999999995,133.2833473
osm-n2201048594,麺や吉村 磯浦店,食堂・定食,あり,新居浜市,〒792-0002 愛媛県新居浜市磯浦町１０−８,8:30–15:00（定休日：地方祭）,090-2892-4733,mennya_yoshimura,3.2,23,https://tabelog.com/ehime/A3802/A380203/38007910/,,,,,,,,,,33.952103,133.253917
g-ChIJkYJ7MczOUTURBARA36NuIcI,麺や吉村 港町本店,食堂・定食,あり,新居浜市,〒792-0016 愛媛県新居浜市港町３−２３,8:00–15:00（定休日：日曜・祝祭日）,0897-32-3874,mennya_yoshimura,3.22,36,https://tabelog.com/ehime/A3802/A380203/38001293/,82.88,1,https://ramendb.supleks.jp/s/112796.html,,,,,,,33.9693845,133.2784203
g-ChIJia3X2ZAuUDURUAlPzoAtmUo,かどや食堂,食堂・定食,あり,西条市,〒799-1341 愛媛県西条市壬生川６６−２,,0898-64-2360,,3.27,27,https://tabelog.com/ehime/A3802/A380202/38003769/,,,https://ramendb.supleks.jp/s/24965.html,中華そば｜冷やし,豚骨｜醤油｜煮干し,,背脂,,,33.9351285,133.0852148
g-ChIJV9zUxu3SUTURCsUyFrlUGb4,まいどおおきに食堂 西条福武食堂,食堂・定食,あり,西条市,〒793-0035 愛媛県西条市福武甲４５６−２,,0897-53-1367,,3.03,18,https://tabelog.com/ehime/A3802/A380202/38004940/,,,,中華そば,醤油,,,,,33.9119702,133.2022514
g-ChIJsUw0WADTUTURiFNaiNO_C_Y,沖縄そばの店 さんぴん食堂,食堂・定食,あり,西条市,〒793-0041 愛媛県西条市神拝甲甲５１５−１５,,,sanpin_shokudo,3.21,13,https://tabelog.com/ehime/A3802/A380202/38016053/,,,https://ramendb.supleks.jp/s/161758.html,,,,,,,33.9186506,133.1824216
g-ChIJn9WJAwArUDURXtjV_HRiANw,石鎚食堂｜石鎚山SA下り,食堂・定食,あり,西条市,〒799-1101 愛媛県西条市小松町新屋敷３４−４,,,,,,,82.62,1,https://ramendb.supleks.jp/s/111888.html,ラーメン｜中華そば,味噌｜醤油,,,,,33.8863463,133.1087013
g-ChIJqUp3ks_SUTUR92LvPDILRdA,双葉食堂,食堂・定食,あり,西条市,〒793-0030 愛媛県西条市大町１６５９,,0897-56-3463,,3.05,5,https://tabelog.com/ehime/A3802/A380202/38008696/,,,,中華そば,,,,,,33.9158459,133.1838062
g-ChIJV0LqgQUpUDURorvk7UMFzHQ,福美食堂,食堂・定食,あり,西条市,〒791-0522 愛媛県西条市丹原町田野上方５１７−４,,0898-68-5086,,3.16,25,https://tabelog.com/ehime/A3802/A380202/38004152/,83.32,2,https://ramendb.supleks.jp/s/118312.html,中華そば｜ラーメン,,,,,,33.889713,133.06781600000002
g-ChIJn2AsWpCPRTURcaiuiSWYfBg,いさか食堂,食堂・定食,あり,西予市,〒796-0909 愛媛県西予市三瓶町安土３,,0894-33-1360,,,,,,,,ちゃんぽん,,,,,,33.37831,132.42163499999998
g-ChIJv8j_cyh1TzURzq4m8nwmQRE,テルメ食堂,食堂・定食,あり,西予市,〒797-1705 愛媛県西予市城川町高野子４６,,,,,,,,,,担々麺｜冷やし,,,,,,33.3647454,132.79187260000003
g-ChIJy6ENvFx5TzURSOKK7dR5l0U,ときわ食堂,食堂・定食,あり,西予市,〒797-1212 愛媛県西予市野村町野村１２−３２３,,0894-72-0310,,3.01,1,https://tabelog.com/ehime/A3804/A380402/38010079/,,,,ちゃんぽん,,,,,,33.377271,132.6448532
g-ChIJr0yDymKHRTURVKxoJf2QJiI,やすい食堂,食堂・定食,あり,西予市,〒797-0015 愛媛県西予市宇和町卯之町１丁目４１０−１,,0894-62-0367,,3.01,5,https://tabelog.com/ehime/A3804/A380402/38003932/,,,,ちゃんぽん,,,,,,33.3684729,132.5083287
g-ChIJMX2ZE3B8RTURvlmtaQKlraI,さのや食堂,食堂・定食,あり,大洲市,〒799-3401 愛媛県大洲市長浜甲２３１,,0893-52-0037,,3.07,8,https://tabelog.com/ehime/A3803/A380301/38003807/,,,,中華そば,,,,,,33.611754,132.4812623
g-ChIJ5Zfqa4GATzURY9_MdEG_HLI,わか宮食堂,食堂・定食,あり,大洲市,〒795-0064 愛媛県大洲市東大洲１９５,,0893-24-5738,,3.16,16,https://tabelog.com/ehime/A3803/A380301/38003561/,,,,中華そば,醤油｜野菜,,,,,33.5210976,132.5544048
g-ChIJwwTGhTJ5RTUROTCdQbyjYu8,山食堂,食堂・定食,あり,大洲市,〒799-3462 愛媛県大洲市豊茂乙４２２,,0893-57-0370,,,,,,,,ラーメン,,細麺,あっさり,,,33.562553699999995,132.47038
g-ChIJYY7-UcGATzURFwVGJ1lVYHg,十夜ヶ橋食堂,食堂・定食,あり,大洲市,〒795-0064 愛媛県大洲市東大洲１８１４−１,,0893-25-2527,,3.05,9,https://tabelog.com/ehime/A3803/A380301/38008149/,,,,中華そば,醤油｜野菜,太麺,,,,33.5314042,132.57483639999998
g-ChIJd1kl4OCATzUR-1X2rI7cYHU,神山食堂,食堂・定食,あり,大洲市,〒795-0061 愛媛県大洲市徳森２２１７−５９,,0893-25-1240,,3.05,9,https://tabelog.com/ehime/A3803/A380301/38008000/,,,,中華そば,,,,,,33.519918,132.586591
g-ChIJXaMLhv3rTzURqnQaBLDsxo4,ちとせ食堂,食堂・定食,あり,砥部町,〒791-2122 愛媛県伊予郡砥部町千足２１２,,089-962-2427,,3.36,54,https://tabelog.com/ehime/A3801/A380103/38007998/,,,,中華そば,鶏｜野菜,,,,,33.7456834,132.79258959999999
g-ChIJNbFy18KWTzUR2tXi_TP-CIA,小番食堂,食堂・定食,あり,内子町,〒791-3501 愛媛県喜多郡内子町小田１２８,,0892-52-2129,,3.05,8,https://tabelog.com/ehime/A3803/A380303/38007127/,,,,中華そば,,,,,,33.5681815,132.8029396
g-ChIJSczdGX2XTzURXt01_U0ALLI,日切食堂,食堂・定食,あり,内子町,〒791-3502 愛媛県喜多郡内子町寺村５９３−１１,,0892-52-3682,higiri_3682,3.04,3,https://tabelog.com/ehime/A3803/A380303/38007234/,,,,中華そば,,,,,,33.5673665,132.79246329999998
osm-n7023076989,どーや食堂,食堂・定食,あり,八幡浜市,〒796-0087 愛媛県八幡浜市沖新田１５８１−２３,,0894-21-1537,,3.42,173,https://tabelog.com/ehime/A3803/A380302/38010080/,80.81,1,https://ramendb.supleks.jp/s/86899.html,ちゃんぽん｜ラーメン,,,,,,33.4590507,132.4186359
rdb-63916,フジ観光,食堂・定食,あり,八幡浜市,愛媛県八幡浜市沖新田1583-15,,,,3.29,42,https://tabelog.com/ehime/A3803/A380302/38001171/,83.55,2,https://ramendb.supleks.jp/s/63916.html,ちゃんぽん,鶏｜魚介,,,,,33.459232,132.418716
g-ChIJk_JcmpyERTUR3SBjX2T5tho,メリー食堂,食堂・定食,あり,八幡浜市,〒796-0085 愛媛県八幡浜市天神通り２丁目１５２６−２０６,,0894-22-0896,,3.03,3,https://tabelog.com/ehime/A3803/A380302/38003924/,,,,ちゃんぽん,,,,,,33.458995,132.421675
g-ChIJ4729HtuDRTURIs-lmiiQb-8,わくわく食堂,食堂・定食,あり,八幡浜市,〒796-0048 愛媛県八幡浜市北浜１丁目１−１,,0894-21-4444,,,,,,,,ちゃんぽん,,,,,,33.4631778,132.423303
rdb-22192,丸山ちゃんぽん,食堂・定食,あり,八幡浜市,愛媛県八幡浜市下道371-9,,0894-22-0984,,3.41,145,https://tabelog.com/ehime/A3803/A380302/38001149/,83.98,5,https://ramendb.supleks.jp/s/22192.html,ちゃんぽん,醤油｜魚介,,,,,33.462883,132.42337
osm-n7023064536,三和食堂,食堂・定食,あり,八幡浜市,〒796-0036 愛媛県八幡浜市沖新田１５８３−１４ 三和ビジネスホテル 1F,,0894-24-3838,,3.08,26,https://tabelog.com/ehime/A3803/A380302/38008286/,82.98,1,https://ramendb.supleks.jp/s/113001.html,,,,,,,33.4578812,132.4188647
g-ChIJZWja2EWDRTURALRu--eaB7I,食堂ごりらくん,食堂・定食,あり,八幡浜市,〒796-0111 愛媛県八幡浜市保内町喜木１−６８−５,,0894-36-3154,,3.22,26,https://tabelog.com/ehime/A3803/A380302/38005840/,,,https://ramendb.supleks.jp/s/146063.html,ちゃんぽん,,,,,,33.4836897,132.4052367
osm-n7023308270,清家食堂,食堂・定食,あり,八幡浜市,〒796-0079 愛媛県八幡浜市新港戎町４３５,,0894-24-0604,,3.29,56,https://tabelog.com/ehime/A3803/A380302/38005148/,82.79,1,https://ramendb.supleks.jp/s/63918.html,ちゃんぽん,,,,,,33.4613383,132.4230605
g-ChIJK1wIgkCDRTURUbTkhr4YvIk,白石食堂,食堂・定食,あり,八幡浜市,〒796-0111 愛媛県八幡浜市保内町喜木２−１０３−３,,0894-36-0664,,3.17,18,https://tabelog.com/ehime/A3803/A380302/38003284/,,,,ちゃんぽん,鶏,,,,,33.4861477,132.4107001
osm-w612765302,ラーメンショップKANTO 双海店,チェーン,専門,伊予市,〒799-3312 愛媛県伊予市双海町串２８１１−３,,,,3.08,22,https://tabelog.com/ehime/A3801/A380103/38010984/,80.65,2,https://ramendb.supleks.jp/s/77126.html,ラーメン,醤油｜豚骨,,背脂,,,33.6445025,132.5540623
g-ChIJPQ2rRr3yTzURscufie5jp14,豚太郎 伊予店,チェーン,専門,伊予市,〒799-3131 愛媛県伊予市大平２−２,,089-982-0141,,3.09,37,https://tabelog.com/ehime/A3801/A380103/38006100/,82.45,1,https://ramendb.supleks.jp/s/84372.html,,豚骨,,,,,33.731274899999995,132.696846
g-ChIJC0TUAq3BTzUR2XDPdknKJEw,豚太郎 久万店,チェーン,専門,久万高原町,〒791-1202 愛媛県上浮穴郡久万高原町入野１１７８−２,,0892-21-2264,,3.15,29,https://tabelog.com/ehime/A3803/A380304/38011476/,83.49,2,https://ramendb.supleks.jp/s/94876.html,,豚骨,,,,,33.6671432,132.89531979999998
osm-n13189759750,ラーメンショップ KANTOチェーン西四国本部,チェーン,専門,今治市,〒794-0812 愛媛県今治市北高下町１丁目１−１７,,0898-32-8301,,3.05,15,https://tabelog.com/ehime/A3802/A380201/38007409/,82.37,4,https://ramendb.supleks.jp/s/52868.html,ラーメン,醤油｜豚骨,,背脂,,,34.0536292,133.0133043
osm-n11527404085,ラーメンショップ KANTOチェーン野間店,チェーン,専門,今治市,〒794-0082 愛媛県今治市野間１２０８−７,,0898-32-6511,,3.04,9,https://tabelog.com/ehime/A3802/A380201/38008690/,82.36,4,https://ramendb.supleks.jp/s/63412.html,ラーメン,醤油｜豚骨,,背脂,,,34.0670015,132.9509081
osm-n8252622178,ラーメンショップ 市場店,チェーン,専門,今治市,〒794-0032 愛媛県今治市天保山町４丁目４,,0898-25-2775,,3.05,10,https://tabelog.com/ehime/A3802/A380201/38007612/,83.29,5,https://ramendb.supleks.jp/s/73672.html,ラーメン,醤油｜豚骨,,背脂,,,34.0651401,133.0136163
osm-w806362857,りょう花 今治店,チェーン,専門,今治市,〒794-0062 愛媛県今治市馬越町３丁目３−２６１−１,,0898-25-6088,,3.04,46,https://tabelog.com/ehime/A3802/A380201/38000128/,82.98,3,https://ramendb.supleks.jp/s/57278.html,ラーメン,塩｜節,,,,,34.0585452,132.9812301
osm-n11422947210,丸源ラーメン今治店,チェーン,専門,今治市,〒794-0840 愛媛県今治市中寺５８５−１,,0898-52-7905,marugen_official,3.02,23,https://tabelog.com/ehime/A3802/A380201/38014264/,,,https://ramendb.supleks.jp/s/139037.html,ラーメン,醤油,,,,,34.0398901,132.9930401
osm-w806293311,豚太郎 今治東店,チェーン,専門,今治市,〒794-0811 愛媛県今治市南高下町３丁目,,0898-48-7947,,,,,,,,,豚骨,,,,,34.0297152,133.0052528
osm-w1434979129,ラーメンショップ 三島店,チェーン,専門,四国中央市,〒799-0422 愛媛県四国中央市中之庄町４８０−１,,0896-23-4000,,3.06,14,https://tabelog.com/ehime/A3802/A380204/38010360/,86.22,8,https://ramendb.supleks.jp/s/73475.html,ラーメン,醤油｜豚骨,,背脂,,,33.9780869,133.5336509
g-ChIJ12E-dmiUUTURjh_zpTPd6wQ,りょう花 伊予三島店,チェーン,専門,四国中央市,〒799-0413 愛媛県四国中央市中曽根町 生吉1712−1,,0896-23-1356,,3.04,45,https://tabelog.com/ehime/A3802/A380204/38001117/,79.75,4,https://ramendb.supleks.jp/s/8972.html,ラーメン,塩｜節,,,,,33.974790299999995,133.5422664
osm-n13189759734,ラーメンショップ フライブルク店,チェーン,専門,松山市,〒790-0051 愛媛県松山市生石町６４９−１１ 栄光ビル,,089-932-2628,,3.18,41,https://tabelog.com/ehime/A3801/A380101/38000132/,81.692,3,https://ramendb.supleks.jp/s/79794.html,ラーメン,醤油｜豚骨,,背脂,,,33.8331659,132.7445189
osm-w305044128,ラーメンショップ 銀天街店,チェーン,専門,松山市,〒790-0012 愛媛県松山市湊町４丁目４−１６,,,,3.47,171,https://tabelog.com/ehime/A3801/A380101/38000131/,84.844,10,https://ramendb.supleks.jp/s/64698.html,ラーメン,醤油｜豚骨,,背脂,,,33.8357962,132.7645005
osm-w625669744,ラーメンショップ北条店,チェーン,専門,松山市,〒799-2407 愛媛県松山市下難波４６２−１,,090-6326-8456,,,,,,,,ラーメン,醤油｜豚骨,,背脂,,,33.9806911,132.783508
g-ChIJ8bgwlQnmTzURcOuwb8DKgOI,らーめん工房 りょう花 束本店,チェーン,専門,松山市,〒790-0916 愛媛県松山市束本１丁目７−７,,089-933-2343,ryokatukamoto,3.07,74,https://tabelog.com/ehime/A3801/A380101/38005032/,83.913,10,https://ramendb.supleks.jp/s/57258.html,ラーメン,塩｜節,,,,,33.8339911,132.7869955
osm-n2308403680,りょう花 フライブルク店,チェーン,専門,松山市,〒790-0062 愛媛県松山市南江戸３丁目１０−３０,,089-994-8835,vusido.ryoka,3.06,60,https://tabelog.com/ehime/A3801/A380101/38007009/,83.932,2,https://ramendb.supleks.jp/s/54549.html,ラーメン,塩｜節,,,,,33.8400169,132.744824
g-ChIJz5F-eFfvTzURHNfPjHNmPBQ,リンガーハット イオン松山店,チェーン,あり,松山市,〒790-0951 愛媛県松山市天山１丁目１３−５ イオン松山 1F フードコート,,089-987-6558,ringerhut_jp,3.01,7,https://tabelog.com/ehime/A3801/A380101/38011375/,82.776,2,https://ramendb.supleks.jp/s/98832.html,,,,,,,33.823517599999995,132.776454
g-ChIJ51whzYTlTzURI83Q3QvjuWQ,リンガーハット フジグラン松山店,チェーン,あり,松山市,〒790-8567 愛媛県松山市宮西１丁目２−１ フジグラン松山 1F,,089-911-2167,ringerhut_jp,3.04,32,https://tabelog.com/ehime/A3801/A380101/38009685/,,0,https://ramendb.supleks.jp/s/98831.html,,,,,,,33.8449421,132.7531457
rdb-26036,丸源ラーメン 松山中央通り店,チェーン,専門,松山市,愛媛県松山市中央1-17-52,,089-911-1556,,3.05,81,https://tabelog.com/ehime/A3801/A380101/38006546/,81.15,3,https://ramendb.supleks.jp/s/26036.html,ラーメン,醤油,,,,,33.854465,132.750687
osm-w464219416,丸源ラーメン松山インター店,チェーン,専門,松山市,〒790-0933 愛媛県松山市越智３丁目１０−１８,,089-948-8686,marugen_official,3.03,45,https://tabelog.com/ehime/A3801/A380101/38009594/,83.332,2,https://ramendb.supleks.jp/s/70387.html,ラーメン,醤油,,,,,33.8105009,132.7798101
osm-n6363720469,豚太郎 11号店,チェーン,専門,松山市,〒791-1101 愛媛県松山市久米窪田町１１７０−３,,089-976-6955,,3.24,58,https://tabelog.com/ehime/A3801/A380101/38006618/,83.56,2,https://ramendb.supleks.jp/s/101843.html,,豚骨,,,,,33.8084191,132.8064722
rdb-99854,豚太郎 松山駅前通り店,チェーン,専門,松山市,愛媛県松山市宮西2-5-19,,089-995-8481,,3.33,68,https://tabelog.com/ehime/A3801/A380101/38011925/,82.56,1,https://ramendb.supleks.jp/s/99854.html,ラーメン,豚骨,,,,,33.848793,132.752563
osm-n5907316483,豚太郎北条店,チェーン,専門,松山市,〒799-2430 愛媛県松山市北条辻１０５１−３,,089-993-3201,,3.26,53,https://tabelog.com/ehime/A3801/A380101/38009011/,82.85,1,https://ramendb.supleks.jp/s/65500.html,,豚骨,,,,,33.9619134,132.7774648
osm-w1434978177,ラーメンショップ R56店,チェーン,専門,松前町,〒791-3133 愛媛県伊予郡松前町昌農内２４−１,,089-985-0605,,3.07,20,https://tabelog.com/ehime/A3801/A380103/38000316/,82.83,4,https://ramendb.supleks.jp/s/79041.html,ラーメン,醤油｜豚骨,,背脂,,,33.7974283,132.7248243
osm-n2386739845,らーめん工房りょう花松前店,チェーン,専門,松前町,〒791-3110 愛媛県伊予郡松前町浜１０９４−１,,089-984-0255,ryoka_masaki,3.03,37,https://tabelog.com/ehime/A3801/A380103/38005398/,84.22,7,https://ramendb.supleks.jp/s/34570.html,ラーメン,塩｜節,,,,,33.7831802,132.7133896
osm-n12848296788,リンガーハット,チェーン,あり,松前町,〒791-3102 愛媛県伊予郡松前町北黒田３４７−１,,089-961-6167,ringerhut_jp,3.05,35,https://tabelog.com/ehime/A3801/A380103/38006314/,,,,,,,,,,33.7778247,132.7103535
g-ChIJmUDi9BruTzURcBPzUOVaFeo,リンガーハット エミフルMASAKI店,チェーン,あり,松前町,〒791-3120 愛媛県伊予郡松前町筒井８５０ エミフルMASAKI2Fフードコート,,089-961-6267,ringerhut_jp,3.02,18,https://tabelog.com/ehime/A3801/A380103/38012239/,82.85,2,https://ramendb.supleks.jp/s/164513.html,,,,,,,33.7895556,132.71597599999998
osm-n2386756946,豚太郎松前店,チェーン,専門,松前町,〒791-3133 愛媛県伊予郡松前町上高柳６０４−２,,089-984-9001,,3.28,99,https://tabelog.com/ehime/A3801/A380103/38000195/,,,,,豚骨,,,,,33.8012536,132.7260604
osm-w1442586905,りょう花 新居浜店,チェーン,専門,新居浜市,〒792-0864 愛媛県新居浜市東雲町２丁目６−１２,,0897-34-6309,,3.02,22,https://tabelog.com/ehime/A3802/A380203/38008718/,,,https://ramendb.supleks.jp/s/57294.html,ラーメン,塩｜節,,,,,33.9656157,133.3020388
osm-w1272396756,丸源ラーメン,チェーン,専門,新居浜市,〒792-0023 愛媛県新居浜市繁本町２−７,,0897-47-5700,marugen_official,3.03,26,https://tabelog.com/ehime/A3802/A380203/38013710/,,,,ラーメン,醤油,,,,,33.9609466,133.2828371
osm-n2182962658,豚太郎 新居浜店,チェーン,専門,新居浜市,〒792-0031 愛媛県新居浜市高木町１−８,,0897-47-6735,,3.26,74,https://tabelog.com/ehime/A3802/A380203/38008075/,82.82,1,https://ramendb.supleks.jp/s/144893.html,,豚骨,,,,,33.9537864,133.2870978
rdb-63851,ラーメンショップ 小松店,チェーン,専門,西条市,愛媛県西条市小松町新屋敷447-1,,0898-72-3991,,3.07,14,https://tabelog.com/ehime/A3802/A380202/38008904/,80.41,3,https://ramendb.supleks.jp/s/63851.html,ラーメン,豚骨｜醤油,,背脂,,,33.897343,133.114777
osm-w1434979128,ラーメンショップ 西条東店,チェーン,専門,西条市,〒793-0010 愛媛県西条市飯岡１３２３−１,,0897-53-6284,,3.18,36,https://tabelog.com/ehime/A3802/A380202/38010783/,80.54,2,https://ramendb.supleks.jp/s/73477.html,ラーメン,醤油｜豚骨,,背脂,,,33.9196801,133.2365595
osm-w1434979127,ラーメンショップ 東予店,チェーン,専門,西条市,〒799-1301 愛媛県西条市三芳６４５−２,,,,3.1,26,https://tabelog.com/ehime/A3802/A380202/38001282/,83.23,4,https://ramendb.supleks.jp/s/77128.html,ラーメン,醤油｜豚骨,,背脂,,,33.9580935,133.0742584
g-ChIJ07HvhCQoUDURTMSCipOEioM,豚太郎 丹原店,チェーン,専門,西条市,〒791-0534 愛媛県西条市丹原町寺尾甲４８−１,,0898-75-3001,,3.09,30,https://tabelog.com/ehime/A3802/A380202/38006088/,,,,,豚骨,,,,,33.864042999999995,133.044183
g-ChIJY8eLGCgvUDUR03Q0tdmv9TU,豚太郎 東予店,チェーン,専門,西条市,〒799-1336 愛媛県西条市上市６−２,,0898-66-1919,,3.07,22,https://tabelog.com/ehime/A3802/A380202/38006261/,82.8,1,https://ramendb.supleks.jp/s/120619.html,,豚骨,,,,,33.9316473,133.0579007
osm-w607355673,ラーメンショップKANTO大洲店,チェーン,専門,大洲市,〒795-0064 愛媛県大洲市東大洲９０８−５,,0893-25-4222,,3.04,11,https://tabelog.com/ehime/A3803/A380301/38009610/,,,,ラーメン,醤油｜豚骨,,背脂,,,33.5263412,132.5655646
g-ChIJJaPOapWATzURhYZxKWtjPJ8,りょう花 大洲店,チェーン,専門,大洲市,〒795-0064 愛媛県大洲市東大洲１２４０−２,,0893-25-6969,,3.03,32,https://tabelog.com/ehime/A3803/A380301/38005837/,83.59,3,https://ramendb.supleks.jp/s/57330.html,ラーメン,塩｜節,,,,,33.5284168,132.56923849999998
g-ChIJYz49njKARTURWyjDNyEz_SY,豚太郎 平野店,チェーン,専門,大洲市,〒795-0021 愛媛県大洲市平野町野田６２４−１,,0893-24-6960,,3.07,36,https://tabelog.com/ehime/A3803/A380301/38003618/,,,https://ramendb.supleks.jp/s/127894.html,,豚骨,,,,,33.4888836,132.51316459999998
osm-n4593625390,豚太郎砥部店,チェーン,専門,砥部町,〒791-2115 愛媛県伊予郡砥部町三角２０９−１,,089-962-5656,,3.18,56,https://tabelog.com/ehime/A3801/A380103/38005434/,81.27,6,https://ramendb.supleks.jp/s/31089.html,,豚骨,,,,,33.7707747,132.7882609
osm-w1434979125,ラーメンショップ 11号バイパス店,チェーン,専門,東温市,〒791-0216 愛媛県東温市野田２丁目１９,,089-955-1201,,3.14,38,https://tabelog.com/ehime/A3801/A380102/38007814/,82.83,5,https://ramendb.supleks.jp/s/73674.html,ラーメン,醤油｜豚骨,,背脂,,,33.7926347,132.8388834
osm-w1434979126,ラーメンショップ 川内店,チェーン,専門,東温市,〒791-0200 愛媛県東温市則之内９０５−２,,089-966-2237,,3.1,21,https://tabelog.com/ehime/A3801/A380102/38010368/,82.01,4,https://ramendb.supleks.jp/s/73673.html,ラーメン,醤油｜豚骨,,背脂,,,33.7940423,132.9569128
g-ChIJ46MnjPnnTzURSAzwOBZPk6o,りょう花重信店,チェーン,専門,東温市,〒791-0212 愛媛県東温市田窪１９０１,,089-955-1288,,3.1,42,https://tabelog.com/ehime/A3801/A380102/38006206/,83.87,2,https://ramendb.supleks.jp/s/57259.html,ラーメン,塩｜節,,,,,33.7981177,132.8592962
g-ChIJp8SRbHroTzURRUEMntgTn1w,リンガーハット フジグラン重信店,チェーン,あり,東温市,〒791-0216 愛媛県東温市野田３丁目1−１３ フジグラン重信 1F フードコート,,089-961-1570,ringerhut_jp,3.03,16,https://tabelog.com/ehime/A3801/A380102/38011387/,,,,,,,,,,33.795641499999995,132.8330863
g-ChIJLwXTz4KERTUR9EUKA1Nye1E,ちゃんぽん亭 イーグル,チェーン,あり,八幡浜市,〒796-0075 愛媛県八幡浜市仲之町３５８−２,,0894-22-2492,chanpon_1196,3.44,160,https://tabelog.com/ehime/A3803/A380302/38001292/,88.92,10,https://ramendb.supleks.jp/s/53788.html,,,,,,,33.4605075,132.4237869
g-ChIJFZK6QJf5RTURgYxur-9QLZ8,【公式】ゆらり内海,その他の飲食店,あり,愛南町,〒798-3703 愛媛県南宇和郡愛南町須ノ川２８６,,0895-85-1155,yurariuchiumi,3.29,50,https://tabelog.com/ehime/A3804/A380404/38007190/,82.57,1,https://ramendb.supleks.jp/s/116332.html,,塩｜魚介,,あっさり,,,33.040158999999996,132.488162
g-ChIJkXAZBA_5RTURP4re9G6SO4c,亀きち,その他の飲食店,あり,愛南町,〒798-3701 愛媛県南宇和郡愛南町柏１９７２,,090-5146-5165,,,,,,,,ラーメン,,,,,,33.018361299999995,132.49988059999998
g-ChIJh9F0qvtVTzUR5xmzModCvgQ,水門,その他の飲食店,あり,愛南町,〒798-4110 愛媛県南宇和郡愛南町御荘平城５３２５,,0895-73-2702,,3.01,2,https://tabelog.com/ehime/A3804/A380404/38010467/,,,,ラーメン,,,,,,32.9568248,132.55830229999998
g-ChIJz4ICeQdWTzURfHjejFl8wG8,大樹,その他の飲食店,あり,愛南町,〒798-4110 愛媛県南宇和郡愛南町御荘平城１２８６,,0895-73-0717,,3.04,15,https://tabelog.com/ehime/A3804/A380404/38008632/,,,,ラーメン,,,,,,32.9639781,132.5581628
g-ChIJbeaj0-FVTzURcZ6brdfWacY,遊厨,その他の飲食店,あり,愛南町,〒798-4110 愛媛県南宇和郡愛南町御荘平城３６３７−１,,080-6380-6267,syusaiya_yuzu,3.17,2,https://tabelog.com/ehime/A3804/A380404/38011648/,,,,,,,,,,32.959117,132.56794299999999
g-ChIJETUL2wtWTzURkyHqKNcgCcQ,遊遊,その他の飲食店,あり,愛南町,〒798-4110 愛媛県南宇和郡愛南町御荘平城２１８１−２,,090-2787-8860,,,,,,,,ラーメン,,,,,,32.9633067,132.565729
g-ChIJ7U9nr3BWTzURLK5RQl62A1I,爛漫亭,その他の飲食店,あり,愛南町,〒798-4131 愛媛県南宇和郡愛南町城辺甲１８９０,,0895-72-3600,,3.03,5,https://tabelog.com/ehime/A3804/A380404/38006831/,,,,ラーメン,,,,,,32.9594654,132.5799432
g-ChIJ61_fs3tWTzURQYbodWryhTA,萬翠,その他の飲食店,あり,愛南町,〒798-4131 愛媛県南宇和郡愛南町城辺甲２７１０,,0895-72-0304,,3,1,https://tabelog.com/ehime/A3804/A380404/38015063/,,,,ラーメン,,,,,,32.9592424,132.58323479999999
g-ChIJtbf3PB2bRTURPKGN0c78WwM,Ikata Dining 炭火焼 鶏勇,その他の飲食店,あり,伊方町,〒796-0301 愛媛県西宇和郡伊方町湊浦１００２−１８,,0894-38-2900,minato010603,,,,,,,ラーメン,,,,,,33.4890271,132.3556638
g-ChIJW973u4OXRTURBIAkKRKJP8Q,いりふね,その他の飲食店,あり,伊方町,〒796-0502 愛媛県西宇和郡伊方町三机乙４３６４−１１,,090-7899-5439,,,,,,,,ラーメン,,,,,,33.4564009,132.2455694
g-ChIJ0VbTJWebRTURrPyEAJAEIYM,ひろせ,その他の飲食店,あり,伊方町,〒796-0301 愛媛県西宇和郡伊方町湊浦１９８５−２,,0894-38-0202,oryourihirose,3.04,3,https://tabelog.com/ehime/A3803/A380302/38015351/,,,,ラーメン,,,,,,33.4892464,132.3535078
g-ChIJuR3Sd_O4RTURxQpmh23uRYI,まりーな亭,その他の飲食店,あり,伊方町,〒796-0801 愛媛県西宇和郡伊方町三崎５８９,,0894-54-0527,,3.3,66,https://tabelog.com/ehime/A3803/A380302/38000829/,,,,ラーメン,,,,,,33.3872891,132.1235599
g-ChIJYXJ87pKXRTURa9zQRZ_67Ic,れすとらん風車,その他の飲食店,あり,伊方町,〒796-0506 愛媛県西宇和郡伊方町塩成乙２９３,,0894-57-2222,resutoranfengche5,3.08,22,https://tabelog.com/ehime/A3803/A380302/38005248/,,,,ラーメン,,,,,,33.4476681,132.2574899
g-ChIJt34g1nDyTzURGpEVv7Zhl-4,ＨＩＫＡＲＩ,その他の飲食店,あり,伊予市,〒799-3114 愛媛県伊予市灘町１５−４,,089-982-2679,,3.08,14,https://tabelog.com/ehime/A3801/A380103/38003687/,,,,ラーメン,,,,,,33.759326,132.702429
g-ChIJF_s3PgDzTzURqkzV87VYh2A,Jふらんく 伊予店,その他の飲食店,あり,伊予市,〒799-3113 愛媛県伊予市米湊安広７２８−３,,089-994-5150,,3.05,3,https://tabelog.com/ehime/A3801/A380103/38016122/,,,,ラーメン,,,,,,33.756098699999995,132.70421869999998
g-ChIJVSNyTH_zTzURDwHbtPl_D_w,いづし,その他の飲食店,あり,伊予市,〒799-3122 愛媛県伊予市市場１２,,,,3.21,19,https://tabelog.com/ehime/A3801/A380103/38014293/,,,,ラーメン,,,,,,33.7442621,132.7039711
g-ChIJj3GCjvbtTzURA6BtaGK7DuU,おが多,その他の飲食店,あり,伊予市,〒799-3111 愛媛県伊予市下吾川４０２−１,,089-982-6612,,3.09,10,https://tabelog.com/ehime/A3801/A380103/38001766/,,,,ラーメン,,,,,,33.7681703,132.71050019999998
g-ChIJqzenOZfyTzUR_KGZ0KaUoIc,キッチンイチニチ,その他の飲食店,あり,伊予市,〒799-3122 愛媛県伊予市市場７２５−１,,089-983-2193,,3.46,68,https://tabelog.com/ehime/A3801/A380103/38005530/,,,,ラーメン,,,,,,33.7360328,132.6964045
g-ChIJVVVlwo_uTzURdGE2LE94OsY,フードコート｜伊予灘SA下り,その他の飲食店,あり,伊予市,〒799-3102 愛媛県伊予市宮下２５１７−１,,089-946-7775,nexco_west_sapa,3.07,24,https://tabelog.com/ehime/A3801/A380103/38007870/,,,,中華そば,醤油｜魚介,,あっさり,,,33.772070600000006,132.7556693
g-ChIJ0c56loXuTzURTTBkFc2vqFI,フードコート｜伊予灘SA上り,その他の飲食店,あり,伊予市,〒799-3102 愛媛県伊予市宮下２８０４−１,,089-946-7755,nexco_west_sapa,3.1,52,https://tabelog.com/ehime/A3801/A380103/38007193/,82.51,1,https://ramendb.supleks.jp/s/103768.html,中華そば,醤油｜魚介,,あっさり,,,33.7709538,132.7531299
g-ChIJ17WCdQCNTzURjtptL28Y6DI,ユンゲ モルゲン,その他の飲食店,あり,伊予市,〒799-3207 愛媛県伊予市双海町高岸甲２３２６,,,jungmorgen202,3.02,2,https://tabelog.com/ehime/A3801/A380103/38016985/,,,,ラーメン,,,,,,33.6852704,132.63435900000002
g-ChIJA_fd03byTzURrOw7i_dDRUA,四季,その他の飲食店,あり,伊予市,〒799-3114 愛媛県伊予市灘町１０−１,,089-982-6373,,,,,,,,ラーメン,,,,,,33.7594036,132.70299509999998
g-ChIJBSok_obyTzURI9SvHgPs0mU,味芳,その他の飲食店,あり,伊予市,〒799-3122 愛媛県伊予市市場１３２−３,,089-983-5653,,3.34,55,https://tabelog.com/ehime/A3801/A380103/38000744/,,,,ラーメン,,,,,,33.7463896,132.7004885
g-ChIJhXdsS3HyTzURaEHeDWqWO6c,濱田屋,その他の飲食店,あり,伊予市,〒799-3115 愛媛県伊予市湊町２１,,089-982-0145,hamadaya_,3.34,55,https://tabelog.com/ehime/A3801/A380103/38001501/,,0,https://ramendb.supleks.jp/s/41335.html,,,,,,,33.7606219,132.7024855
g-ChIJLSU3D1eNTzURw3ZVcGdboi0,珈食亭,その他の飲食店,あり,伊予市,〒799-3131 愛媛県伊予市大平２０２６−３,,089-983-6758,,3.09,25,https://tabelog.com/ehime/A3801/A380103/38004195/,,,,,,,,,,33.702838899999996,132.7049916
g-ChIJbUC0tcthTzURDtPHmCx7J1A,Ji-Ba,その他の飲食店,あり,宇和島市,〒798-0040 愛媛県宇和島市中央町１丁目４−１５,,0895-24-3033,,,0,https://tabelog.com/ehime/A3804/A380401/38004569/,,,,ラーメン,,,,,,33.2208766,132.5679118
g-ChIJW2Y4mwRjTzUR5mUkr06Fpf0,いろり茶屋,その他の飲食店,あり,宇和島市,〒798-1114 愛媛県宇和島市三間町務田１８８,,0895-58-1175,,3.04,5,https://tabelog.com/ehime/A3804/A380401/38012524/,,,,ラーメン,,,,,,33.2871814,132.59555699999999
g-ChIJP4zHoDJgTzURzE-obSXri7I,エポカ,その他の飲食店,あり,宇和島市,〒798-0067 愛媛県宇和島市桝形町１丁目４−１７,,0895-25-0800,,,1,https://tabelog.com/ehime/A3804/A380401/38004537/,,,,ラーメン,,,,,,33.2196324,132.5608561
g-ChIJoV87wc1jTzURGef4YQq8N70,おだいし庵 (道の駅 みま),その他の飲食店,あり,宇和島市,〒798-1114 愛媛県宇和島市三間町務田１８１−１ 道の駅みま 内,,0895-58-1122,michinoekimima,3.25,23,https://tabelog.com/ehime/A3804/A380401/38013501/,,,,ラーメン,,,,,,33.2858624,132.596093
g-ChIJByPlEcRhTzURGasu_tscb7M,かどや,その他の飲食店,あり,宇和島市,〒798-0006 愛媛県宇和島市弁天町１丁目１−３１８−１６,,080-2990-7890,kisaiyahiroba,,,,82.38,1,https://ramendb.supleks.jp/s/152130.html,ラーメン,,,,,,33.2225573,132.5582212
g-ChIJ54tWILP1RTUR-nmL42h-htU,ぐっさん家,その他の飲食店,あり,宇和島市,〒798-3302 愛媛県宇和島市津島町高田２７４３−１,,0895-32-1038,gussanchi_,3.01,4,https://tabelog.com/ehime/A3804/A380401/38012124/,,,,ラーメン,,,,,,33.1321553,132.5244086
g-ChIJqVsIs8dhTzURk8uxqqqaPmg,こたん,その他の飲食店,あり,宇和島市,〒798-0015 愛媛県宇和島市和霊元町２丁目２−２５,,0895-24-2854,,3.11,39,https://tabelog.com/ehime/A3804/A380401/38003788/,,,https://ramendb.supleks.jp/s/127553.html,,,,,,,33.228158199999996,132.56828919999998
g-ChIJ51_vUSFgTzURYO3TYzZXJBg,ごはん茶屋 仁,その他の飲食店,あり,宇和島市,〒798-0082 愛媛県宇和島市長堀１丁目２−２３,,0895-22-1805,gohanchaya_jin,3.04,7,https://tabelog.com/ehime/A3804/A380401/38010442/,,,,ラーメン,,,,,,33.208648,132.55524699999998
g-ChIJbZV2h8lhTzUR_FXhtrNCEY4,セルフめん処 どがいぞう,その他の飲食店,あり,宇和島市,〒798-0040 愛媛県宇和島市中央町２丁目２−２７,,0895-25-5070,,3.17,30,https://tabelog.com/ehime/A3804/A380401/38011673/,,,,ラーメン,,,,,,33.2221628,132.5680994
g-ChIJdyrGwzJgTzUR7N6u8Vb0AmE,どっこいしょ,その他の飲食店,あり,宇和島市,〒798-0060 愛媛県宇和島市丸之内１丁目６−７,,090-7785-1626,,3.03,2,https://tabelog.com/ehime/A3804/A380401/38014650/,,,,ラーメン,,,,,,33.2170723,132.5662113
g-ChIJ52mUpephTzURVxhGcdVKcSw,どんと 北宇和島店,その他の飲食店,あり,宇和島市,〒798-0022 愛媛県宇和島市伊吹町甲９１２−２,,0895-23-2963,,3.01,10,https://tabelog.com/ehime/A3804/A380401/38001105/,,,,ラーメン,,,,,,33.2345818,132.5691234
g-ChIJyz0RGRVhTzURG9lHN_NO-Ko,パンダのお店,その他の飲食店,あり,宇和島市,〒798-0040 愛媛県宇和島市中央町２丁目２−４−８ 袋町商店街 AKAMATSUビル202号,,0895-65-9880,monoqlo.cyalume,,0,https://tabelog.com/ehime/A3804/A380401/38011589/,,,,ラーメン,,,,,,33.221308199999996,132.5669874
g-ChIJVQyyD81hTzURVNkYBHCDF3w,ぼん平,その他の飲食店,あり,宇和島市,〒798-0060 愛媛県宇和島市丸之内４丁目１−２２,,0895-22-3618,bon.pei,3.17,14,https://tabelog.com/ehime/A3804/A380401/38003902/,,,,ラーメン,,,,,,33.221680299999996,132.5624544
g-ChIJOVoeLM9hTzURyGjSnkU7W2s,まえの,その他の飲食店,あり,宇和島市,〒798-0033 愛媛県宇和島市鶴島町９−５,,0895-22-8288,,3.64,65,https://tabelog.com/ehime/A3804/A380401/38008658/,,,,ラーメン,,,,,,33.2258657,132.56543109999998
g-ChIJpSMrezNgTzUREgF-6IXmxKo,ようき家,その他の飲食店,あり,宇和島市,〒798-0060 愛媛県宇和島市丸之内２丁目１−６,,0895-22-6369,,3.05,5,https://tabelog.com/ehime/A3804/A380401/38003551/,,,,ラーメン,,,,,,33.2169868,132.56518770000002
g-ChIJmWiu5dr1RTURdpEw4x26VCw,下北プリン,その他の飲食店,あり,宇和島市,〒798-3302 愛媛県宇和島市津島町高田甲５８７,,0895-32-4119,,3.02,1,https://tabelog.com/ehime/A3804/A380401/38013097/,,,,ラーメン,,,,,,33.133355,132.523516
g-ChIJ0fueJdNhTzURu6yU_xuMgLA,郷土料理 食のひろば,その他の飲食店,あり,宇和島市,〒798-0006 愛媛県宇和島市弁天町１丁目１−３１８−１６,,080-2990-7890,kisaiyahiroba,3.44,187,https://tabelog.com/ehime/A3804/A380401/38005039/,,,,ちゃんぽん｜ラーメン,鯛・鮮魚｜塩｜醤油,,あっさり,,,33.2223606,132.557908
g-ChIJwz0esuiJRTURjCNS3efMi1U,国安,その他の飲食店,あり,宇和島市,〒799-3703 愛媛県宇和島市吉田町東小路甲７１−１,,0895-52-0533,,3.03,5,https://tabelog.com/ehime/A3804/A380401/38002319/,,,,ラーメン,,,,,,33.2798809,132.5406021
g-ChIJy3NjUslhTzURSmckg9I4p3c,三昌,その他の飲食店,あり,宇和島市,〒798-0032 愛媛県宇和島市恵美須町１丁目５−２,,0895-65-9080,,3.04,6,https://tabelog.com/ehime/A3804/A380401/38002160/,,,,ラーメン,,,,,,33.22356,132.565812
g-ChIJRykYV3z1RTUR7ePb7QBA4Lk,山男,その他の飲食店,あり,宇和島市,〒798-0078 愛媛県宇和島市祝森甲４５８０−１,,0895-27-1788,,3.12,17,https://tabelog.com/ehime/A3804/A380401/38007944/,,,,ラーメン,,,,,,33.1589555,132.5480071
g-ChIJnYNfGsxhTzURk69Etb4p5PI,時代屋,その他の飲食店,あり,宇和島市,〒798-0032 愛媛県宇和島市恵美須町１丁目２−３,,0895-25-3562,,3.01,1,https://tabelog.com/ehime/A3804/A380401/38010661/,,,,ラーメン,,,,,,33.2229726,132.5649396
g-ChIJVWhKlWb2RTURNSKq-5kA7_U,手づけ一本,その他の飲食店,あり,宇和島市,〒798-3301 愛媛県宇和島市津島町岩松甲１７２１−１,,0895-32-6839,,,,,,,,ラーメン,,,,,,33.1131806,132.5180371
g-ChIJPRjgTslhTzURxx3uK4MbPOM,十万石,その他の飲食店,あり,宇和島市,〒798-0034 愛媛県宇和島市錦町７−５,,0895-24-6952,,3.12,21,https://tabelog.com/ehime/A3804/A380401/38002331/,,,,ラーメン,,,,,,33.2236577,132.5661204
g-ChIJy26VbABhTzURaoF2VUQwhgI,旬の味彩 ごしき,その他の飲食店,あり,宇和島市,〒798-0031 愛媛県宇和島市栄町港２丁目３−６,,0895-65-9008,ujm.goshiki2024,3.06,5,https://tabelog.com/ehime/A3804/A380401/38016530/,,,,ラーメン,,,,,,33.2225903,132.5621003
g-ChIJmTmRC9JhTzURPWvKbhi_HZw,鳥勢,その他の飲食店,あり,宇和島市,〒798-0007 愛媛県宇和島市寿町２丁目５−５ 清水建材ビル,,0895-25-7576,,3.04,4,https://tabelog.com/ehime/A3804/A380401/38001961/,,,,ラーメン,,,,,,33.2243183,132.5605288
g-ChIJbz1we3f2RTURNsW9oKOX9MA,鶴亀,その他の飲食店,あり,宇和島市,〒798-3301 愛媛県宇和島市津島町岩松７３０,,0895-32-2054,,3,1,https://tabelog.com/ehime/A3804/A380401/38006241/,,,,ラーメン,,,,,,33.1235456,132.5218938
g-ChIJEcn9pyZhTzUR3BsX5iRTr8k,天婦羅 天よし,その他の飲食店,あり,宇和島市,〒798-0040 愛媛県宇和島市中央町１丁目７−１７,,0895-49-3607,ten.tenyoshi,3.29,36,https://tabelog.com/ehime/A3804/A380401/38013157/,,,,ラーメン,,,,,,33.2204143,132.56733
g-ChIJ0bXZmWhhTzURNVVWm3HDuXI,嶋,その他の飲食店,あり,宇和島市,〒798-0060 愛媛県宇和島市丸之内５丁目６−１,,,shima.uwajima,3.03,4,https://tabelog.com/ehime/A3804/A380401/38016632/,,,,ラーメン,,,,,,33.222009199999995,132.5635508
g-ChIJuYVab8xhTzURWHLm-Hqu8WI,味丸,その他の飲食店,あり,宇和島市,〒798-0060 愛媛県宇和島市丸之内５丁目２−１７,,0895-24-3558,,3.01,1,https://tabelog.com/ehime/A3804/A380401/38003297/,,,,ラーメン,,,,,,33.221773999999996,132.564776
g-ChIJeW4d77X3RTURX41caZvVXdI,和み茶屋,その他の飲食店,あり,宇和島市,〒798-3323 愛媛県宇和島市津島町上畑地１１３７−３,,0895-32-1127,,3.04,2,https://tabelog.com/ehime/A3804/A380401/38016570/,,,,ラーメン,,,,,,33.0847726,132.5032396
g-ChIJxxvQlh9lTzURGhqNT7_77ek,miroku,その他の飲食店,あり,鬼北町,〒798-1333 愛媛県北宇和郡鬼北町永野市４３８,,0895-49-4172,miroku_kihoku,3.02,1,https://tabelog.com/ehime/A3804/A380403/38015507/,,,,ラーメン,,,,,,33.2511655,132.682848
g-ChIJWYCuCDp0TzURZpr9x7-xsJI,かつやま,その他の飲食店,あり,鬼北町,〒798-1502 愛媛県北宇和郡鬼北町下鍵山１１２,,0895-44-2288,kihoku.sci,3.01,1,https://tabelog.com/ehime/A3804/A380403/38012281/,,,,ラーメン,,,,,,33.331925,132.79829669999998
g-ChIJtSf8FA5lTzURDv1F8v8SeoU,がんてつ,その他の飲食店,あり,鬼北町,〒798-1333 愛媛県北宇和郡鬼北町永野市４３２ 361番地1,,,,3.04,6,https://tabelog.com/ehime/A3804/A380403/38012044/,,,,ラーメン,,,,,,33.2511304,132.6821077
g-ChIJhUb7BxJlTzURicVih16HW7g,ジョイフル愛媛広見店,その他の飲食店,あり,鬼北町,〒798-1333 愛媛県北宇和郡鬼北町永野市４４４,,0895-20-6417,joyfull_info,3.01,6,https://tabelog.com/ehime/A3804/A380403/38005841/,,,,ラーメン,,,,,,33.2514655,132.68372979999998
g-ChIJYR905HxwTzUREoE5M33r7Z0,憩ふ食空間 風,その他の飲食店,あり,鬼北町,〒798-1302 愛媛県北宇和郡鬼北町下大野１４−４,,0895-48-0300,,3.05,6,https://tabelog.com/ehime/A3804/A380403/38005040/,,,,ラーメン,,,,,,33.2996282,132.7157638
g-ChIJa_heJ0pxTzUR6yNvd4tyDd4,戸祇,その他の飲食店,あり,鬼北町,〒798-1312 愛媛県北宇和郡鬼北町川上４５１−１,,090-8957-3117,,,,https://tabelog.com/ehime/A3804/A380403/38012283/,,,,ラーメン,,,,,,33.3122762,132.76783029999999
g-ChIJ0VYYQhRlTzURXSHE9RAhnx8,好屋,その他の飲食店,あり,鬼北町,〒798-1341 愛媛県北宇和郡鬼北町近永７８７,,0895-45-3313,yoshiya_448ii,,,,,,,ラーメン,,,,,,33.2568572,132.68472309999999
g-ChIJ_WkVne1lTzURrQ0ijghGSu4,彩り茶屋,その他の飲食店,あり,鬼北町,〒798-1333 愛媛県北宇和郡鬼北町永野市１３８−６,,0895-45-3751,sankakuboushi,3.05,16,https://tabelog.com/ehime/A3804/A380403/38006945/,,,,ラーメン,,,,,,33.2539356,132.6873139
g-ChIJ80guYRplTzURu9g2LCmzDTg,春廼家,その他の飲食店,あり,鬼北町,〒798-1341 愛媛県北宇和郡鬼北町近永６４９,,0895-45-0056,,,1,https://tabelog.com/ehime/A3804/A380403/38002468/,,,,ラーメン,,,,,,33.2567737,132.67723759999998
g-ChIJrYa8rRplTzURt5AGRrSAl3w,德丸商店,その他の飲食店,あり,鬼北町,〒798-1362 愛媛県北宇和郡鬼北町清延424番地,,090-8430-9860,,,,,,,,ラーメン,,,,,,33.2596669,132.6717325
g-ChIJM0nIURK4TzURGb_Fw5FDr6o,うまいもん屋 土居,その他の飲食店,あり,久万高原町,〒791-1503 愛媛県上浮穴郡久万高原町日野浦８１６,,0892-56-0073,,3.15,10,https://tabelog.com/ehime/A3803/A380304/38004457/,,,,ラーメン,醤油｜味噌,,あっさり｜辛い,,,33.5715241,133.00297179999998
g-ChIJQQ61iVbATzURTyRlcRcv-bc,ちぐさ,その他の飲食店,あり,久万高原町,〒791-1201 愛媛県上浮穴郡久万高原町久万２７７,,0892-21-1129,chigusa_yakiniku,3.28,25,https://tabelog.com/ehime/A3803/A380304/38000874/,,,,,,,,,,33.6580136,132.9002405
g-ChIJMVV8ALrFTzUR05a__uSfqvs,喜楽里,その他の飲食店,あり,久万高原町,〒791-1706 愛媛県上浮穴郡久万高原町本組885番地,,090-8287-1366,2022_kirari,3.01,1,https://tabelog.com/ehime/A3803/A380304/38017323/,,,https://ramendb.supleks.jp/s/168911.html,ラーメン,,,,,,33.6747929,133.0166931
g-ChIJo2tDrWLPTzURWQTFlzlxap8,面河ふるさと市場,その他の飲食店,あり,久万高原町,〒791-1709 愛媛県上浮穴郡久万高原町相の木２６,,0892-58-2440,,,,,,,,ラーメン,,,,,,33.6826139,133.0766753
g-ChIJX69e5mc6UDURkIgCO9w1TPk,こきんや,その他の飲食店,あり,今治市,〒794-0038 愛媛県今治市末広町１丁目３−１,,0898-22-2075,,3.25,52,https://tabelog.com/ehime/A3802/A380201/38002271/,83.79,2,https://ramendb.supleks.jp/s/113687.html,,,,,,,34.066037,133.00105399999998
g-ChIJtwUOBSA7UDURWgfABs3-5NU,やま勝,その他の飲食店,あり,今治市,〒794-0064 愛媛県今治市小泉４丁目１２−１８,,080-4037-0074,,3.07,9,https://tabelog.com/ehime/A3802/A380201/38014908/,,,,ラーメン,,,,,,34.047603599999995,132.98027679999998
g-ChIJv26cgto6UDUR9F4gKXiPn18,わらや,その他の飲食店,あり,今治市,〒794-0863 愛媛県今治市徳重１０１−１,,0898-22-6507,,3.02,2,https://tabelog.com/ehime/A3802/A380201/38004275/,,,,ラーメン,,,,,,34.035585,132.988408
g-ChIJxasJDgA7UDUR1mVeLza247w,丸起,その他の飲食店,あり,今治市,〒794-0042 愛媛県今治市旭町２丁目１−７ セブンビル,,,maruki2024,3.06,6,https://tabelog.com/ehime/A3802/A380201/38015775/,,,https://ramendb.supleks.jp/s/158581.html,,,,,,,34.0632746,133.0012004
g-ChIJNfXvYwA7UDUR3gQK1JKw_PA,来島海峡SA フードコート,その他の飲食店,あり,今治市,〒794-0002 愛媛県今治市大浜町３丁目９−６８,,0898-33-8633,kurushima.sa,3.47,292,https://tabelog.com/ehime/A3802/A380201/38000010/,82.75,2,https://ramendb.supleks.jp/s/137835.html,,,,,,,34.1003879,132.9788707
g-ChIJszaZCAKVUTUR-4FOCngmCvg,がんば亭 三島店,その他の飲食店,あり,四国中央市,〒799-0431 愛媛県四国中央市寒川町４１１−１,,0896-24-2636,,3.06,20,https://tabelog.com/ehime/A3802/A380204/38002270/,,,,,,,,,,33.9700719,133.5220398
g-ChIJs0jI4lmRUTURU3bHkR0eCH8,がんば亭 川之江店,その他の飲食店,あり,四国中央市,〒799-0113 愛媛県四国中央市妻鳥町１２１２−１,,0896-56-1715,,3.1,32,https://tabelog.com/ehime/A3802/A380204/38001552/,,,,,,,,,,33.9940499,133.5704184
g-ChIJKw3wD1GRUTURj5XgTpzrn2w,さざれ石,その他の飲食店,あり,四国中央市,〒799-0101 愛媛県四国中央市川之江町５９−２,,090-4334-6520,,3.05,5,https://tabelog.com/ehime/A3802/A380204/38013220/,,,,ラーメン,,,,,,33.9977033,133.5672731
g-ChIJr65_RxGVUTURhe-UOBcZ_1I,とりや,その他の飲食店,あり,四国中央市,〒799-0431 愛媛県四国中央市寒川町２７０４−１,,0896-25-2283,,3.03,3,https://tabelog.com/ehime/A3802/A380204/38006325/,,,,ラーメン,,,,,,33.9680497,133.50899859999998
g-ChIJ8wESrzeRUTURvNt2YGmwYBE,ひさご屋,その他の飲食店,あり,四国中央市,〒799-0101 愛媛県四国中央市川之江町１０６３,,0896-58-1235,,3.04,5,https://tabelog.com/ehime/A3802/A380204/38003880/,,,,ラーメン,,,,,,34.010929,133.56841
g-ChIJYT1KdTyRUTURd1uwMbXiB38,ミサオ商店,その他の飲食店,あり,四国中央市,〒799-0101 愛媛県四国中央市川之江町１８５６−２９,,0896-56-6116,,3.05,3,https://tabelog.com/ehime/A3802/A380204/38014052/,,,,,,,,,,34.0115416,133.5750919
g-ChIJu-wNKkGRUTURwTSNdBM1aS4,伊予万里,その他の飲食店,あり,四国中央市,〒799-0111 愛媛県四国中央市金生町下分１００−９,,0896-57-0755,iyobanrikawanoe,3.24,28,https://tabelog.com/ehime/A3802/A380204/38002024/,,,,ラーメン,,,,,,34.003728699999996,133.575408
g-ChIJ___zyziVUTURomGmROXc2WQ,一心,その他の飲食店,あり,四国中央市,〒799-0431 愛媛県四国中央市寒川町３６５５,,,,,,,,,,ラーメン,,,,,,33.959984899999995,133.5044498
g-ChIJV8CyQGuUUTURlbIglJAbdfQ,一品・松野,その他の飲食店,あり,四国中央市,〒799-0405 愛媛県四国中央市三島中央２丁目７−１ 富岳ビル,,0896-23-0760,ippin_matsuno,3.03,2,https://tabelog.com/ehime/A3802/A380204/38003565/,,,,ラーメン,,,,,,33.982285,133.545117
g-ChIJC_KNEp-RUTURvgHvLkr-zcc,宮内製麺,その他の飲食店,あり,四国中央市,〒799-0113 愛媛県四国中央市妻鳥町９１２,,090-9452-8497,,3.34,49,https://tabelog.com/ehime/A3802/A380204/38013116/,,,,ラーメン,,,,,,33.996867,133.5708865
g-ChIJU2st0mmUUTURWW96xE2HPAc,吟醸倶楽部,その他の飲食店,あり,四国中央市,〒799-0405 愛媛県四国中央市三島中央３丁目６−１２,,0896-77-6429,,3.03,2,https://tabelog.com/ehime/A3802/A380204/38013932/,,,,ラーメン,,,,,,33.9807011,133.5419738
g-ChIJwdIBovuTUTURrJoCAHWXZX8,山口,その他の飲食店,あり,四国中央市,〒799-0411 愛媛県四国中央市下柏町９００−１,,090-1328-9246,,3.03,2,https://tabelog.com/ehime/A3802/A380204/38015653/,,,,ラーメン,,,,,,33.9855999,133.5676418
g-ChIJLyxq6miTUTUROH6_w08o0H4,炭火・釜飯 銀六屋,その他の飲食店,あり,四国中央市,〒799-0411 愛媛県四国中央市下柏町７２４−２,,0896-22-3887,,3.13,17,https://tabelog.com/ehime/A3802/A380204/38013485/,,,https://ramendb.supleks.jp/s/159624.html,ラーメン,,,,,,33.9891162,133.56558809999999
g-ChIJfzT_DQCVUTURNK12vAv8kcY,揚足鳥 いちよし,その他の飲食店,あり,四国中央市,〒799-0404 愛媛県四国中央市三島宮川２丁目３−２５,,0896-77-6236,ichiyoshi0214,3.09,8,https://tabelog.com/ehime/A3802/A380204/38015557/,,,,ラーメン,,,,,,33.9850637,133.5495606
g-ChIJzVxgQVCRUTURYGmAZigZEbw,料亭 即今,その他の飲食店,あり,四国中央市,〒799-0113 愛媛県四国中央市妻鳥町７３９−４,,0896-57-2666,ryoutei_sokkon,3.13,10,https://tabelog.com/ehime/A3802/A380204/38000787/,,,,ラーメン,,,,,,33.9984207,133.5689849
g-ChIJjS5yYbDvTzURAt1jjDLP4-s,YAKITORI kitchen 彩,その他の飲食店,あり,松山市,〒790-0044 愛媛県松山市余戸東２丁目１３−３９ 余戸徳和ビル １F,,080-4999-6030,yakitori_kitchen_irodori,3.08,23,https://tabelog.com/ehime/A3801/A380101/38010169/,82.969,1,https://ramendb.supleks.jp/s/139269.html,ラーメン｜つけ麺｜辛麺,鶏｜魚介,,辛い,,,33.8155264,132.7346409
g-ChIJn5CqXE7vTzURctavJPixj9E,おらんだ館,その他の飲食店,あり,松山市,〒790-0932 愛媛県松山市東石井３丁目７−５ 田中ビル,,089-956-2258,,3.06,10,https://tabelog.com/ehime/A3801/A380101/38004543/,,0,https://ramendb.supleks.jp/s/60894.html,ラーメン,,,,,,33.8137841,132.7793479
g-ChIJg-g9crblTzUR7NNNw6mL-Eg,かど八,その他の飲食店,あり,松山市,〒790-0865 愛媛県松山市新立町２−２２,,089-945-7438,,3.01,1,https://tabelog.com/ehime/A3801/A380101/38003640/,,,,ラーメン,,,,,,33.8381335,132.7813929
rdb-112194,かめそば じゅん,その他の飲食店,不明,松山市,愛媛県松山市二番町1-4-11,,089-921-0332,,3.43,192,https://tabelog.com/ehime/A3801/A380101/38006705/,82.78,1,https://ramendb.supleks.jp/s/112194.html,,,,,,,33.83934,132.772781
g-ChIJr5cScQrvTzUR7iqfigZFR1w,井上のそば屋 本店,その他の飲食店,あり,松山市,〒790-0042 愛媛県松山市保免中２丁目１０−１５,,089-989-9192,,3.4,96,https://tabelog.com/ehime/A3801/A380101/38009321/,,,,ラーメン,,,,,,33.817137599999995,132.747131
g-ChIJ1Z3pYIDgTzURJHcATMKNuxg,丸味,その他の飲食店,あり,松山市,〒791-0127 愛媛県松山市藤野町１５８−１,,089-977-8477,,3.06,6,https://tabelog.com/ehime/A3801/A380101/38006900/,,0,https://ramendb.supleks.jp/s/143071.html,ラーメン,,,,,,33.897928,132.86157
rdb-133861,鶏と肴 とさ鳥,その他の飲食店,不明,松山市,愛媛県松山市東石井6-2-8,,089-958-1616,,3.22,18,https://tabelog.com/ehime/A3801/A380101/38012788/,82.87,1,https://ramendb.supleks.jp/s/133861.html,,,,,,,33.809364,132.777771
g-ChIJaz1TVyruTzURS4ozf2z58dE,国重,その他の飲食店,あり,松山市,〒791-8044 愛媛県松山市西垣生町７９６−２,,089-972-0363,,3.12,12,https://tabelog.com/ehime/A3801/A380101/38006123/,,0,https://ramendb.supleks.jp/s/120616.html,ラーメン,,,,,,33.8154557,132.709479
rdb-125108,和菜 いたや,その他の飲食店,不明,松山市,愛媛県松山市一番町2-4-11,,089-933-3002,,3.59,47,https://tabelog.com/ehime/A3801/A380101/38005851/,82.97,1,https://ramendb.supleks.jp/s/125108.html,,,,,,,33.840649,132.771576
g-ChIJva3BphzuTzURMEidFcPsxec,hanari ハンアリ,その他の飲食店,あり,松前町,〒791-3120 愛媛県伊予郡松前町筒井６８５−５,,089-984-7630,hanari.miki328,3.04,6,https://tabelog.com/ehime/A3801/A380103/38011836/,,,,ラーメン,,,,,,33.790049800000006,132.7121718
g-ChIJT7mWlyPvTzURt7VkB62znKI,M2BASE,その他の飲食店,あり,松前町,〒791-3141 愛媛県伊予郡松前町恵久美３７３−１,,089-989-9161,m2base_ehime,,,,,,,ラーメン,,,,,,33.7935716,132.7278153
g-ChIJjxYPs_XuTzURWz2sY9Bs7c8,あっぱれ亭,その他の飲食店,あり,松前町,〒791-3161 愛媛県伊予郡松前町神崎４５,,089-984-9986,,3.01,1,https://tabelog.com/ehime/A3801/A380103/38002230/,,,,ラーメン,,,,,,33.785818,132.748977
g-ChIJSTnPOf7tTzUR7naOSQ0hoeI,がんば亭 松前店,その他の飲食店,あり,松前町,〒791-3102 愛媛県伊予郡松前町北黒田２４５−１,,089-984-9686,,3.06,23,https://tabelog.com/ehime/A3801/A380103/38001121/,,,,,,,,,,33.7799616,132.7107055
g-ChIJo8lj3f7xTzURSVWOYDVJDoA,すずろ,その他の飲食店,あり,松前町,〒791-3120 愛媛県伊予郡松前町筒井１３２１,,089-984-7223,,3.02,1,https://tabelog.com/ehime/A3801/A380103/38003034/,,,,ラーメン,,,,,,33.7865593,132.7039154
g-ChIJ-08h_TfuTzURSsnBqehGzZ8,ていきびん,その他の飲食店,あり,松前町,〒791-3132 愛媛県伊予郡松前町西高柳５,,089-984-0452,,3.14,22,https://tabelog.com/ehime/A3801/A380103/38003857/,,,https://ramendb.supleks.jp/s/115699.html,,,,,,,33.8018552,132.7270094
g-ChIJh0leQf7tTzUROUJsTlqQHI4,てんてん丸 伊予松前店,その他の飲食店,あり,松前町,〒791-3102 愛媛県伊予郡松前町北黒田２６６−２,,089-961-6611,tentenmaru_masaki,3.34,43,https://tabelog.com/ehime/A3801/A380103/38006636/,,,,ラーメン,,,,,,33.7793828,132.7110773
g-ChIJKRADP0juTzURxVDVg3v_kDM,ひまわり,その他の飲食店,あり,松前町,〒791-3142 愛媛県伊予郡松前町上高柳 外池503−1,,089-985-1230,,3.04,3,https://tabelog.com/ehime/A3801/A380103/38005433/,,,,,,,,,,33.8021455,132.7282678
g-ChIJH1qo_jbtTzURQbDFJYQiUVM,モカチャーゼ,その他の飲食店,あり,松前町,〒791-3102 愛媛県伊予郡松前町北黒田３９４−３,,089-984-3040,,3.25,52,https://tabelog.com/ehime/A3801/A380103/38004835/,,,,ラーメン,,,,,,33.777338,132.7092964
g-ChIJq-bnNfnxTzURjHVbcQDNgQw,割烹 仕出し 川﨑屋,その他の飲食店,あり,松前町,〒791-3110 愛媛県伊予郡松前町浜４６０,,089-984-1056,kawasakiya_masaki,3.3,37,https://tabelog.com/ehime/A3801/A380103/38006131/,,,,ラーメン,,,,,,33.7878103,132.7024587
g-ChIJ1cnj0zjuTzURQg8SXFqktL8,郷家松前店,その他の飲食店,あり,松前町,〒791-3133 愛媛県伊予郡松前町昌農内２８−１,,089-985-4700,motsunabe58,3.05,11,https://tabelog.com/ehime/A3801/A380103/38004422/,,,,ラーメン,,,,,,33.7982909,132.7252356
g-ChIJxRZLKyXvTzURL7itRhlS5D0,羅座亜留 炭火焼自家焙煎所 ジャカランダコーヒー,その他の飲食店,あり,松前町,〒791-3164 愛媛県伊予郡松前町中川原４９０−３,,089-995-8122,jacaranda_coffee_roastery_,3.2,24,https://tabelog.com/ehime/A3801/A380101/38015103/,,,,ラーメン,,,,,,33.8008174,132.7560648
g-ChIJRWm1NiR_RTURwiMWGnViWkM,甘味霧中/菓子工房KAZU,その他の飲食店,あり,松野町,〒798-2101 愛媛県北宇和郡松野町松丸８８,,0895-49-1257,kanmi_muchu,3.08,11,https://tabelog.com/ehime/A3804/A380403/38015708/,,,,ラーメン,,,,,,33.22802,132.706761
g-ChIJaTjDHH5vTzURFLlxddQFP_Q,長太郎,その他の飲食店,あり,松野町,愛媛県北宇和郡松野町松丸,,0895-42-0481,,,0,https://tabelog.com/ehime/A3804/A380403/38002050/,,,,ラーメン,,,,,,33.228130799999995,132.7078044
g-ChIJkw_9LgOtUTUR4svcX-17xNE,しまで cafe,その他の飲食店,あり,上島町,〒794-2506 愛媛県越智郡上島町弓削下弓削８３０−１,,0897-77-2232,,3.13,20,https://tabelog.com/ehime/A3802/A380205/38001621/,,,,ラーメン,,,,,,34.2567571,133.2041587
g-ChIJ3ZyotSSxUTURAxUktYTpTDU,食事処 まんが亭,その他の飲食店,あり,上島町,〒794-2541 愛媛県越智郡上島町魚島二番耕地１２５−２,,090-5647-2506,,,,,,,,ラーメン,,,,,,34.1922664,133.2732421
g-ChIJJeDlLRnPUTURbK9OQX-MKpk,いただきまんま バンザイミネジィ,その他の飲食店,あり,新居浜市,〒792-0826 愛媛県新居浜市喜光地町２丁目４−２,,0897-40-9030,,3.28,28,https://tabelog.com/ehime/A3802/A380203/38007683/,,,,ラーメン,,,,,,33.93329,133.299052
g-ChIJ__9br8XOUTURJNicp-6wdoo,お食事処めしる,その他の飲食店,あり,新居浜市,〒792-0024 愛媛県新居浜市宮西町３−１６,,,,3.06,11,https://tabelog.com/ehime/A3802/A380203/38009543/,,,,ラーメン,,,,,,33.9624123,133.2784057
g-ChIJzWDy2MnIUTURCz1qhLtB0vE,かつ福 新居浜店,その他の飲食店,あり,新居浜市,〒792-0894 愛媛県新居浜市郷１丁目２−367‐3,,0897-47-4129,,3.22,32,https://tabelog.com/ehime/A3802/A380203/38010186/,,,,ラーメン,,,,,,33.9658047,133.3085927
g-ChIJwSt7KszOUTURloQMURbyR9w,ハイジ,その他の飲食店,あり,新居浜市,〒792-0017 愛媛県新居浜市若水町２丁目５−２１,,0897-33-7857,,3.09,14,https://tabelog.com/ehime/A3802/A380203/38003504/,,,,ラーメン,,,,,,33.968633000000004,133.278563
g-ChIJ33sH5h_PUTURfxLeclkXG-0,ピッツェリアマルブン 新居浜店,その他の飲食店,あり,新居浜市,〒792-0812 愛媛県新居浜市坂井町２丁目２−４４,,0897-37-8383,marubun_1923,3.36,95,https://tabelog.com/ehime/A3802/A380203/38005935/,,,,ラーメン,,,,,,33.948533,133.291443
g-ChIJm4gIi8XOUTUR8G7l0ZLf3_0,ひらく,その他の飲食店,あり,新居浜市,〒792-0021 愛媛県新居浜市泉宮町９−３７,,0897-37-0900,himachi_n,3.01,4,https://tabelog.com/ehime/A3802/A380203/38010825/,,,https://ramendb.supleks.jp/s/128780.html,ラーメン,,,,,,33.9643568,133.2777006
g-ChIJCzqY1M3OUTUR1m3ehnpCsO4,ぼてすけ屋,その他の飲食店,あり,新居浜市,〒792-0017 愛媛県新居浜市若水町２丁目５−２４,,0897-35-3078,,3.28,45,https://tabelog.com/ehime/A3802/A380203/38004348/,,,,ラーメン,,,,,,33.968722,133.27884300000002
g-ChIJmY-NacvIUTURU7i-t-HRFZo,もつ鍋 骨付き鶏 平,その他の飲食店,あり,新居浜市,〒792-0886 愛媛県新居浜市郷１丁目１６−４８,,0897-47-4411,,3.02,2,https://tabelog.com/ehime/A3802/A380203/38007332/,,,,ラーメン,,,,,,33.9606825,133.3040684
g-ChIJh1fyaRzPUTURMwzO9J6AVR0,よぅたん,その他の飲食店,あり,新居浜市,〒792-0812 愛媛県新居浜市坂井町３丁目３−４１,,0897-43-4737,,,,https://tabelog.com/ehime/A3802/A380203/38013310/,,,,ラーメン,,,,,,33.94202,133.2945043
g-ChIJsxhEZgXPUTURDD37lmUcX6E,一福 新居浜店,その他の飲食店,あり,新居浜市,〒792-0826 愛媛県新居浜市喜光地町１丁目１０−５,,0897-66-7811,ichifuku_niihama,3.21,35,https://tabelog.com/ehime/A3802/A380203/38012058/,,,,ラーメン,,,,,,33.935206099999995,133.2999965
g-ChIJV_uUOHzPUTUR7Ra50DlGqzM,韓丼 新居浜店,その他の飲食店,あり,新居浜市,〒792-0824 愛媛県新居浜市上泉町５−５,,0897-66-8929,kandon_yaruki,3.04,17,https://tabelog.com/ehime/A3802/A380203/38014607/,,,https://ramendb.supleks.jp/s/145409.html,ラーメン,,,,,,33.9362393,133.3043743
g-ChIJP4mbJgDPUTURviHUwMKIp0E,小原屋台,その他の飲食店,あり,新居浜市,〒792-0022 愛媛県新居浜市徳常町８−１７,,,,,,,,,https://ramendb.supleks.jp/s/159199.html,ラーメン,,,,,,33.9646921,133.2802474
g-ChIJhd8-Cs_OUTURoOJtiu65P1w,福ちゃん,その他の飲食店,あり,新居浜市,〒792-0017 愛媛県新居浜市若水町１丁目７−１１,,090-7628-6071,,,1,https://tabelog.com/ehime/A3802/A380203/38015372/,,,,ラーメン,,,,,,33.965355699999996,133.27865979999999
g-ChIJ18AX-HstUDURxHSh9m7x744,sui café,その他の飲食店,あり,西条市,〒793-0042 愛媛県西条市喜多川６３８−１,,090-7103-3310,sui.cafe,3.06,7,https://tabelog.com/ehime/A3802/A380202/38015132/,,,,ラーメン,,,,,,33.9227146,133.1692364
g-ChIJFbvFKhrTUTURbPzS2zEMBig,あかのれん,その他の飲食店,あり,西条市,〒793-0023 愛媛県西条市明屋敷４６９−１,,,,3.02,2,https://tabelog.com/ehime/A3802/A380202/38008547/,,,https://ramendb.supleks.jp/s/59847.html,ラーメン,,,,,,33.9215266,133.17653959999998
g-ChIJz8xAsILSUTUR9baxkODGzf4,ごはんどき 西条店,その他の飲食店,あり,西条市,〒793-0006 愛媛県西条市下島山甲１３４０,,0897-58-5517,,,1,https://tabelog.com/ehime/A3802/A380202/38009292/,,,,,,,,,,33.9323323,133.20449
g-ChIJzzJ29xkvUDURNhuR9F6idSg,そば家 一創庵 福成寺店,その他の飲食店,あり,西条市,〒799-1316 愛媛県西条市福成寺３３１−１,,0898-66-3362,,3.07,13,https://tabelog.com/ehime/A3802/A380202/38011021/,,,,ラーメン,,,,,,33.949995,133.04931
g-ChIJffn9FLYuUDURObSh3KcJ20U,そば宏,その他の飲食店,あり,西条市,〒799-1371 愛媛県西条市周布７０４−１,,0898-65-4170,,3.27,44,https://tabelog.com/ehime/A3802/A380202/38003821/,,,,ラーメン,,,,,,33.920116199999995,133.07883759999999
g-ChIJP4a0p8HSUTURnc9jeggVxDc,はしもと,その他の飲食店,あり,西条市,〒793-0030 愛媛県西条市大町１−４３７−７ 下町中,,0897-55-2539,,3.16,24,https://tabelog.com/ehime/A3802/A380202/38006727/,,,,ラーメン,,,,,,33.9171913,133.1917976
g-ChIJhzmwNcgsUDURVufEFZnIv9Y,ふじ,その他の飲食店,あり,西条市,〒793-0051 愛媛県西条市安知生６９７,,0897-56-9068,,3.09,21,https://tabelog.com/ehime/A3802/A380202/38008356/,,,,ラーメン,,,,,,33.8954847,133.1671986
g-ChIJwaSW1-coUDURY2QlzNiVbKQ,みつぼし醤油,その他の飲食店,あり,西条市,〒791-0508 愛媛県西条市丹原町池田１０８７−１,土曜日 11:00〜14:00,0898-68-7788,mitubosisyouyu,3.06,6,https://tabelog.com/ehime/A3802/A380202/38014312/,,,,ラーメン,煮干し｜醤油｜柑橘,太麺,辛い,,,33.9077529,133.0489119
g-ChIJ580YFJstUDURUdYw5JiH16M,みなたけ,その他の飲食店,あり,西条市,〒793-0072 愛媛県西条市氷見乙１９９８−１,,0897-47-8681,minatakee,3.09,21,https://tabelog.com/ehime/A3802/A380202/38014076/,,,,,,,,,,33.896536399999995,133.1230919
g-ChIJr3jtbpkuUDURLXr0jmPfl0M,祭華,その他の飲食店,あり,西条市,〒799-1353 愛媛県西条市三津屋南５−８,,,,,,,,,,ラーメン,,,,,,33.931411499999996,133.09068299999998
g-ChIJbVm3hNrSUTUR2pJ4R8NGI6Q,山長,その他の飲食店,あり,西条市,〒793-0030 愛媛県西条市大町１５０３,,0897-53-3651,,3.06,8,https://tabelog.com/ehime/A3802/A380202/38003232/,,,,ラーメン,,,,,,33.9123333,133.18476139999999
g-ChIJlRL_t7XSUTURninf_kSdKd4,西條そば 甲,その他の飲食店,あり,西条市,〒793-0027 愛媛県西条市朔日市７８３−６,,0897-55-7836,koshinogihara,3.68,198,https://tabelog.com/ehime/A3802/A380202/38001193/,,,,ラーメン,,,,,,33.927679,133.178337
g-ChIJMS_v2MksUDURSiXiGJlaThI,竹ばやし,その他の飲食店,あり,西条市,〒793-0053 愛媛県西条市洲之内甲９６９,,0897-56-8089,,3.59,54,https://tabelog.com/ehime/A3802/A380202/38008340/,,,,ラーメン,,,,,,33.89416,133.16842409999998
g-ChIJKwNUJADTUTURQB7mni-BNGM,道10,その他の飲食店,あり,西条市,〒799-1351 愛媛県西条市三津屋１９５−６,,070-5511-1010,fdosu.michi10since510,3.14,22,https://tabelog.com/ehime/A3802/A380202/38016579/,,,https://ramendb.supleks.jp/s/167879.html,ラーメン,,,,,,33.9358608,133.0883885
g-ChIJr2SGC5kuUDUR4nIK0jyx1Xk,梵字,その他の飲食店,あり,西条市,〒799-1353 愛媛県西条市三津屋南５−１２,,0898-65-6867,bonji0813,3.16,28,https://tabelog.com/ehime/A3802/A380202/38003315/,,,,ラーメン,,,,,,33.931121399999995,133.09013869999998
g-ChIJWffhWI6HRTURzab550uu7lk,ARISU,その他の飲食店,あり,西予市,〒797-0015 愛媛県西予市宇和町卯之町３丁目４１４,,0894-62-1147,arisu.seiyo,3.09,11,https://tabelog.com/ehime/A3804/A380402/38009754/,,,,ラーメン,,,,,,33.3624808,132.51203189999998
g-ChIJU-jjjjV2TzURE-LF8Ccq0ys,コスモス,その他の飲食店,あり,西予市,〒797-1717 愛媛県西予市城川町下相１００９−１,,0894-82-0180,,3.04,3,https://tabelog.com/ehime/A3804/A380402/38013426/,,,,ラーメン,,,,,,33.379914,132.749919
g-ChIJnWRzafuGRTUR171BuRyvv-0,シャルール,その他の飲食店,あり,西予市,〒797-0032 愛媛県西予市宇和町田苗真土１６１１,,090-4785-4099,yurininomiya2180,3.08,12,https://tabelog.com/ehime/A3804/A380402/38012312/,,,,ラーメン,,,,,,33.3987305,132.505967
g-ChIJOR9V8EWHRTUR18He6wzvkvA,ステーション,その他の飲食店,あり,西予市,〒797-0015 愛媛県西予市宇和町卯之町１丁目２２７,,0894-62-6231,,3.03,3,https://tabelog.com/ehime/A3804/A380402/38012651/,,,,ラーメン,,,,,,33.3693078,132.50877530000002
g-ChIJmUH_85aHRTUR0BTn6TTq69Q,たちばな,その他の飲食店,あり,西予市,〒797-0015 愛媛県西予市宇和町卯之町５丁目３６８,,0894-62-3784,,3.07,13,https://tabelog.com/ehime/A3804/A380402/38001359/,,,,ラーメン,,,,,,33.3593946,132.51971419999998
g-ChIJFTnAYrOHRTURjcf51ZyGhrA,ディーヤ,その他の飲食店,あり,西予市,〒797-0015 愛媛県西予市宇和町卯之町３丁目３９７,,0894-78-0367,,3.05,5,https://tabelog.com/ehime/A3804/A380402/38015288/,,,,ラーメン,,,,,,33.361925899999996,132.5128676
g-ChIJiwB8WgCPRTURdpbh1ZMwFiE,にの味屋,その他の飲食店,あり,西予市,〒797-0201 愛媛県西予市明浜町高山,,090-6207-7598,ninomiya_takayama,,,,,,,ラーメン,,,,,,33.3204372,132.4319488
g-ChIJ-7iCCzmHRTURDHqAI1FcCOo,みのり,その他の飲食店,あり,西予市,〒797-0015 愛媛県西予市宇和町卯之町２丁目１９８,,0894-62-0247,,3.17,20,https://tabelog.com/ehime/A3804/A380402/38001213/,,,,ラーメン,,,,,,33.3641954,132.5117348
g-ChIJ7zRaelqGRTURUC50DV1kgQY,ゆうぼく牧場直営レストラン / ゆうぼく民,その他の飲食店,あり,西予市,〒797-0045 愛媛県西予市宇和町坂戸６７３−１,,0894-62-5877,yubokunosato,3.6,37,https://tabelog.com/ehime/A3804/A380402/38010777/,,,,ラーメン,,,,,,33.3862515,132.5013668
g-ChIJcTKZgDV2TzUR68DU8zzyld8,レストラン 停満里,その他の飲食店,あり,西予市,〒797-1717 愛媛県西予市城川町下相１００８−１,,0894-82-1100,,3.14,21,https://tabelog.com/ehime/A3804/A380402/38007474/,,,,ラーメン,,,,,,33.379906399999996,132.7494932
g-ChIJ33b5e7yHRTURD0nrsf-shFM,れんげそう,その他の飲食店,あり,西予市,〒797-0015 愛媛県西予市宇和町卯之町２丁目４１７,,0894-62-3106,,,2,https://tabelog.com/ehime/A3804/A380402/38003947/,,,,ラーメン,,,,,,33.3641889,132.5105945
g-ChIJS7tZ_HaHRTURq2aRH_tfda4,卯之町バールOTO,その他の飲食店,あり,西予市,〒797-0015 愛媛県西予市宇和町卯之町３丁目２１６,,0894-89-1864,unomachi.bar.oto,3.04,5,https://tabelog.com/ehime/A3804/A380402/38012443/,,,,ラーメン,,,,,,33.3633935,132.5141494
g-ChIJBS_7c82HRTUR67RQuxY-doM,下ノ町ハシエンダ,その他の飲食店,あり,西予市,〒797-0015 愛媛県西予市宇和町卯之町４丁目６３７,,090-3181-5646,,3.01,4,https://tabelog.com/ehime/A3804/A380402/38010588/,,,,ラーメン,,,,,,33.3608287,132.51383389999998
g-ChIJj7ZxPGyHRTUR3mtgpeSw0EM,菊水,その他の飲食店,あり,西予市,〒797-0015 愛媛県西予市宇和町卯之町２丁目４０６,,0894-62-3124,,3.04,5,https://tabelog.com/ehime/A3804/A380402/38003583/,,,,ラーメン,,,,,,33.3643755,132.5099903
g-ChIJVU-_1wqHRTUR6sHmdcdSDQE,咲咲-SAKU SAKU-,その他の飲食店,あり,西予市,〒797-0015 愛媛県西予市宇和町卯之町３丁目４３５−１ 所在施設：ゆるりあん,,090-4092-8132,,,1,https://tabelog.com/ehime/A3804/A380402/38015369/,,,,ラーメン,,,,,,33.363409,132.51059250000003
g-ChIJm8873quHRTURlQo3PE4o44s,社長たちのサンドイッチ,その他の飲食店,あり,西予市,〒797-0015 愛媛県西予市宇和町卯之町３丁目１１３,,070-9137-2835,syacho_sandwich,3.05,3,https://tabelog.com/ehime/A3804/A380402/38015227/,,,,ラーメン,,,,,,33.363866,132.5134295
g-ChIJqa9E4EmHRTURLDXVDqMm07Q,粋,その他の飲食店,あり,西予市,〒797-0046 愛媛県西予市宇和町上松葉２０９,,0894-62-7205,,3.15,17,https://tabelog.com/ehime/A3804/A380402/38001082/,,,https://ramendb.supleks.jp/s/118206.html,ラーメン,,,,,,33.3824622,132.5031558
g-ChIJ9c-3nHWHRTURV3KdnVJbYvg,東洋軒 宇和店,その他の飲食店,あり,西予市,〒797-0046 愛媛県西予市宇和町上松葉２２２−３,,0894-62-6550,toyokaihatsu,3.08,15,https://tabelog.com/ehime/A3804/A380402/38001110/,,,,ラーメン,,,,,,33.3813922,132.5029569
g-ChIJuYqjWQCHRTUR2nQ5Yd25bRU,肉専科しんみや,その他の飲食店,あり,西予市,〒797-0013 愛媛県西予市宇和町稲生３５,,0894-62-2877,,3.09,14,https://tabelog.com/ehime/A3804/A380402/38011315/,,,,ラーメン,,,,,,33.356491999999996,132.52629009999998
g-ChIJsawc6sSHRTURZi-b8lWc4zI,豊源 西予店,その他の飲食店,あり,西予市,〒797-0018 愛媛県西予市宇和町下松葉５１３,,0894-62-5118,,3.04,9,https://tabelog.com/ehime/A3804/A380402/38013557/,,,,ラーメン,,,,,,33.3728019,132.5054591
g-ChIJB1xOAEmGRTURzYQGRdTcaFQ,野福,その他の飲食店,あり,西予市,〒797-0018 愛媛県西予市宇和町下松葉３５３−１,,0894-62-6011,nofuku.seiyo,3.09,6,https://tabelog.com/ehime/A3804/A380402/38013880/,,,,ちゃんぽん,,,,,,33.375492799999996,132.5044797
g-ChIJTf5Hhr-ATzUReSwFLomSHrc,Bar&Cafe Roy's,その他の飲食店,あり,大洲市,〒795-0064 愛媛県大洲市東大洲１３４０−１,,0893-25-6005,roysoozu56,3.12,34,https://tabelog.com/ehime/A3803/A380301/38008119/,,,,ラーメン,,,,,,33.5306482,132.569744
g-ChIJLSf1Nvh_RTURzmSNhROAReQ,CO-CO,その他の飲食店,あり,大洲市,〒795-0001 愛媛県大洲市北只５８９−１５,,0893-24-5927,,,1,https://tabelog.com/ehime/A3803/A380301/38004495/,,,,ラーメン,,,,,,33.487787,132.542217
g-ChIJ8fJHP3t8RTUR5hgZ37NXhzw,あさちゃん,その他の飲食店,あり,大洲市,〒799-3401 愛媛県大洲市長浜５８９−１,,0893-52-0395,,3.09,19,https://tabelog.com/ehime/A3803/A380301/38011941/,,,,ラーメン,,,,,,33.615987,132.4813663
g-ChIJjz4juI2ATzUR-dS4F65rbTQ,シャトル,その他の飲食店,あり,大洲市,〒795-0064 愛媛県大洲市東大洲８４７−１,,0893-25-5906,shuttle.ozu,3.06,8,https://tabelog.com/ehime/A3803/A380301/38003029/,,,,ラーメン,,,,,,33.519592599999996,132.56698989999998
g-ChIJ-xcm1JaATzURoXWDpOA4-Xk,じょうもん,その他の飲食店,あり,大洲市,〒795-0065 愛媛県大洲市東若宮２−１０,,0893-59-4533,,3.13,11,https://tabelog.com/ehime/A3803/A380301/38012055/,,,,ラーメン,,,,,,33.5276984,132.5634213
g-ChIJre8lOYCATzURpP3hO2RCcVQ,たけちゃん,その他の飲食店,あり,大洲市,〒795-0064 愛媛県大洲市東大洲９６−１,,0893-24-6338,,3,2,https://tabelog.com/ehime/A3803/A380301/38010133/,,,,ラーメン,,,,,,33.519982899999995,132.5520766
g-ChIJOcyey9x_RTURrtzD4WcNJdo,つぼね,その他の飲食店,あり,大洲市,〒795-0012 愛媛県大洲市大洲８７４−２,,0893-24-7050,,,1,https://tabelog.com/ehime/A3803/A380301/38017379/,,,,ラーメン,,,,,,33.507818,132.541325
g-ChIJY3KJ6w-BTzURfCoSgJJclxg,なな,その他の飲食店,あり,大洲市,〒795-0063 愛媛県大洲市田口３９０−５,,0893-24-0770,,3.03,3,https://tabelog.com/ehime/A3803/A380301/38003495/,,,,ラーメン,,,,,,33.519626699999996,132.5511463
g-ChIJs50038CATzURc-vqlga9y0o,めん六や 愛媛大洲店,その他の飲食店,あり,大洲市,〒795-0064 愛媛県大洲市東大洲１７１９−１,,070-1455-6798,,,1,https://tabelog.com/ehime/A3803/A380301/38012132/,81.92,1,https://ramendb.supleks.jp/s/132809.html,,,,,,,33.531652,132.5729852
g-ChIJc6qCeNx_RTURpZXiWndEioY,ルーム千秋,その他の飲食店,あり,大洲市,〒795-0012 愛媛県大洲市大洲９−７,,0893-24-2184,,,,,,,,ラーメン,,,,,,33.5080302,132.54404499999998
g-ChIJ972jOdV_RTURouawuvSaIDE,葵 Aoi,その他の飲食店,あり,大洲市,〒795-0052 愛媛県大洲市若宮６６３−１,,0893-23-0123,,3.2,15,https://tabelog.com/ehime/A3803/A380301/38006869/,,,,ラーメン,,,,,,33.5188062,132.5495157
g-ChIJ25lTlsR_RTURjKK_XlKvKXE,屋台よもだ,その他の飲食店,あり,大洲市,〒795-0063 愛媛県大洲市田口２５−８,,,,,,,,,,ラーメン,,,,,,33.5165708,132.5477039
g-ChIJHbNnv9h_RTURj9DN6HYzN54,臥龍茶屋,その他の飲食店,あり,大洲市,〒795-0012 愛媛県大洲市大洲３９８−６,,0893-24-6663,,3.05,11,https://tabelog.com/ehime/A3803/A380301/38001189/,,,,ラーメン,,,,,,33.50658,132.549761
g-ChIJK89_Ovt_RTURRrNpCNC6I7A,五志喜めんそーれ,その他の飲食店,あり,大洲市,〒795-0001 愛媛県大洲市北只１４０−５,,0893-24-6925,goshiki.mensore,3.16,12,https://tabelog.com/ehime/A3803/A380301/38003219/,82.82,1,https://ramendb.supleks.jp/s/142238.html,,,,,,,33.4935556,132.5443106
g-ChIJp8HxPZaATzURqVsyL66zPZ4,山善,その他の飲食店,あり,大洲市,〒795-0065 愛媛県大洲市東若宮８−２２,,0893-25-6713,,3,2,https://tabelog.com/ehime/A3803/A380301/38003373/,,,,ラーメン,,,,,,33.5307487,132.5643933
g-ChIJf1IRzB19RTURrmxLEL5-DSY,泉屋,その他の飲食店,あり,大洲市,〒795-0041 愛媛県大洲市八多喜町甲５８,,0893-26-0209,,,0,https://tabelog.com/ehime/A3803/A380301/38015451/,,,,ラーメン,,,,,,33.5631589,132.54256709999999
g-ChIJjY8jXNl_RTURhiY2z6hQALA,大洲炉端 油屋,その他の飲食店,あり,大洲市,〒795-0012 愛媛県大洲市大洲４２,,0893-23-9860,aburaya.ehime,3.46,199,https://tabelog.com/ehime/A3803/A380301/38008680/,,,https://ramendb.supleks.jp/s/144051.html,ラーメン,,,,,,33.5079753,132.5464963
g-ChIJU4Ix-vx_RTURN0bNicQ8ssM,茶寮 平野屋,その他の飲食店,あり,大洲市,〒795-0012 愛媛県大洲市大洲３９４−１,,090-3788-4508,saryou_hiranoya,3.08,14,https://tabelog.com/ehime/A3803/A380301/38014070/,,,,ラーメン,,,,,,33.506828399999996,132.5489835
g-ChIJbccUuuR_RTURw4Fu5SVIZDE,熱烈タンタン麺一番亭 大洲店,その他の飲食店,あり,大洲市,〒795-0001 愛媛県大洲市北只１６０−５,,0893-59-1773,,3.08,32,https://tabelog.com/ehime/A3803/A380301/38000160/,,,,担々麺｜ラーメン,胡麻｜鶏｜味噌｜豚骨,細麺｜中太麺,濃厚｜辛い,,,33.4943587,132.54521649999998
g-ChIJLVis1NB_RTURnrnawDeISOk,美ゆき 大洲店,その他の飲食店,あり,大洲市,〒795-0054 愛媛県大洲市中村６１８−８,,0893-24-3308,miyukiozu3308,3.39,82,https://tabelog.com/ehime/A3803/A380301/38004441/,,,,ラーメン,,,,,,33.5138625,132.5460914
g-ChIJZ7-_h8CATzURiSfJtjhoHsU,風人月下 東大洲店,その他の飲食店,あり,大洲市,〒795-0064 愛媛県大洲市東大洲１４９０−３,,0893-57-6262,toyokaihatsu,3.08,17,https://tabelog.com/ehime/A3803/A380301/38009559/,,,,ラーメン,,,,,,33.5310644,132.5710157
g-ChIJQV6cfmR_RTURlIBi2ro5QX0,分油屋,その他の飲食店,あり,大洲市,〒795-0012 愛媛県大洲市大洲６４９−１ 2F,,0893-57-9300,,3.13,27,https://tabelog.com/ehime/A3803/A380301/38011908/,,,,ラーメン,,,,,,33.5065909,132.5467085
g-ChIJIRdBh5F_RTURoR0oh5ZGGAk,穂の里,その他の飲食店,あり,大洲市,〒795-0013 愛媛県大洲市西大洲９４２−５,,,honosatoozu,3.07,13,https://tabelog.com/ehime/A3803/A380301/38004462/,,,https://ramendb.supleks.jp/s/160352.html,ラーメン,,,,,,33.50369,132.526374
g-ChIJaVa_7ex_RTUR_uxlzR2G06E,葉月,その他の飲食店,あり,大洲市,〒795-0012 愛媛県大洲市大洲２０１,,0893-37-4773,,3.02,1,https://tabelog.com/ehime/A3803/A380301/38016860/,,,,ラーメン,,,,,,33.5078861,132.5430008
g-ChIJDSL5QvvrTzURn_ij_qI9uFQ,KIZOKU(キゾク),その他の飲食店,あり,砥部町,〒791-2132 愛媛県伊予郡砥部町大南１８５,,089-962-4787,jrkizoku,3.09,13,https://tabelog.com/ehime/A3801/A380103/38005648/,,,,ラーメン,,,,,,33.739884599999996,132.7944191
g-ChIJOXEST0zpTzURKGnLY4T8IT8,かくれんぼ,その他の飲食店,あり,砥部町,〒791-2120 愛媛県伊予郡砥部町宮内８１−３,,089-962-7891,,3.03,2,https://tabelog.com/ehime/A3801/A380103/38005496/,,,,ラーメン,,,,,,33.7593939,132.7890255
g-ChIJ8Zo6GU3pTzURTGymHCssUrY,なかまる,その他の飲食店,あり,砥部町,〒791-2123 愛媛県伊予郡砥部町川井８６８−１,,,,3.17,31,https://tabelog.com/ehime/A3801/A380103/38006297/,,,,ラーメン,,,,,,33.7592029,132.7872644
g-ChIJwUbQ5CzpTzURCwlsVnyQIc0,蔵グルメあこう,その他の飲食店,あり,砥部町,〒791-2114 愛媛県伊予郡砥部町麻生２７５−１,,089-905-1560,kura_gourmet_ako,3.07,32,https://tabelog.com/ehime/A3801/A380103/38001305/,,,,,,,,,,33.7781989,132.7875886
g-ChIJq6quRkjpTzURngn2S4FUNz4,展望レストラン SKY GARDEN,その他の飲食店,あり,砥部町,〒791-2117 愛媛県伊予郡砥部町上原町２４０,,089-962-2922,tobezoo.official,3.09,32,https://tabelog.com/ehime/A3801/A380103/38005830/,,,,,,,,,,33.762212399999996,132.7940391
g-ChIJLwKxFy3pTzURs6uMT2tW0Qo,変幻自在 かめりあ,その他の飲食店,あり,砥部町,〒791-2114 愛媛県伊予郡砥部町麻生264−１,,089-905-0141,,3.15,11,https://tabelog.com/ehime/A3801/A380103/38011456/,,,,ラーメン,,,,,,33.776918,132.7870543
g-ChIJ_z3kE1bpTzURxx2cldxQ3VQ,和酔食菜ｋｅｎ,その他の飲食店,あり,砥部町,〒791-2122 愛媛県伊予郡砥部町千足７４,,089-962-3377,,3.09,12,https://tabelog.com/ehime/A3801/A380103/38006827/,82.85,1,https://ramendb.supleks.jp/s/103744.html,ラーメン,,,,,,33.7473093,132.7915238
g-ChIJ9VhNV4TdTzURWNFKgjkYjG0,cafe ナナハン 750,その他の飲食店,あり,東温市,〒791-0303 愛媛県東温市北方２５５７−２,,090-3843-1750,caf_e750,3.02,1,https://tabelog.com/ehime/A3801/A380102/38016652/,,,,ラーメン,,,,,,33.8061947,132.9028147
g-ChIJJUF54h_dTzURo-bLCIVf5x4,Okinawa🏝Kitchen美ら島160 オキナワキッチンチュラシマヒャクロクジュウ,その他の飲食店,あり,東温市,〒791-0206 愛媛県東温市志津川南４丁目8−１０,,089-955-5002,churashima160,3.33,32,https://tabelog.com/ehime/A3801/A380102/38014471/,,,,ラーメン,,,,,,33.7990384,132.8752187
rdb-143910,OkinawaKitchen 美ら島160,その他の飲食店,不明,東温市,愛媛県東温市志津川南4-8-10,,089-955-5002,,3.17,16,https://tabelog.com/ehime/A3801/A380102/38014471/,83.06,1,https://ramendb.supleks.jp/s/143910.html,,,,,,,33.799416,132.874969
g-ChIJp4WNzEfdTzURtvTV4guVe08,いしづち山麓マルシェ,その他の飲食店,あり,東温市,〒791-0211 愛媛県東温市見奈良１１２５,,089-990-7110,i.marche0428,3.03,4,https://tabelog.com/ehime/A3801/A380102/38009809/,,,,ラーメン,,,,,,33.790706199999995,132.8808544
g-ChIJrV-dWXXoTzURDMEHtBf5wY8,いろは,その他の飲食店,あり,東温市,〒791-0213 愛媛県東温市牛渕１９８０,,089-964-5055,,3.02,5,https://tabelog.com/ehime/A3801/A380102/38003707/,,,https://ramendb.supleks.jp/s/61813.html,,,,,,,33.796963999999996,132.84353439999998
g-ChIJpbjaFcPdTzURc1k93X0u2zs,ぎんなん,その他の飲食店,あり,東温市,〒791-0203 愛媛県東温市横河原,,089-964-2424,ginnan.syowa,3.04,4,https://tabelog.com/ehime/A3801/A380102/38005287/,,,,ラーメン,,,,,,33.8041815,132.8866359
g-ChIJOfi56_HcTzURaLCqMzXMZ6E,そば 町谷,その他の飲食店,あり,東温市,〒791-0311 愛媛県東温市則之内甲２８００−５,,089-966-2606,,3.08,20,https://tabelog.com/ehime/A3801/A380102/38003503/,,,,ラーメン,,,,,,33.794807999999996,132.919275
g-ChIJ5TMwW3roTzURMlKjLd4vaiw,どんと 重信店,その他の飲食店,あり,東温市,〒791-0216 愛媛県東温市野田３丁目１−３,,089-964-4163,,3.03,25,https://tabelog.com/ehime/A3801/A380102/38003651/,,,,ラーメン,,,,,,33.7954742,132.8328647
g-ChIJByLI6groTzURULMbXSQDQ2E,にしきそば,その他の飲食店,あり,東温市,〒791-0213 愛媛県東温市牛渕１０５３−５,,089-964-6981,nishikisoba31,3.34,60,https://tabelog.com/ehime/A3801/A380102/38001291/,,,,ラーメン,,,,,,33.795161799999995,132.8456539
g-ChIJpQZ4EuPcTzURRMgd5bz192Y,フィレンツェ,その他の飲食店,あり,東温市,〒791-0301 愛媛県東温市南方７７４,,089-966-3210,trattoria_firenze,3.27,47,https://tabelog.com/ehime/A3801/A380102/38010167/,,,,ラーメン,,,,,,33.7960176,132.9061533
g-ChIJn1_11vfcTzURgFtV2DVQ8VM,ふるさと交流館 さくらの湯,その他の飲食店,あり,東温市,〒791-0303 愛媛県東温市北方甲2081-1,,089-960-6511,sakuranoyu.toon,3.15,14,https://tabelog.com/ehime/A3801/A380102/38009376/,,,,ラーメン,,,,,,33.803075,132.9145113
g-ChIJ2zAT83voTzURPjbCvRSelD0,ペッティロッソ,その他の飲食店,あり,東温市,〒791-0215 愛媛県東温市北野田５８２−６,,089-948-8448,,3.63,50,https://tabelog.com/ehime/A3801/A380102/38009497/,,,,ラーメン,,,,,,33.795549099999995,132.8302765
g-ChIJVbhpskzdTzURbFZAjtPvEWE,マニフィーク,その他の飲食店,あり,東温市,〒791-0222 愛媛県東温市下林甲１０７３−１１,,089-964-9195,magnifique_mayumi,3.22,19,https://tabelog.com/ehime/A3801/A380102/38011349/,,,,ラーメン,,,,,,33.7827366,132.87770749999999
g-ChIJwY3ErGrdTzURiVE8I7TQLp8,やすまるキッチン,その他の飲食店,あり,東温市,〒791-0203 愛媛県東温市横河原３６６ サービス棟,,089-964-5050,,3.01,1,https://tabelog.com/ehime/A3801/A380102/38013609/,,,,ラーメン,,,,,,33.7982131,132.8821554
g-ChIJAypVZwroTzURhnW_xdJwOxE,ロカンダ デルクオーレ,その他の飲食店,あり,東温市,〒791-0213 愛媛県東温市牛渕１０２５−１,,089-955-1788,,3.17,21,https://tabelog.com/ehime/A3801/A380102/38003209/,,,,ラーメン,,,,,,33.7944876,132.84701139999999
g-ChIJNzHA1fjnTzURzcDfVmfOPVE,一汁三菜五感,その他の飲食店,あり,東温市,〒791-0212 愛媛県東温市田窪１７４４,,089-964-5525,gokan.ichijusansai,3.24,27,https://tabelog.com/ehime/A3801/A380102/38011431/,,,,ラーメン,,,,,,33.7943226,132.861434
g-ChIJZ3_Am3DoTzURQ-781qrN08k,一心,その他の飲食店,あり,東温市,〒791-0216 愛媛県東温市野田３丁目４−９,,089-964-5587,,,,,,,,ラーメン,,,,,,33.794883399999996,132.8349494
g-ChIJb_KLBxPdTzUR2E0UvrBez3Y,吾平,その他の飲食店,あり,東温市,〒791-0203 愛媛県東温市横河原１３３１−３,,089-964-2077,,3.02,1,https://tabelog.com/ehime/A3801/A380102/38004019/,,,,ラーメン,,,,,,33.8037567,132.8856915
g-ChIJNWMgFODnTzURebU2I7AzLCE,旬彩武,その他の飲食店,あり,東温市,〒791-0213 愛媛県東温市牛渕１９５８,,089-955-1557,,3.2,11,https://tabelog.com/ehime/A3801/A380102/38003242/,,,,ラーメン,,,,,,33.797178100000004,132.8455237
g-ChIJY3wUMi_nTzURkWHRUj5BTUk,笑夢,その他の飲食店,あり,東温市,〒791-0213 愛媛県東温市牛渕１９４１,,090-4422-0530,emu05.01,3.04,2,https://tabelog.com/ehime/A3801/A380102/38016140/,,,,ラーメン,,,,,,33.7971455,132.846044
g-ChIJL-6gbG2PTzURf4BRr13s4aI,atochi,その他の飲食店,あり,内子町,〒791-3331 愛媛県喜多郡内子町立山５４３１,,,atochi2019,,4,https://tabelog.com/ehime/A3803/A380303/38015966/,,,,ラーメン,,,,,,33.596798199999995,132.6757943
g-ChIJ_0wGZ7-FTzURRdysqhUb1Wo,IZAKAYAにこり,その他の飲食店,あり,内子町,〒791-3301 愛媛県喜多郡内子町内子１１４８−１,,0893-57-9741,,,2,https://tabelog.com/ehime/A3803/A380303/38012686/,,,,ラーメン,,,,,,33.547826,132.6497315
g-ChIJdSByrNyWTzUR8hArGHbops8,かじか亭,その他の飲食店,あり,内子町,〒791-3502 愛媛県喜多郡内子町寺村２５１−１,,0892-52-2090,,3.17,40,https://tabelog.com/ehime/A3803/A380303/38006046/,,,,ラーメン,,,,,,33.5682914,132.8007782
g-ChIJc5LM1raFTzURUK4rWlsxbLQ,でんじろう,その他の飲食店,あり,内子町,〒791-3301 愛媛県喜多郡内子町内子２６３３,,090-6662-5688,,3.08,17,https://tabelog.com/ehime/A3803/A380303/38011619/,,,,ラーメン,,,,,,33.555507299999995,132.6534101
g-ChIJk3bBYrSFTzURBYnzdYArzUQ,やきとり 一膳,その他の飲食店,あり,内子町,〒791-3301 愛媛県喜多郡内子町内子１７８５,,0893-44-5241,,3.04,4,https://tabelog.com/ehime/A3803/A380303/38001823/,,,,ラーメン,,,,,,33.551401999999996,132.653123
g-ChIJYXQKT7GFTzURJCgrN73z5NY,りんすけ,その他の飲食店,あり,内子町,〒791-3301 愛媛県喜多郡内子町内子２０２７,,0893-44-2816,,3.42,118,https://tabelog.com/ehime/A3803/A380303/38000287/,,,,ラーメン,,,,,,33.551595,132.651548
g-ChIJBcdlA0uETzUR-yvFdvobPJk,鼓次郎,その他の飲食店,あり,内子町,〒791-3301 愛媛県喜多郡喜多郡内子町内子１４５５,,080-9056-7245,,3.02,1,https://tabelog.com/ehime/A3803/A380303/38015430/,,,,ラーメン,,,,,,33.5479894,132.651386
g-ChIJz48tOrWFTzURh3PN93rrVuo,石焼ビビンバ・しゃぶしゃぶ「がっちゃん家」,その他の飲食店,あり,内子町,〒791-3301 愛媛県喜多郡内子町内子２０５２,,0893-44-5411,,3.07,15,https://tabelog.com/ehime/A3803/A380303/38007950/,,,,ラーメン,,,,,,33.55083330000001,132.6505556
g-ChIJ5YIhAbSFTzURsWXL8oaal_k,米屋（よねや）,その他の飲食店,あり,内子町,〒791-3301 愛媛県喜多郡内子町内子１９７０,,0893-44-6788,,3.2,18,https://tabelog.com/ehime/A3803/A380303/38011447/,,,,ラーメン,,,,,,33.5531479,132.6536625
g-ChIJdZ51QzWETzURxSM9AOlsD6Y,味平,その他の飲食店,あり,内子町,〒791-3301 愛媛県喜多郡内子町内子１０３７,,0893-43-1047,,3.01,1,https://tabelog.com/ehime/A3803/A380303/38004171/,,,,ラーメン,,,,,,33.550211,132.648179
g-ChIJx_zDDbSFTzURfJOaIFCSmXQ,洋食マザー,その他の飲食店,あり,内子町,〒791-3301 愛媛県喜多郡内子町内子１７２１,,0893-44-5717,,3.31,28,https://tabelog.com/ehime/A3803/A380303/38004616/,,,,ラーメン,,,,,,33.552839,132.6535992
g-ChIJv-UHJ36DRTUROZIHocIpkzY,petit bonheur,その他の飲食店,あり,八幡浜市,〒796-0031 愛媛県八幡浜市江戸岡１丁目９−１２,,0894-21-4146,petit.bonheur_kometani,3.08,13,https://tabelog.com/ehime/A3803/A380302/38013528/,,,,ラーメン,,,,,,33.458115899999996,132.43544
g-ChIJyxr2GHuDRTURzi4H9VVlr08,いの,その他の飲食店,あり,八幡浜市,〒796-0026 愛媛県八幡浜市矢野町２丁目１０９２,,0894-22-2887,,3.03,10,https://tabelog.com/ehime/A3803/A380302/38005380/,,,,ラーメン,,,,,,33.4583024,132.4300614
g-ChIJcUDgiUmDRTURjsnFqAkKnIA,ジョイフル 愛媛保内店,その他の飲食店,あり,八幡浜市,〒796-0202 愛媛県八幡浜市保内町宮内２耕１２１−１,,0894-29-4171,joyfull_info,3.01,6,https://tabelog.com/ehime/A3803/A380302/38008772/,,,,ラーメン,,,,,,33.4872235,132.3980646
g-ChIJ20JRXYOERTURCJJ-a6f6Nls,デリー,その他の飲食店,あり,八幡浜市,〒796-0026 愛媛県八幡浜市矢野町７丁目１４１３−１ 銀座7,,0894-24-5888,,3.04,6,https://tabelog.com/ehime/A3803/A380302/38005381/,,,,ラーメン,,,,,,33.457765,132.42455719999998
g-ChIJkxAYp52ERTURKgVhE4ns7Fg,どんと 北浜店,その他の飲食店,あり,八幡浜市,〒796-0048 愛媛県八幡浜市北浜１丁目４−３３,,0894-24-5507,,3.02,14,https://tabelog.com/ehime/A3803/A380302/38010185/,,,,ラーメン,,,,,,33.4616744,132.42117439999998
g-ChIJS13HuAqFRTURC43Xj8Gf5-Y,フードコート アゴラマルシェ,その他の飲食店,あり,八幡浜市,〒796-0087 愛媛県八幡浜市沖新田１５８１−２３,,0894-35-6565,agoramarche,3.37,111,https://tabelog.com/ehime/A3803/A380302/38009539/,83.42,2,https://ramendb.supleks.jp/s/100071.html,ラーメン,,,,,,33.4583677,132.41867829999998
g-ChIJd6zNqISERTUR3l_v2x3_eI0,みなと,その他の飲食店,あり,八幡浜市,〒796-0026 愛媛県八幡浜市矢野町７丁目１４,,0894-22-2377,,3.06,12,https://tabelog.com/ehime/A3803/A380302/38005200/,,,,ラーメン,,,,,,33.4574658,132.4244671
g-ChIJn4QVlE6DRTURQbnvz6bDaEw,やぐら,その他の飲食店,あり,八幡浜市,〒796-0202 愛媛県八幡浜市保内町宮内１−３４３−１,,0894-37-2181,,3.01,3,https://tabelog.com/ehime/A3803/A380302/38000455/,,,,ラーメン,,,,,,33.4847526,132.3997336
g-ChIJW-GjLoOERTURaaVn5ycl3Z4,一心,その他の飲食店,あり,八幡浜市,〒796-0064 愛媛県八幡浜市船場通２６０−２,,0894-22-1718,,3.05,11,https://tabelog.com/ehime/A3803/A380302/38001577/,,,,ラーメン,,,,,,33.4596812,132.4245218
g-ChIJ2ZU8aYOERTUR_MrIpT3vNLs,火の鳥,その他の飲食店,あり,八幡浜市,〒796-0067 愛媛県八幡浜市中央１５８,,0894-22-4223,,3.03,4,https://tabelog.com/ehime/A3803/A380302/38005927/,,,,ラーメン,,,,,,33.4580049,132.4248829
g-ChIJ-57B58iFRTUR9jVmu74AqNQ,海乃幸 騎虎,その他の飲食店,あり,八幡浜市,〒796-0085 愛媛県八幡浜市天神通り２丁目１５８２−３,,0894-27-9699,,3.14,11,https://tabelog.com/ehime/A3803/A380302/38016118/,,,,ラーメン,,,,,,33.459120399999996,132.4196177
g-ChIJSZt5dwCFRTURX3EMZkDBfog,楽酒みなみ,その他の飲食店,あり,八幡浜市,〒796-0035 愛媛県八幡浜市須崎２丁目14−３ 丸ニビル 103,,0894-35-9775,makanaityubou.yotchattei,,,,,,,ラーメン,,,,,,33.4573207,132.42591149999998
g-ChIJ99-Y04KERTURQ-iwOd93oxk,割烹 たる源,その他の飲食店,あり,八幡浜市,〒796-0075 愛媛県八幡浜市仲之町３９０,,0894-24-0458,,3.05,6,https://tabelog.com/ehime/A3803/A380302/38005330/,,,,ラーメン,,,,,,33.4603483,132.4234875
g-ChIJyxr2GHuDRTURrOu-8a7XMk4,丸山,その他の飲食店,あり,八幡浜市,〒796-0069 愛媛県八幡浜市下道２丁目３７１−９,,0894-22-0984,,3.41,154,https://tabelog.com/ehime/A3803/A380302/38001149/,,,,ラーメン,,,,,,33.459198,132.423842
g-ChIJhQtPRn2DRTURmdOv9W6yW3Q,暁,その他の飲食店,あり,八幡浜市,〒796-0088 愛媛県八幡浜市旧港４２３−１,,0894-22-0157,akinari_kinuwa,3.03,5,https://tabelog.com/ehime/A3803/A380302/38005668/,,,,ラーメン,,,,,,33.4622136,132.4236455
g-ChIJOTMiUE-DRTURkQCim0OaEQE,串呑家 坊主,その他の飲食店,あり,八幡浜市,〒796-0202 愛媛県八幡浜市保内町宮内１−３０７,,0894-36-0669,,,,,,,,ラーメン,,,,,,33.4842259,132.4030477
g-ChIJ85CWs4CERTURrM2HXgRI9ng,三代目長山精肉店,その他の飲食店,あり,八幡浜市,〒796-8004 愛媛県八幡浜市産業通１１−２０３−１,,0894-35-6910,,3.06,13,https://tabelog.com/ehime/A3803/A380302/38007404/,,,,ラーメン,,,,,,33.4542157,132.4322996
g-ChIJLZIdI0-DRTURPdPHpKYKD6s,焼き鶏 奏【かなで】,その他の飲食店,あり,八幡浜市,〒796-0202 愛媛県八幡浜市保内町宮内１−３２３−１,,0894-37-3933,yakitorikanade,3.02,2,https://tabelog.com/ehime/A3803/A380302/38007102/,,,,ラーメン,,,,,,33.484299,132.401722
g-ChIJsRCJmIOERTURmbcxXk3pIT8,焼き上手,その他の飲食店,あり,八幡浜市,〒796-0026 愛媛県八幡浜市42５丁目３,,0894-24-2556,,3.03,4,https://tabelog.com/ehime/A3803/A380302/38003499/,,,,ラーメン,,,,,,33.4576068,132.42657219999998
g-ChIJtYIZ_pyERTUR8uJah0qjZso,地鶏のごちそう｡［ﾃｲｸｱｳﾄ］,その他の飲食店,あり,八幡浜市,〒796-0083 愛媛県八幡浜市北浜３丁目1590–18,,0894-21-1777,,3.04,4,https://tabelog.com/ehime/A3803/A380302/38010762/,,,https://ramendb.supleks.jp/s/118124.html,ラーメン,,,,,,33.4610185,132.42109159999998
g-ChIJR9rK1_iDRTURoWuwD7qgSQY,定食屋 新,その他の飲食店,あり,八幡浜市,〒796-0202 愛媛県八幡浜市保内町宮内１−２７６−１ ローズ 館1A,,090-1177-9093,teisyokuya_shin,3.02,1,https://tabelog.com/ehime/A3803/A380302/38016921/,,,,ラーメン,,,,,,33.4834675,132.4017317
g-ChIJVVWVzoCERTURW3eliVDeQ18,酉屋 りょう吉 八幡浜店,その他の飲食店,あり,八幡浜市,〒796-0071 愛媛県八幡浜市新町１丁目1440―6,,050-5486-9624,toriya_ryokichi___,3,2,https://tabelog.com/ehime/A3803/A380302/38011104/,,,,ラーメン,,,,,,33.4579587,132.4242884
g-ChIJNWeueYOERTURmsctYOdCEc4,美味しんぼ 花,その他の飲食店,あり,八幡浜市,〒796-0026 愛媛県八幡浜市矢野町５丁目38−６,,0894-24-3909,,,0,https://tabelog.com/ehime/A3803/A380302/38015107/,,,,ラーメン,,,,,,33.457647,132.4261857
g-ChIJ44FYa06DRTURwPb_sYNeWRs,武蔵,その他の飲食店,あり,八幡浜市,〒796-0202 愛媛県八幡浜市保内町宮内１−１６０−５,,0894-37-2552,,3.02,5,https://tabelog.com/ehime/A3803/A380302/38009842/,,,,ラーメン,,,,,,33.4827481,132.3996382
g-ChIJzbs659yDRTURJ9uWA0beuiQ,平家谷そうめん流し,その他の飲食店,あり,八幡浜市,〒796-0202 愛媛県八幡浜市保内町宮内８−２６４−２,,0894-36-2414,,3.08,27,https://tabelog.com/ehime/A3803/A380302/38004625/,,,,ラーメン,,,,,,33.520265,132.3984658
g-ChIJ____rIKERTURH-yySt9eGKs,北浜大島屋,その他の飲食店,あり,八幡浜市,〒796-0072 愛媛県八幡浜市港町４１８,,050-5487-2059,,3.06,12,https://tabelog.com/ehime/A3803/A380302/38005309/,,,,ラーメン,,,,,,33.4616453,132.42353409999998
g-ChIJ99-Y04KERTUREYJnDXCe2uM,味な店 秩父,その他の飲食店,あり,八幡浜市,〒796-0075 愛媛県八幡浜市仲之町３９３−３,,0894-22-2136,,3.01,4,https://tabelog.com/ehime/A3803/A380302/38005329/,,,,ラーメン,,,,,,33.4605843,132.4234478
g-ChIJO-JKRU-DRTURmnPIoo4sQxU,味和居Dining 敬,その他の飲食店,あり,八幡浜市,〒796-0202 愛媛県八幡浜市保内町宮内２−８９−１,,0894-36-0390,,3,1,https://tabelog.com/ehime/A3803/A380302/38012383/,,,,ラーメン,,,,,,33.486945,132.3982797
g-ChIJOWUkpYKERTURrPSygDScfOE,民宿 愛花亭,その他の飲食店,あり,八幡浜市,〒796-0071 愛媛県八幡浜市新町５丁目３０４−２,,0894-24-2022,,3.05,8,https://tabelog.com/ehime/A3803/A380302/38005222/,,,,ラーメン,,,,,,33.461343299999996,132.4243897
g-ChIJbUYCfkaDRTURUG8O7zIoLF4,矢磨樹保内店,その他の飲食店,あり,八幡浜市,〒796-0111 愛媛県八幡浜市保内町喜木１−７３ 神越,,0894-36-2856,,3.11,18,https://tabelog.com/ehime/A3803/A380302/38001385/,,,,ラーメン,,,,,,33.4832684,132.4060347
